{
"type": "FeatureCollection",
"name": "adm1",
"crs": { "type": "name", "properties": { "name": "urn:ogc:def:crs:OGC:1.3:CRS84" } },
"features": [
{ "type": "Feature", "properties": { "region": "Boucle Du Mouhoun", "id_adm": 1.0 }, "geometry": { "type": "MultiPolygon", "coordinates": [ [ [ [ -3.9855094, 11.9274416 ], [ -3.9876804, 11.924613 ], [ -3.987669, 11.9180021 ], [ -3.9860585, 11.9143372 ], [ -3.9817421, 11.9114065 ], [ -3.9800467, 11.9082489 ], [ -3.9776688, 11.9062567 ], [ -3.9763994, 11.9033241 ], [ -3.9735699, 11.894187 ], [ -3.9731336, 11.8906422 ], [ -3.9704125, 11.8850565 ], [ -3.9688361, 11.8833275 ], [ -3.9630098, 11.8797741 ], [ -3.9632192, 11.875618 ], [ -3.9596426, 11.863863 ], [ -3.9588094, 11.8621101 ], [ -3.9545865, 11.8614511 ], [ -3.9504075, 11.8637295 ], [ -3.9465451, 11.8680792 ], [ -3.9428489, 11.8684607 ], [ -3.9372001, 11.8725157 ], [ -3.9322317, 11.8724995 ], [ -3.928793, 11.8714914 ], [ -3.9255726, 11.8722792 ], [ -3.9223337, 11.8692379 ], [ -3.9198153, 11.8699579 ], [ -3.9160364, 11.8655062 ], [ -3.9143186, 11.8609648 ], [ -3.9152541, 11.8526001 ], [ -3.9180498, 11.8461437 ], [ -3.9210272, 11.8420858 ], [ -3.9206057, 11.8379545 ], [ -3.916609, 11.8358326 ], [ -3.9116409, 11.835022 ], [ -3.9072666, 11.8321009 ], [ -3.8987763, 11.8316317 ], [ -3.8957343, 11.8318625 ], [ -3.8928053, 11.8304777 ], [ -3.8867388, 11.8292322 ], [ -3.8794756, 11.8264818 ], [ -3.874887, 11.8239222 ], [ -3.8701951, 11.8076563 ], [ -3.8699589, 11.8040209 ], [ -3.8729389, 11.8000994 ], [ -3.8732409, 11.7985735 ], [ -3.8704538, 11.7944632 ], [ -3.866178, 11.7909756 ], [ -3.8659904, 11.7881641 ], [ -3.8627872, 11.7843838 ], [ -3.8570876, 11.7817907 ], [ -3.8555453, 11.7800188 ], [ -3.8516111, 11.7778902 ], [ -3.8500385, 11.7729511 ], [ -3.8500626, 11.7687988 ], [ -3.8484194, 11.76301 ], [ -3.849561, 11.7612391 ], [ -3.8498671, 11.7571297 ], [ -3.85167, 11.7549515 ], [ -3.8212585, 11.7479925 ], [ -3.8141384, 11.7466307 ], [ -3.8048489, 11.7461796 ], [ -3.7985923, 11.7417984 ], [ -3.7940743, 11.7405739 ], [ -3.7925999, 11.7363968 ], [ -3.7890773, 11.733037 ], [ -3.7841444, 11.7321863 ], [ -3.7792425, 11.7303686 ], [ -3.7722242, 11.7308874 ], [ -3.7669384, 11.7342415 ], [ -3.7562191, 11.7347698 ], [ -3.7527673, 11.7328367 ], [ -3.7418094, 11.7302303 ], [ -3.7355351, 11.7246933 ], [ -3.7335157, 11.7248278 ], [ -3.7285614, 11.7310848 ], [ -3.7234023, 11.7334681 ], [ -3.7207389, 11.7366915 ], [ -3.7188883, 11.7409182 ], [ -3.7159998, 11.7446985 ], [ -3.7107978, 11.7473135 ], [ -3.7081945, 11.7513657 ], [ -3.7018969, 11.7557507 ], [ -3.6957545, 11.7610559 ], [ -3.6923335, 11.769887 ], [ -3.6880867, 11.7733507 ], [ -3.6864717, 11.7777119 ], [ -3.6838133, 11.7803173 ], [ -3.6826539, 11.7794342 ], [ -3.6628833, 11.7723122 ], [ -3.6580832, 11.7703238 ], [ -3.6476643, 11.7687855 ], [ -3.6385138, 11.7667065 ], [ -3.6308985, 11.7655659 ], [ -3.6226661, 11.7653399 ], [ -3.6095164, 11.7655678 ], [ -3.5952559, 11.7666178 ], [ -3.5897448, 11.7688437 ], [ -3.5853877, 11.7720995 ], [ -3.5834839, 11.7727051 ], [ -3.5785968, 11.7705278 ], [ -3.575006, 11.772747 ], [ -3.5721698, 11.7722206 ], [ -3.5695539, 11.7682896 ], [ -3.5688438, 11.764884 ], [ -3.5671597, 11.7620478 ], [ -3.5610619, 11.7585354 ], [ -3.5579131, 11.7548895 ], [ -3.5520976, 11.7514191 ], [ -3.5498796, 11.7473907 ], [ -3.5451167, 11.7482891 ], [ -3.5423672, 11.7469263 ], [ -3.5415826, 11.7439556 ], [ -3.5389488, 11.7432556 ], [ -3.5335534, 11.7366858 ], [ -3.5268524, 11.7334595 ], [ -3.523747, 11.7325344 ], [ -3.5208056, 11.736083 ], [ -3.5172954, 11.7362251 ], [ -3.5178108, 11.7332649 ], [ -3.5153964, 11.7315912 ], [ -3.5086224, 11.7326555 ], [ -3.5043664, 11.7300396 ], [ -3.4991305, 11.7306213 ], [ -3.4969141, 11.7296371 ], [ -3.499037, 11.7246227 ], [ -3.4949031, 11.7238045 ], [ -3.4891903, 11.7238388 ], [ -3.4873486, 11.7258492 ], [ -3.4834766, 11.7268257 ], [ -3.4817259, 11.7286968 ], [ -3.4788311, 11.7292442 ], [ -3.469883, 11.7260017 ], [ -3.4673698, 11.7240057 ], [ -3.4619646, 11.7236729 ], [ -3.4590952, 11.7219067 ], [ -3.4529443, 11.7208385 ], [ -3.454968, 11.7184563 ], [ -3.4504595, 11.7145977 ], [ -3.4481692, 11.717905 ], [ -3.4423511, 11.7141552 ], [ -3.4332981, 11.7131739 ], [ -3.431673, 11.7110281 ], [ -3.4284348, 11.7105656 ], [ -3.4275224, 11.7091007 ], [ -3.4229941, 11.7069483 ], [ -3.4165714, 11.7064829 ], [ -3.4146616, 11.7102013 ], [ -3.4129863, 11.7108698 ], [ -3.4089608, 11.7079258 ], [ -3.4064758, 11.7077303 ], [ -3.4029407, 11.7031641 ], [ -3.3988187, 11.6999903 ], [ -3.396699, 11.6960974 ], [ -3.3925545, 11.6945391 ], [ -3.3828926, 11.6935177 ], [ -3.3789425, 11.6954641 ], [ -3.3768857, 11.6980438 ], [ -3.371038, 11.6960793 ], [ -3.3689559, 11.6946306 ], [ -3.3705051, 11.6900845 ], [ -3.3739359, 11.6869926 ], [ -3.3752058, 11.6842518 ], [ -3.3801665, 11.6778612 ], [ -3.3872595, 11.6731501 ], [ -3.3889756, 11.668973 ], [ -3.3948483, 11.6636524 ], [ -3.3954906, 11.660161 ], [ -3.3978748, 11.656806 ], [ -3.3991306, 11.6531897 ], [ -3.3979139, 11.6501598 ], [ -3.3983517, 11.6450777 ], [ -3.3996737, 11.6383457 ], [ -3.4012518, 11.6356688 ], [ -3.4061604, 11.6320944 ], [ -3.4122927, 11.6228266 ], [ -3.418946, 11.6231508 ], [ -3.4250083, 11.6211185 ], [ -3.4251854, 11.6189451 ], [ -3.42242, 11.6150694 ], [ -3.4170272, 11.6051483 ], [ -3.413039, 11.6000557 ], [ -3.4074264, 11.5981321 ], [ -3.4006357, 11.5930538 ], [ -3.3981059, 11.5900545 ], [ -3.393095, 11.5863609 ], [ -3.3881323, 11.5840054 ], [ -3.3869133, 11.579936 ], [ -3.3885076, 11.5716152 ], [ -3.3794708, 11.5679665 ], [ -3.367013, 11.5638599 ], [ -3.3614919, 11.5636177 ], [ -3.352639, 11.5626383 ], [ -3.3435698, 11.5627241 ], [ -3.3377793, 11.5631762 ], [ -3.3324742, 11.5647659 ], [ -3.3290086, 11.56073 ], [ -3.3262684, 11.5590582 ], [ -3.3171799, 11.5585346 ], [ -3.3147864, 11.561244 ], [ -3.3132308, 11.5605249 ], [ -3.3102541, 11.5618114 ], [ -3.3071167, 11.5617151 ], [ -3.3029289, 11.5602484 ], [ -3.2993362, 11.5610352 ], [ -3.3005383, 11.5568638 ], [ -3.3022614, 11.5436888 ], [ -3.3044574, 11.5402899 ], [ -3.3059492, 11.5304394 ], [ -3.3009784, 11.5216303 ], [ -3.3035424, 11.5176725 ], [ -3.3112259, 11.5150318 ], [ -3.312566, 11.5134277 ], [ -3.3111019, 11.509841 ], [ -3.3112011, 11.5070715 ], [ -3.305465, 11.4989815 ], [ -3.2953296, 11.4940405 ], [ -3.2923853, 11.4879894 ], [ -3.2894926, 11.4852247 ], [ -3.2847726, 11.4839182 ], [ -3.2734096, 11.4842958 ], [ -3.2680559, 11.4838619 ], [ -3.2665117, 11.4829569 ], [ -3.2602272, 11.4819784 ], [ -3.2554746, 11.4865179 ], [ -3.2513623, 11.4868946 ], [ -3.2449057, 11.4933023 ], [ -3.2376196, 11.4974127 ], [ -3.2295132, 11.5030556 ], [ -3.2240727, 11.5022039 ], [ -3.2178481, 11.4989176 ], [ -3.2169242, 11.4965296 ], [ -3.2144215, 11.4981785 ], [ -3.2081199, 11.4960461 ], [ -3.2034302, 11.4953222 ], [ -3.2005939, 11.4965582 ], [ -3.1968877, 11.4959145 ], [ -3.1956642, 11.4986534 ], [ -3.1882563, 11.5041027 ], [ -3.184751, 11.5076551 ], [ -3.1773841, 11.5095043 ], [ -3.1714661, 11.514472 ], [ -3.1613483, 11.5170479 ], [ -3.1554868, 11.516201 ], [ -3.1542127, 11.5187092 ], [ -3.1509809, 11.5185194 ], [ -3.1483035, 11.5210924 ], [ -3.1462922, 11.5211639 ], [ -3.1402569, 11.524518 ], [ -3.1336541, 11.5242338 ], [ -3.130574, 11.524827 ], [ -3.123498, 11.5307312 ], [ -3.1146758, 11.53232 ], [ -3.1117644, 11.5316191 ], [ -3.1095572, 11.5336685 ], [ -3.1127553, 11.5354834 ], [ -3.1103501, 11.5374975 ], [ -3.1075451, 11.5374603 ], [ -3.1022232, 11.5386152 ], [ -3.102129, 11.541893 ], [ -3.1008146, 11.5449629 ], [ -3.0985665, 11.5447998 ], [ -3.0945258, 11.5469742 ], [ -3.0945179, 11.5520134 ], [ -3.0932803, 11.5548801 ], [ -3.0902176, 11.5567675 ], [ -3.088213, 11.5606203 ], [ -3.0891466, 11.5637465 ], [ -3.0840127, 11.5614576 ], [ -3.0809431, 11.5628347 ], [ -3.077446, 11.562953 ], [ -3.0757248, 11.5645151 ], [ -3.0743566, 11.5703926 ], [ -3.078799, 11.5767508 ], [ -3.0783095, 11.578557 ], [ -3.0714889, 11.5794725 ], [ -3.0692563, 11.5804701 ], [ -3.0644596, 11.5788698 ], [ -3.0608277, 11.5802536 ], [ -3.0575633, 11.5844469 ], [ -3.0542464, 11.5849037 ], [ -3.0488687, 11.5752354 ], [ -3.0455904, 11.5750904 ], [ -3.0418186, 11.5798445 ], [ -3.0383856, 11.5786877 ], [ -3.0336123, 11.5787468 ], [ -3.0326626, 11.5744219 ], [ -3.0304067, 11.5703888 ], [ -3.0288968, 11.5695314 ], [ -3.0187485, 11.5701189 ], [ -3.016345, 11.5689487 ], [ -3.0183926, 11.564724 ], [ -3.0238256, 11.5616112 ], [ -3.0247996, 11.5576305 ], [ -3.0233045, 11.5544186 ], [ -3.0226433, 11.550643 ], [ -3.0201941, 11.5461521 ], [ -3.0165546, 11.5469351 ], [ -3.008081, 11.5467634 ], [ -2.9983692, 11.5438309 ], [ -2.9970796, 11.5388508 ], [ -2.9921434, 11.5345774 ], [ -2.9907355, 11.5309916 ], [ -2.9890919, 11.5321407 ], [ -2.9899123, 11.5363064 ], [ -2.9845216, 11.5387411 ], [ -2.9808233, 11.5449247 ], [ -2.9782422, 11.5455036 ], [ -2.9743099, 11.5448694 ], [ -2.9667995, 11.5521574 ], [ -2.961288, 11.5530796 ], [ -2.9528341, 11.55019 ], [ -2.9466031, 11.5455618 ], [ -2.94438, 11.5457869 ], [ -2.9453206, 11.5526142 ], [ -2.9475551, 11.5565443 ], [ -2.9458475, 11.5586901 ], [ -2.9435599, 11.5586262 ], [ -2.9376881, 11.5565424 ], [ -2.934701, 11.5534267 ], [ -2.9261818, 11.5472851 ], [ -2.9224215, 11.5408096 ], [ -2.9226589, 11.537569 ], [ -2.920784, 11.5358381 ], [ -2.9177246, 11.5350227 ], [ -2.9146183, 11.5318432 ], [ -2.9106855, 11.5292349 ], [ -2.9082143, 11.5293512 ], [ -2.9048142, 11.526 ], [ -2.8998821, 11.5284243 ], [ -2.8971262, 11.5279617 ], [ -2.8933132, 11.5256424 ], [ -2.8917894, 11.5295801 ], [ -2.8897872, 11.530385 ], [ -2.8909645, 11.5347862 ], [ -2.8975446, 11.5426474 ], [ -2.8978946, 11.545084 ], [ -2.8949556, 11.5467577 ], [ -2.8935506, 11.5488939 ], [ -2.8867431, 11.5483198 ], [ -2.88134, 11.5443792 ], [ -2.8784082, 11.5401039 ], [ -2.8718297, 11.536624 ], [ -2.8659689, 11.5378971 ], [ -2.8632686, 11.5391636 ], [ -2.8604488, 11.5419416 ], [ -2.8570497, 11.5412426 ], [ -2.8563416, 11.5384722 ], [ -2.8519967, 11.5389309 ], [ -2.8457215, 11.5344725 ], [ -2.845427, 11.5323362 ], [ -2.8425515, 11.5300798 ], [ -2.8415496, 11.52672 ], [ -2.8378563, 11.5231323 ], [ -2.835109, 11.5182047 ], [ -2.8349433, 11.5164118 ], [ -2.8375235, 11.5090075 ], [ -2.8381014, 11.5038013 ], [ -2.8413336, 11.4968042 ], [ -2.8450801, 11.4913101 ], [ -2.850425, 11.4866867 ], [ -2.857579, 11.4822359 ], [ -2.8601041, 11.4792318 ], [ -2.8608015, 11.4769773 ], [ -2.8604515, 11.4722958 ], [ -2.8579893, 11.4690533 ], [ -2.8503571, 11.4676542 ], [ -2.8439097, 11.4681215 ], [ -2.8382149, 11.4636631 ], [ -2.8361568, 11.458972 ], [ -2.8371561, 11.4467669 ], [ -2.8382299, 11.441679 ], [ -2.8385596, 11.4363556 ], [ -2.8360975, 11.4287214 ], [ -2.8340943, 11.4192314 ], [ -2.8342679, 11.4127569 ], [ -2.8336887, 11.4078941 ], [ -2.8360839, 11.3995657 ], [ -2.837029, 11.3949394 ], [ -2.8401313, 11.3877163 ], [ -2.8408928, 11.3831444 ], [ -2.8401301, 11.3791504 ], [ -2.8420663, 11.373312 ], [ -2.8427632, 11.367753 ], [ -2.8461676, 11.358737 ], [ -2.8477454, 11.3524361 ], [ -2.8483858, 11.3405752 ], [ -2.8468609, 11.3357115 ], [ -2.8460429, 11.3296986 ], [ -2.8439851, 11.3215399 ], [ -2.8446913, 11.3172035 ], [ -2.8437536, 11.3097963 ], [ -2.8439827, 11.3074236 ], [ -2.8463318, 11.3045368 ], [ -2.8483229, 11.3003092 ], [ -2.85324, 11.296216 ], [ -2.858289, 11.2906628 ], [ -2.8662522, 11.2761707 ], [ -2.8710053, 11.2716913 ], [ -2.8805575, 11.2654486 ], [ -2.8839519, 11.2609406 ], [ -2.8847761, 11.2550373 ], [ -2.8844168, 11.2509899 ], [ -2.8820114, 11.2481546 ], [ -2.8769264, 11.2455721 ], [ -2.8728702, 11.2453709 ], [ -2.8671248, 11.2432308 ], [ -2.8565712, 11.2439775 ], [ -2.851083, 11.2426882 ], [ -2.8454208, 11.2430296 ], [ -2.8402817, 11.2426462 ], [ -2.8377306, 11.2435951 ], [ -2.8307745, 11.2433825 ], [ -2.8277276, 11.2428007 ], [ -2.8195233, 11.2426777 ], [ -2.8133655, 11.2407722 ], [ -2.8094232, 11.2381239 ], [ -2.8107958, 11.241024 ], [ -2.8099706, 11.2502775 ], [ -2.8079793, 11.2537441 ], [ -2.8092737, 11.260807 ], [ -2.8105495, 11.2630177 ], [ -2.8110456, 11.2689571 ], [ -2.8072464, 11.2778006 ], [ -2.8058331, 11.2822094 ], [ -2.7953057, 11.2890015 ], [ -2.7892754, 11.2946739 ], [ -2.7865953, 11.2982941 ], [ -2.7843924, 11.3030186 ], [ -2.7777183, 11.3204155 ], [ -2.7730916, 11.3265419 ], [ -2.7687306, 11.3307219 ], [ -2.7609272, 11.3371525 ], [ -2.7533898, 11.3420982 ], [ -2.7438965, 11.3478031 ], [ -2.7413537, 11.3472843 ], [ -2.7290444, 11.3403282 ], [ -2.7228305, 11.3361568 ], [ -2.7193055, 11.3360453 ], [ -2.7079332, 11.3307095 ], [ -2.7039409, 11.3275814 ], [ -2.6922545, 11.3294792 ], [ -2.6793299, 11.3287401 ], [ -2.6587136, 11.3264074 ], [ -2.6552618, 11.3270817 ], [ -2.6444023, 11.3269777 ], [ -2.6343985, 11.3235693 ], [ -2.6315787, 11.3266897 ], [ -2.6294339, 11.3372803 ], [ -2.6296861, 11.3456564 ], [ -2.6286273, 11.3508606 ], [ -2.628154, 11.3597698 ], [ -2.6270957, 11.3642769 ], [ -2.623225, 11.3736429 ], [ -2.6180565, 11.3728304 ], [ -2.6143668, 11.3713226 ], [ -2.6107302, 11.3729925 ], [ -2.6018155, 11.3729172 ], [ -2.5921392, 11.372097 ], [ -2.5904951, 11.3729095 ], [ -2.5855105, 11.3722591 ], [ -2.5790579, 11.370059 ], [ -2.5766523, 11.3704538 ], [ -2.575356, 11.3725338 ], [ -2.5723062, 11.3748474 ], [ -2.5678539, 11.3742609 ], [ -2.5639815, 11.3717108 ], [ -2.5611627, 11.3720503 ], [ -2.5598748, 11.3751726 ], [ -2.5604606, 11.3775997 ], [ -2.5584574, 11.3794527 ], [ -2.5578768, 11.3822317 ], [ -2.5507126, 11.3856878 ], [ -2.5464878, 11.3870668 ], [ -2.5405519, 11.392643 ], [ -2.5288854, 11.3989534 ], [ -2.5217149, 11.4080858 ], [ -2.5193722, 11.4093494 ], [ -2.5205355, 11.4123573 ], [ -2.5268648, 11.4193125 ], [ -2.5310848, 11.4233665 ], [ -2.5363629, 11.425458 ], [ -2.5397663, 11.4292841 ], [ -2.5457041, 11.4330425 ], [ -2.5499184, 11.4338455 ], [ -2.5628474, 11.4344912 ], [ -2.5711012, 11.4366407 ], [ -2.583797, 11.4426355 ], [ -2.5888908, 11.4466629 ], [ -2.6022813, 11.4583712 ], [ -2.60868, 11.4618301 ], [ -2.6193779, 11.4642344 ], [ -2.6349778, 11.4703035 ], [ -2.642966, 11.4742079 ], [ -2.6541765, 11.4812298 ], [ -2.6604013, 11.4860725 ], [ -2.672107, 11.4970512 ], [ -2.6747601, 11.5001688 ], [ -2.6760998, 11.5034752 ], [ -2.6769974, 11.5098324 ], [ -2.6762791, 11.5138063 ], [ -2.6742742, 11.5198164 ], [ -2.6730132, 11.5252743 ], [ -2.6706443, 11.5439234 ], [ -2.6703551, 11.5536108 ], [ -2.670609, 11.5611715 ], [ -2.6731489, 11.5724106 ], [ -2.6745894, 11.5768213 ], [ -2.6793628, 11.5864697 ], [ -2.6823843, 11.58986 ], [ -2.6898425, 11.5964508 ], [ -2.6990659, 11.6011686 ], [ -2.7075274, 11.6045189 ], [ -2.7107337, 11.6064329 ], [ -2.712451, 11.6094685 ], [ -2.7127891, 11.6159153 ], [ -2.7157161, 11.629735 ], [ -2.7163839, 11.6405191 ], [ -2.7198071, 11.6567297 ], [ -2.7227707, 11.6744156 ], [ -2.7225394, 11.6795855 ], [ -2.7244296, 11.6916561 ], [ -2.7267082, 11.6954165 ], [ -2.7326808, 11.7029371 ], [ -2.74279, 11.7117109 ], [ -2.7606661, 11.7292843 ], [ -2.7647567, 11.7309446 ], [ -2.7723124, 11.7386379 ], [ -2.779547, 11.7427731 ], [ -2.7842169, 11.7483988 ], [ -2.7924631, 11.7544088 ], [ -2.8007464, 11.7597303 ], [ -2.8067684, 11.7611465 ], [ -2.812202, 11.7605534 ], [ -2.8190143, 11.7580681 ], [ -2.8252935, 11.7579002 ], [ -2.8334575, 11.7569189 ], [ -2.8376868, 11.7579632 ], [ -2.840215, 11.7577925 ], [ -2.8446736, 11.7553692 ], [ -2.8591254, 11.7523708 ], [ -2.8658187, 11.7542219 ], [ -2.869422, 11.7521591 ], [ -2.8745058, 11.7512207 ], [ -2.8790843, 11.752264 ], [ -2.887728, 11.7574196 ], [ -2.8922429, 11.7595587 ], [ -2.8988829, 11.7654648 ], [ -2.9085209, 11.7728662 ], [ -2.9171011, 11.7773237 ], [ -2.9222059, 11.7821875 ], [ -2.9243224, 11.7856016 ], [ -2.9257421, 11.7940493 ], [ -2.9273262, 11.7998905 ], [ -2.9273281, 11.8040552 ], [ -2.9260163, 11.8113747 ], [ -2.9237297, 11.8137245 ], [ -2.9202986, 11.8146038 ], [ -2.9046657, 11.8143415 ], [ -2.8947337, 11.811965 ], [ -2.8847477, 11.8133459 ], [ -2.8777599, 11.8168192 ], [ -2.8739445, 11.8195877 ], [ -2.8676002, 11.8232794 ], [ -2.8614302, 11.8247337 ], [ -2.8527958, 11.8283682 ], [ -2.8486857, 11.8319511 ], [ -2.843868, 11.838603 ], [ -2.8432245, 11.8403406 ], [ -2.8414054, 11.8530064 ], [ -2.839879, 11.8557215 ], [ -2.8322465, 11.8648529 ], [ -2.8275473, 11.8714495 ], [ -2.8263152, 11.8747988 ], [ -2.8269045, 11.8823233 ], [ -2.8281374, 11.886426 ], [ -2.8314309, 11.8927383 ], [ -2.8342459, 11.8960361 ], [ -2.837714, 11.8985825 ], [ -2.8431234, 11.9039097 ], [ -2.8487074, 11.9058781 ], [ -2.8544021, 11.909584 ], [ -2.8590486, 11.9153728 ], [ -2.8619099, 11.9172487 ], [ -2.8730319, 11.9183865 ], [ -2.8803284, 11.9250994 ], [ -2.8833847, 11.9318094 ], [ -2.8839748, 11.936264 ], [ -2.8824491, 11.9415245 ], [ -2.8787429, 11.9466743 ], [ -2.8739877, 11.951642 ], [ -2.8684945, 11.958149 ], [ -2.862591, 11.9626818 ], [ -2.8600614, 11.9657497 ], [ -2.855655, 11.9689255 ], [ -2.853245, 11.9729166 ], [ -2.8517189, 11.9795074 ], [ -2.851306, 11.9861078 ], [ -2.8535423, 11.9888248 ], [ -2.8550706, 11.9931087 ], [ -2.8595431, 11.9997559 ], [ -2.8592498, 12.0012236 ], [ -2.8683796, 12.0077114 ], [ -2.8747294, 12.0096884 ], [ -2.8769655, 12.0094538 ], [ -2.8821471, 12.0118923 ], [ -2.8889751, 12.0118952 ], [ -2.8935583, 12.0136356 ], [ -2.8964486, 12.0156555 ], [ -2.8988605, 12.0185003 ], [ -2.9028001, 12.0211639 ], [ -2.9084699, 12.0237465 ], [ -2.9122629, 12.0275412 ], [ -2.9125226, 12.0329018 ], [ -2.9140341, 12.0380898 ], [ -2.918206, 12.0449457 ], [ -2.9240055, 12.0483513 ], [ -2.9259028, 12.0518293 ], [ -2.9315834, 12.0560322 ], [ -2.9332509, 12.059391 ], [ -2.9329305, 12.0631123 ], [ -2.9302933, 12.0724649 ], [ -2.9239538, 12.0773153 ], [ -2.9197021, 12.0795317 ], [ -2.9160221, 12.0840845 ], [ -2.9105098, 12.0874691 ], [ -2.9068475, 12.090374 ], [ -2.9016292, 12.0928802 ], [ -2.8937685, 12.0947418 ], [ -2.8850615, 12.09758 ], [ -2.880883, 12.1001225 ], [ -2.8764741, 12.1016779 ], [ -2.8705828, 12.1017923 ], [ -2.8524566, 12.095643 ], [ -2.8465648, 12.0924616 ], [ -2.842505, 12.0888109 ], [ -2.8380308, 12.083765 ], [ -2.8369718, 12.0799437 ], [ -2.8352597, 12.0780954 ], [ -2.831145, 12.0756025 ], [ -2.8293128, 12.071373 ], [ -2.8212495, 12.0630293 ], [ -2.8198874, 12.0622225 ], [ -2.8173931, 12.0644474 ], [ -2.813463, 12.0648069 ], [ -2.8094318, 12.0678186 ], [ -2.807591, 12.0729961 ], [ -2.8070018, 12.0833988 ], [ -2.8067718, 12.0933218 ], [ -2.8038628, 12.1006622 ], [ -2.7979252, 12.1103277 ], [ -2.7955129, 12.1170712 ], [ -2.7947578, 12.1216516 ], [ -2.7958164, 12.1273289 ], [ -2.8039267, 12.140871 ], [ -2.8074806, 12.146143 ], [ -2.8137412, 12.1501856 ], [ -2.8198087, 12.1525536 ], [ -2.822958, 12.1598434 ], [ -2.8233724, 12.1619625 ], [ -2.8207858, 12.1747093 ], [ -2.8237786, 12.1814928 ], [ -2.8265507, 12.1899958 ], [ -2.8285584, 12.193655 ], [ -2.8291206, 12.1982365 ], [ -2.8288631, 12.2030439 ], [ -2.8295999, 12.2054529 ], [ -2.829803, 12.2106686 ], [ -2.8335607, 12.2155867 ], [ -2.8363702, 12.2231483 ], [ -2.8405795, 12.2270174 ], [ -2.8437204, 12.2308855 ], [ -2.8460782, 12.2322092 ], [ -2.8530698, 12.2400084 ], [ -2.8594716, 12.2444849 ], [ -2.8646388, 12.2464256 ], [ -2.8686187, 12.2506199 ], [ -2.8724871, 12.2511196 ], [ -2.8756652, 12.2524252 ], [ -2.8792026, 12.2553511 ], [ -2.883754, 12.2603235 ], [ -2.8874035, 12.2666178 ], [ -2.8896439, 12.273962 ], [ -2.8868933, 12.2865181 ], [ -2.8846478, 12.2944126 ], [ -2.8836918, 12.3014193 ], [ -2.8779185, 12.3118105 ], [ -2.8758378, 12.317441 ], [ -2.8709011, 12.3241739 ], [ -2.8630624, 12.3311501 ], [ -2.8573325, 12.3354473 ], [ -2.8557026, 12.3403082 ], [ -2.8521094, 12.3419628 ], [ -2.8447018, 12.3415689 ], [ -2.8372107, 12.3378162 ], [ -2.8318763, 12.3392525 ], [ -2.8294625, 12.3411245 ], [ -2.8286796, 12.3435507 ], [ -2.8290761, 12.3474979 ], [ -2.826828, 12.3529654 ], [ -2.8269942, 12.3564415 ], [ -2.8285699, 12.359539 ], [ -2.8284597, 12.3650255 ], [ -2.8315473, 12.3729773 ], [ -2.8347452, 12.3799868 ], [ -2.8370492, 12.3824148 ], [ -2.841316, 12.3852968 ], [ -2.8485038, 12.3854647 ], [ -2.8532407, 12.3874407 ], [ -2.8450124, 12.3937197 ], [ -2.8351433, 12.4007025 ], [ -2.8222878, 12.4103718 ], [ -2.8005097, 12.427557 ], [ -2.7882233, 12.4368544 ], [ -2.7823975, 12.4428787 ], [ -2.7802317, 12.4412842 ], [ -2.7745068, 12.4476976 ], [ -2.7685602, 12.456665 ], [ -2.7600698, 12.4619894 ], [ -2.7574787, 12.465807 ], [ -2.7568879, 12.4696274 ], [ -2.7570064, 12.4764538 ], [ -2.758508, 12.4809647 ], [ -2.7562947, 12.4849453 ], [ -2.7517397, 12.4895763 ], [ -2.7400017, 12.498682 ], [ -2.7261415, 12.5106544 ], [ -2.7271168, 12.5158882 ], [ -2.7294197, 12.5223188 ], [ -2.7336302, 12.5317659 ], [ -2.7400994, 12.5433159 ], [ -2.7462094, 12.555789 ], [ -2.7569664, 12.5743961 ], [ -2.7676682, 12.5982447 ], [ -2.7730517, 12.6135769 ], [ -2.7733097, 12.6151705 ], [ -2.7704308, 12.6222477 ], [ -2.7666571, 12.6300573 ], [ -2.7617576, 12.6376944 ], [ -2.7566278, 12.6430759 ], [ -2.7497823, 12.6479311 ], [ -2.7425849, 12.6557913 ], [ -2.738461, 12.6571817 ], [ -2.7352772, 12.6620398 ], [ -2.7291129, 12.6677189 ], [ -2.7261498, 12.6729031 ], [ -2.7258713, 12.6781807 ], [ -2.7199371, 12.6839056 ], [ -2.7196596, 12.6861868 ], [ -2.71048, 12.6859856 ], [ -2.7084408, 12.6866264 ], [ -2.7078862, 12.6891699 ], [ -2.7010388, 12.6930456 ], [ -2.6958539, 12.6927681 ], [ -2.6922841, 12.6918583 ], [ -2.6901782, 12.6967258 ], [ -2.6900544, 12.7043676 ], [ -2.6879561, 12.7121954 ], [ -2.6821294, 12.7209435 ], [ -2.6714692, 12.7264881 ], [ -2.6650715, 12.7318935 ], [ -2.6606207, 12.7373924 ], [ -2.6535847, 12.7443991 ], [ -2.648536, 12.7462568 ], [ -2.6448696, 12.7503986 ], [ -2.6446562, 12.7523451 ], [ -2.6532605, 12.760849 ], [ -2.6595044, 12.7666063 ], [ -2.668211, 12.7752905 ], [ -2.6773801, 12.7833242 ], [ -2.6838095, 12.7896338 ], [ -2.6886344, 12.7936411 ], [ -2.69455, 12.7946177 ], [ -2.6981966, 12.7926569 ], [ -2.7039938, 12.7906809 ], [ -2.7104728, 12.7907343 ], [ -2.7174048, 12.7889318 ], [ -2.7221947, 12.7897339 ], [ -2.7285159, 12.7929096 ], [ -2.7308867, 12.7957459 ], [ -2.7332666, 12.8000488 ], [ -2.7332187, 12.8052998 ], [ -2.7317588, 12.8099966 ], [ -2.7294493, 12.8150826 ], [ -2.7283587, 12.8192272 ], [ -2.7286804, 12.8233652 ], [ -2.7373698, 12.8413458 ], [ -2.7385316, 12.8454752 ], [ -2.7386506, 12.8489695 ], [ -2.7347672, 12.8666744 ], [ -2.7326601, 12.8730364 ], [ -2.7353449, 12.8789968 ], [ -2.7360537, 12.885253 ], [ -2.7353587, 12.892622 ], [ -2.7319098, 12.906723 ], [ -2.730762, 12.9145622 ], [ -2.7309823, 12.9185095 ], [ -2.7330198, 12.9272394 ], [ -2.7358065, 12.9336615 ], [ -2.7364886, 12.9374371 ], [ -2.734843, 12.9425049 ], [ -2.7274144, 12.9523106 ], [ -2.7213902, 12.9594021 ], [ -2.7204189, 12.9631853 ], [ -2.7180071, 12.9665499 ], [ -2.7166662, 12.9700518 ], [ -2.7133682, 12.9720945 ], [ -2.7097936, 12.9724522 ], [ -2.7055442, 12.9743662 ], [ -2.7046273, 12.9798059 ], [ -2.7043188, 12.9877272 ], [ -2.7056518, 13.0010281 ], [ -2.7071683, 13.0178328 ], [ -2.7102387, 13.0306292 ], [ -2.7132833, 13.0400209 ], [ -2.7198911, 13.0571213 ], [ -2.720628, 13.0622549 ], [ -2.7197757, 13.0677128 ], [ -2.7193193, 13.098484 ], [ -2.7179124, 13.1040592 ], [ -2.7147675, 13.111063 ], [ -2.7111976, 13.1167898 ], [ -2.7075822, 13.1210489 ], [ -2.7050862, 13.1225042 ], [ -2.7004187, 13.1235752 ], [ -2.6442831, 13.1129894 ], [ -2.61551, 13.1078043 ], [ -2.6103826, 13.1063023 ], [ -2.6050971, 13.1059141 ], [ -2.5998478, 13.1063576 ], [ -2.5938768, 13.1078243 ], [ -2.5891972, 13.1115646 ], [ -2.5827892, 13.1155548 ], [ -2.5787895, 13.1232157 ], [ -2.5760751, 13.1297932 ], [ -2.5718751, 13.1338053 ], [ -2.5661402, 13.1384668 ], [ -2.5626659, 13.1464634 ], [ -2.5604811, 13.1498632 ], [ -2.5564675, 13.1519384 ], [ -2.5503929, 13.1623201 ], [ -2.5498343, 13.1660585 ], [ -2.5448911, 13.1723595 ], [ -2.5412509, 13.1788883 ], [ -2.5379305, 13.1806297 ], [ -2.5317593, 13.1777391 ], [ -2.5316689, 13.1837778 ], [ -2.5291862, 13.1880455 ], [ -2.5241067, 13.1919651 ], [ -2.5212693, 13.1990032 ], [ -2.5210202, 13.2060452 ], [ -2.5204351, 13.2082443 ], [ -2.5169156, 13.2134428 ], [ -2.51388, 13.2159719 ], [ -2.5131919, 13.2190571 ], [ -2.5110428, 13.2223482 ], [ -2.5081182, 13.2248325 ], [ -2.4953899, 13.2298222 ], [ -2.4915574, 13.2335253 ], [ -2.4859805, 13.2413445 ], [ -2.4818752, 13.2480984 ], [ -2.4772892, 13.2544985 ], [ -2.4716723, 13.2638741 ], [ -2.4675128, 13.2691612 ], [ -2.4655874, 13.2705059 ], [ -2.4597611, 13.2710543 ], [ -2.4458175, 13.270463 ], [ -2.4478235, 13.2828331 ], [ -2.4499745, 13.2851553 ], [ -2.4619982, 13.2901335 ], [ -2.4845397, 13.2999496 ], [ -2.5255237, 13.3181286 ], [ -2.5280793, 13.3157988 ], [ -2.527612, 13.3122215 ], [ -2.528681, 13.3077154 ], [ -2.5329742, 13.2983446 ], [ -2.5351334, 13.2869511 ], [ -2.5407495, 13.2845173 ], [ -2.5447536, 13.2847605 ], [ -2.5617251, 13.2914181 ], [ -2.6129866, 13.3123989 ], [ -2.614733, 13.3140945 ], [ -2.6173351, 13.3212862 ], [ -2.6235523, 13.3410769 ], [ -2.6260014, 13.3439054 ], [ -2.6288345, 13.3519754 ], [ -2.6327071, 13.3559103 ], [ -2.6371937, 13.3675051 ], [ -2.638608, 13.3691187 ], [ -2.6440375, 13.3699417 ], [ -2.6454508, 13.372714 ], [ -2.6501775, 13.3736439 ], [ -2.6507409, 13.4129705 ], [ -2.6509664, 13.458643 ], [ -2.651185, 13.4761248 ], [ -2.6584461, 13.481884 ], [ -2.6606481, 13.4828281 ], [ -2.6688318, 13.4798164 ], [ -2.6735246, 13.4792976 ], [ -2.6823351, 13.4798431 ], [ -2.6937647, 13.4809628 ], [ -2.7003982, 13.4858694 ], [ -2.7037003, 13.4895754 ], [ -2.7068925, 13.4916525 ], [ -2.7117307, 13.4967461 ], [ -2.7118409, 13.498476 ], [ -2.7140882, 13.5027514 ], [ -2.7153795, 13.5123396 ], [ -2.714673, 13.5182323 ], [ -2.7152929, 13.5190659 ], [ -2.7217352, 13.5198793 ], [ -2.736258, 13.5229197 ], [ -2.7505684, 13.525507 ], [ -2.7681003, 13.528367 ], [ -2.7987776, 13.5353127 ], [ -2.8090255, 13.5374756 ], [ -2.8164129, 13.5385323 ], [ -2.8233466, 13.5400581 ], [ -2.8272257, 13.5389023 ], [ -2.8329098, 13.5426273 ], [ -2.8449359, 13.5458317 ], [ -2.8505645, 13.5445137 ], [ -2.8559248, 13.5453863 ], [ -2.8644333, 13.5479355 ], [ -2.8695161, 13.5506001 ], [ -2.8748312, 13.5546408 ], [ -2.8822753, 13.5581121 ], [ -2.8933318, 13.5651255 ], [ -2.9024727, 13.573947 ], [ -2.905019, 13.5743742 ], [ -2.9106319, 13.5803061 ], [ -2.9106419, 13.5827322 ], [ -2.9134574, 13.5843811 ], [ -2.9138191, 13.5859652 ], [ -2.9180796, 13.5891991 ], [ -2.9232743, 13.5896626 ], [ -2.9256361, 13.5909948 ], [ -2.9266, 13.5930319 ], [ -2.9320748, 13.5985651 ], [ -2.9473429, 13.6146479 ], [ -2.9535117, 13.6228867 ], [ -2.95249, 13.624663 ], [ -2.9538183, 13.6285862 ], [ -2.9551594, 13.6292182 ], [ -2.9542279, 13.6327037 ], [ -2.9569235, 13.6347253 ], [ -2.9581424, 13.6389763 ], [ -2.9606547, 13.6396482 ], [ -2.9634825, 13.6427639 ], [ -2.9663006, 13.6439057 ], [ -2.9694783, 13.6516601 ], [ -2.9745726, 13.6516086 ], [ -2.9775465, 13.6528196 ], [ -2.9849315, 13.6516902 ], [ -2.9910236, 13.6529692 ], [ -2.9955672, 13.6551488 ], [ -2.9971875, 13.6572605 ], [ -3.0017723, 13.6568938 ], [ -3.0068119, 13.6549571 ], [ -3.0121072, 13.6493955 ], [ -3.017064, 13.6395152 ], [ -3.018833, 13.6391327 ], [ -3.0193594, 13.6347846 ], [ -3.0170679, 13.6330975 ], [ -3.0171217, 13.6313275 ], [ -3.0207968, 13.6273416 ], [ -3.0236965, 13.6209453 ], [ -3.0290278, 13.6149099 ], [ -3.0324866, 13.6148584 ], [ -3.0343204, 13.6133057 ], [ -3.0400991, 13.6135534 ], [ -3.0490456, 13.6176328 ], [ -3.0514241, 13.6192077 ], [ -3.0536343, 13.6237593 ], [ -3.0577851, 13.6278126 ], [ -3.0584735, 13.6316682 ], [ -3.0565218, 13.6345241 ], [ -3.0560481, 13.6395302 ], [ -3.059503, 13.6484114 ], [ -3.059127, 13.6528219 ], [ -3.0612558, 13.6561596 ], [ -3.0684725, 13.6593624 ], [ -3.0718044, 13.6601287 ], [ -3.0732972, 13.6630614 ], [ -3.0769346, 13.6666211 ], [ -3.0803842, 13.6653891 ], [ -3.0837854, 13.6658908 ], [ -3.090028, 13.6727094 ], [ -3.0933188, 13.679028 ], [ -3.095419, 13.6798248 ], [ -3.1018683, 13.6856682 ], [ -3.1074771, 13.6887106 ], [ -3.1120756, 13.6881045 ], [ -3.1144958, 13.6858407 ], [ -3.1294388, 13.6814167 ], [ -3.132651, 13.6815185 ], [ -3.1377251, 13.6834203 ], [ -3.1427101, 13.681974 ], [ -3.1447302, 13.6831978 ], [ -3.1476899, 13.682187 ], [ -3.1476237, 13.6793616 ], [ -3.1563606, 13.679111 ], [ -3.1614393, 13.6797936 ], [ -3.1672019, 13.6791734 ], [ -3.1739837, 13.6800953 ], [ -3.1793797, 13.6775147 ], [ -3.1853713, 13.6785217 ], [ -3.1883595, 13.6804716 ], [ -3.1918792, 13.6808049 ], [ -3.2099724, 13.7059393 ], [ -3.2617959, 13.7149055 ], [ -3.270115, 13.7060052 ], [ -3.2718347, 13.7021744 ], [ -3.2720867, 13.6984097 ], [ -3.2690072, 13.6996544 ], [ -3.2629497, 13.696912 ], [ -3.2592714, 13.6936877 ], [ -3.2572395, 13.6946841 ], [ -3.2544066, 13.6897557 ], [ -3.2480331, 13.6877226 ], [ -3.246891, 13.6841248 ], [ -3.2499862, 13.5846301 ], [ -3.2783114, 13.5568531 ], [ -3.2744535, 13.5404326 ], [ -3.2647162, 13.4867507 ], [ -3.2596323, 13.42371 ], [ -3.2545556, 13.3607592 ], [ -3.2374519, 13.3551709 ], [ -3.2366052, 13.3255358 ], [ -3.2333877, 13.3137664 ], [ -3.2342438, 13.2888748 ], [ -3.3389556, 13.2882073 ], [ -3.3843579, 13.2772525 ], [ -3.4374663, 13.2766855 ], [ -3.4381398, 13.271423 ], [ -3.4401238, 13.2675093 ], [ -3.444709, 13.2628608 ], [ -3.4472568, 13.2592102 ], [ -3.447815, 13.2568473 ], [ -3.4470019, 13.2534553 ], [ -3.4454221, 13.2517056 ], [ -3.4391168, 13.2468188 ], [ -3.43783, 13.2419673 ], [ -3.4353276, 13.2292572 ], [ -3.433448, 13.2223426 ], [ -3.4326019, 13.2147182 ], [ -3.4287368, 13.207873 ], [ -3.4274354, 13.203775 ], [ -3.4269551, 13.1916731 ], [ -3.4245796, 13.1838486 ], [ -3.4223405, 13.1787137 ], [ -3.4239144, 13.1744815 ], [ -3.4271486, 13.1720891 ], [ -3.4323694, 13.1697054 ], [ -3.4353832, 13.1661466 ], [ -3.4381307, 13.1614242 ], [ -3.4423775, 13.1577873 ], [ -3.4466535, 13.1572707 ], [ -3.4551611, 13.1568303 ], [ -3.4624025, 13.1587366 ], [ -3.4633924, 13.1555695 ], [ -3.4652444, 13.1560906 ], [ -3.4684988, 13.1592742 ], [ -3.4753781, 13.160996 ], [ -3.4774596, 13.1581153 ], [ -3.4798453, 13.158145 ], [ -3.480624, 13.1604074 ], [ -3.4878403, 13.1642956 ], [ -3.4962891, 13.1660255 ], [ -3.4982992, 13.1686865 ], [ -3.5015068, 13.1696962 ], [ -3.5077718, 13.1700661 ], [ -3.5077531, 13.16698 ], [ -3.5164775, 13.1659228 ], [ -3.517178, 13.1681373 ], [ -3.5193535, 13.1683236 ], [ -3.5220928, 13.1658086 ], [ -3.5237443, 13.1664878 ], [ -3.529785, 13.1709566 ], [ -3.5314192, 13.1675405 ], [ -3.5343706, 13.168218 ], [ -3.536104, 13.1713937 ], [ -3.5381488, 13.1684729 ], [ -3.5437642, 13.1643232 ], [ -3.5455087, 13.1671992 ], [ -3.5483943, 13.1653395 ], [ -3.5518334, 13.1670023 ], [ -3.5526746, 13.169774 ], [ -3.5497783, 13.1714973 ], [ -3.5503193, 13.1744205 ], [ -3.5473372, 13.1799479 ], [ -3.5483673, 13.1834679 ], [ -3.551084, 13.188189 ], [ -3.5513977, 13.1937733 ], [ -3.553182, 13.197135 ], [ -3.5612129, 13.1961194 ], [ -3.5704043, 13.1977587 ], [ -3.5735177, 13.1975842 ], [ -3.5766101, 13.1993609 ], [ -3.5831377, 13.199965 ], [ -3.6053815, 13.2171734 ], [ -3.6119792, 13.2153214 ], [ -3.6127049, 13.2180651 ], [ -3.6160743, 13.2233189 ], [ -3.6278954, 13.235083 ], [ -3.6477687, 13.2539854 ], [ -3.6597394, 13.2638996 ], [ -3.667458, 13.2683645 ], [ -3.6721841, 13.2752518 ], [ -3.6778127, 13.2768905 ], [ -3.6806626, 13.2783867 ], [ -3.6971209, 13.2833978 ], [ -3.7047919, 13.2866277 ], [ -3.7125808, 13.2889574 ], [ -3.7179965, 13.2911639 ], [ -3.7254538, 13.2954625 ], [ -3.7371147, 13.3037748 ], [ -3.7402259, 13.3095221 ], [ -3.7447277, 13.3128002 ], [ -3.743498, 13.3154327 ], [ -3.7416283, 13.3233122 ], [ -3.7434292, 13.3267718 ], [ -3.7637577, 13.342978 ], [ -3.7704843, 13.3476423 ], [ -3.7782629, 13.3559984 ], [ -3.7846659, 13.3623949 ], [ -3.7904838, 13.3676482 ], [ -3.7974112, 13.3724805 ], [ -3.802528, 13.369299 ], [ -3.807826, 13.366891 ], [ -3.812738, 13.36535 ], [ -3.81688, 13.361015 ], [ -3.837483, 13.3602243 ], [ -3.8534456, 13.3732875 ], [ -3.915362, 13.38306 ], [ -3.922639, 13.380665 ], [ -3.937376, 13.380376 ], [ -3.9460364, 13.3745938 ], [ -3.9506509, 13.3770884 ], [ -3.9584744, 13.3798484 ], [ -3.958879, 13.3958146 ], [ -3.959688, 13.3995504 ], [ -3.962227, 13.404359 ], [ -3.96319, 13.407634 ], [ -3.957603, 13.41062 ], [ -3.944119, 13.415051 ], [ -3.936509, 13.415725 ], [ -3.933716, 13.42555 ], [ -3.930345, 13.432871 ], [ -3.927263, 13.432582 ], [ -3.910695, 13.433449 ], [ -3.901641, 13.433641 ], [ -3.89567, 13.442792 ], [ -3.903279, 13.448186 ], [ -3.905205, 13.44886 ], [ -3.940362, 13.452134 ], [ -3.939495, 13.471784 ], [ -3.942673, 13.479104 ], [ -3.945756, 13.483824 ], [ -3.949705, 13.48864 ], [ -3.948645, 13.49413 ], [ -3.951631, 13.494515 ], [ -3.960107, 13.499042 ], [ -3.9624584, 13.5014767 ], [ -3.965308, 13.505592 ], [ -3.971569, 13.500295 ], [ -3.970028, 13.491433 ], [ -3.971088, 13.487677 ], [ -3.974941, 13.482668 ], [ -3.982742, 13.477756 ], [ -3.982261, 13.473229 ], [ -3.980912, 13.472458 ], [ -3.97706, 13.47294 ], [ -3.9754772, 13.4742358 ], [ -3.964923, 13.490373 ], [ -3.959626, 13.47294 ], [ -3.968969, 13.468124 ], [ -3.974555, 13.464464 ], [ -3.977156, 13.461767 ], [ -3.984283, 13.451749 ], [ -3.984572, 13.447992 ], [ -3.983705, 13.440479 ], [ -3.984476, 13.435086 ], [ -3.989677, 13.435663 ], [ -3.998346, 13.437397 ], [ -4.003259, 13.438842 ], [ -4.012698, 13.438457 ], [ -4.015973, 13.437686 ], [ -4.023486, 13.429017 ], [ -4.025798, 13.42555 ], [ -4.02965, 13.423431 ], [ -4.036971, 13.420734 ], [ -4.042943, 13.414377 ], [ -4.05296, 13.406864 ], [ -4.055464, 13.406286 ], [ -4.06028, 13.40802 ], [ -4.070105, 13.407249 ], [ -4.074536, 13.403396 ], [ -4.084553, 13.400699 ], [ -4.088406, 13.399158 ], [ -4.092644, 13.396076 ], [ -4.100542, 13.387022 ], [ -4.1026186, 13.3750246 ], [ -4.102276, 13.36506 ], [ -4.100157, 13.355814 ], [ -4.101313, 13.349649 ], [ -4.103239, 13.346952 ], [ -4.105358, 13.339054 ], [ -4.107324, 13.3352335 ], [ -4.1113786, 13.3302652 ], [ -4.116917, 13.320753 ], [ -4.119036, 13.31902 ], [ -4.1234282, 13.3175874 ], [ -4.1276541, 13.3141039 ], [ -4.1316516, 13.3087358 ], [ -4.1346783, 13.299256 ], [ -4.1367913, 13.2963436 ], [ -4.140612, 13.293591 ], [ -4.152941, 13.288968 ], [ -4.161224, 13.284537 ], [ -4.163729, 13.280877 ], [ -4.164945, 13.2776696 ], [ -4.167774, 13.276254 ], [ -4.1901864, 13.2724157 ], [ -4.194744, 13.272401 ], [ -4.2015507, 13.2712165 ], [ -4.207265, 13.269511 ], [ -4.211889, 13.266622 ], [ -4.216512, 13.261998 ], [ -4.222677, 13.2526413 ], [ -4.22518, 13.249477 ], [ -4.23905, 13.244083 ], [ -4.24926, 13.241386 ], [ -4.255618, 13.239267 ], [ -4.258892, 13.236763 ], [ -4.259085, 13.233295 ], [ -4.247527, 13.223085 ], [ -4.239243, 13.214416 ], [ -4.236354, 13.210756 ], [ -4.232886, 13.20517 ], [ -4.228841, 13.200739 ], [ -4.224988, 13.195345 ], [ -4.2241835, 13.1932001 ], [ -4.225566, 13.187061 ], [ -4.230574, 13.182053 ], [ -4.233849, 13.179741 ], [ -4.237509, 13.178393 ], [ -4.245215, 13.1782 ], [ -4.248105, 13.17897 ], [ -4.251572, 13.18109 ], [ -4.256581, 13.182631 ], [ -4.267448, 13.185218 ], [ -4.2779448, 13.1872292 ], [ -4.2853344, 13.1891188 ], [ -4.2872588, 13.1881309 ], [ -4.2891449, 13.183779 ], [ -4.290561, 13.1843781 ], [ -4.297287, 13.1829088 ], [ -4.300012, 13.180943 ], [ -4.3011926, 13.1759362 ], [ -4.3077913, 13.1723481 ], [ -4.3067609, 13.1692126 ], [ -4.3086831, 13.1660227 ], [ -4.3088171, 13.1636584 ], [ -4.3120805, 13.1633081 ], [ -4.3140044, 13.1609557 ], [ -4.3168908, 13.1594533 ], [ -4.3170101, 13.1570955 ], [ -4.3201232, 13.1535926 ], [ -4.3263512, 13.1534155 ], [ -4.3304243, 13.150448 ], [ -4.330745, 13.1485857 ], [ -4.3364537, 13.144309 ], [ -4.3396355, 13.144553 ], [ -4.3418056, 13.1400987 ], [ -4.345388, 13.124453 ], [ -4.346929, 13.119637 ], [ -4.3454551, 13.1145162 ], [ -4.3397101, 13.1110555 ], [ -4.3342004, 13.1095583 ], [ -4.3325374, 13.1105644 ], [ -4.3302674, 13.1058515 ], [ -4.3300217, 13.0982879 ], [ -4.3205984, 13.0952686 ], [ -4.3149777, 13.091641 ], [ -4.30686, 13.075907 ], [ -4.274882, 13.039498 ], [ -4.273148, 13.034105 ], [ -4.27334, 13.0316 ], [ -4.27546, 13.024473 ], [ -4.275074, 13.019464 ], [ -4.2727061, 13.0143489 ], [ -4.268717, 13.007135 ], [ -4.268332, 13.001163 ], [ -4.2659394, 12.992924 ], [ -4.2640312, 12.9903161 ], [ -4.2428499, 12.9821744 ], [ -4.2303192, 12.9770858 ], [ -4.2263755, 12.9751139 ], [ -4.2236404, 12.9718063 ], [ -4.2181065, 12.9623288 ], [ -4.2153714, 12.92162 ], [ -4.2153293, 12.9133889 ], [ -4.2181133, 12.9030382 ], [ -4.2211597, 12.8884805 ], [ -4.2242765, 12.8788121 ], [ -4.225323, 12.863563 ], [ -4.2238954, 12.8577809 ], [ -4.220112, 12.8469305 ], [ -4.2116887, 12.8249443 ], [ -4.2081909, 12.8166638 ], [ -4.211795, 12.810835 ], [ -4.2162619, 12.8073173 ], [ -4.216757, 12.8050282 ], [ -4.2160431, 12.7983182 ], [ -4.2165164, 12.7781214 ], [ -4.2168284, 12.7762605 ], [ -4.2248947, 12.7599137 ], [ -4.2269649, 12.7527039 ], [ -4.232907, 12.7345564 ], [ -4.234685, 12.7327276 ], [ -4.2339805, 12.7293108 ], [ -4.2325572, 12.7275146 ], [ -4.2357424, 12.7256461 ], [ -4.2389927, 12.7260906 ], [ -4.2412646, 12.7224305 ], [ -4.2448094, 12.7202646 ], [ -4.2461253, 12.7173495 ], [ -4.251776, 12.7188921 ], [ -4.255269, 12.7124807 ], [ -4.2612804, 12.7098842 ], [ -4.2638159, 12.7066168 ], [ -4.2669534, 12.7041428 ], [ -4.2690123, 12.7046167 ], [ -4.2705745, 12.7087379 ], [ -4.2736466, 12.7066462 ], [ -4.2760324, 12.7064599 ], [ -4.2778266, 12.7080091 ], [ -4.2805949, 12.7073034 ], [ -4.2822092, 12.7099275 ], [ -4.2844741, 12.7088751 ], [ -4.2893887, 12.7083628 ], [ -4.2916949, 12.707265 ], [ -4.2948908, 12.7043125 ], [ -4.3002447, 12.7011616 ], [ -4.309605, 12.708241 ], [ -4.312701, 12.709226 ], [ -4.3253315, 12.7115091 ], [ -4.3236182, 12.7198967 ], [ -4.3265878, 12.7239014 ], [ -4.3461755, 12.744003 ], [ -4.359705, 12.740328 ], [ -4.3731397, 12.7340057 ], [ -4.377659, 12.728108 ], [ -4.3938381, 12.7205668 ], [ -4.3952668, 12.7204752 ], [ -4.4009525, 12.7168671 ], [ -4.4093087, 12.7175685 ], [ -4.4103533, 12.7166098 ], [ -4.4153984, 12.7156702 ], [ -4.418685, 12.7162126 ], [ -4.4206979, 12.7144575 ], [ -4.4233031, 12.7148213 ], [ -4.4316074, 12.7108184 ], [ -4.4340869, 12.713985 ], [ -4.4363149, 12.7134111 ], [ -4.4379069, 12.7157508 ], [ -4.4419259, 12.7179649 ], [ -4.4439896, 12.7171031 ], [ -4.4447257, 12.7144158 ], [ -4.4495417, 12.7157162 ], [ -4.4514001, 12.7140368 ], [ -4.4560958, 12.7197623 ], [ -4.45999, 12.7212675 ], [ -4.4633365, 12.7197465 ], [ -4.4670381, 12.7205226 ], [ -4.4681472, 12.7230155 ], [ -4.4709482, 12.7216728 ], [ -4.4725822, 12.7224273 ], [ -4.4738342, 12.7256401 ], [ -4.4758017, 12.7270524 ], [ -4.4779793, 12.7251927 ], [ -4.4791522, 12.722483 ], [ -4.4780984, 12.7213099 ], [ -4.4723074, 12.7211293 ], [ -4.4722789, 12.7179222 ], [ -4.4690227, 12.7145799 ], [ -4.4698131, 12.7116582 ], [ -4.4728355, 12.7089162 ], [ -4.4724112, 12.7042723 ], [ -4.4710617, 12.70068 ], [ -4.4688626, 12.6982447 ], [ -4.4691922, 12.6950633 ], [ -4.4672252, 12.6907689 ], [ -4.4701696, 12.6873696 ], [ -4.4706867, 12.6839969 ], [ -4.4697975, 12.6824917 ], [ -4.4711899, 12.6800831 ], [ -4.473796, 12.6806025 ], [ -4.4768802, 12.6782338 ], [ -4.4756155, 12.6756547 ], [ -4.4802257, 12.6718482 ], [ -4.4787294, 12.6682828 ], [ -4.4799674, 12.6634244 ], [ -4.4806134, 12.6581468 ], [ -4.4787525, 12.6570814 ], [ -4.4780486, 12.6545229 ], [ -4.4748827, 12.6523296 ], [ -4.472483, 12.6496346 ], [ -4.4684968, 12.6482705 ], [ -4.4665309, 12.6454687 ], [ -4.4597276, 12.6387823 ], [ -4.4596146, 12.6346739 ], [ -4.4564411, 12.6324095 ], [ -4.4524692, 12.625633 ], [ -4.4456401, 12.6269417 ], [ -4.4378117, 12.6259899 ], [ -4.4297929, 12.6234677 ], [ -4.4238919, 12.619375 ], [ -4.4157303, 12.6111897 ], [ -4.41159, 12.6097382 ], [ -4.4090202, 12.6052648 ], [ -4.4101713, 12.6008628 ], [ -4.403838, 12.5803757 ], [ -4.4019925, 12.5673608 ], [ -4.4022764, 12.5605001 ], [ -4.3959966, 12.5574095 ], [ -4.3866202, 12.5539793 ], [ -4.384372, 12.5514501 ], [ -4.3824762, 12.5516748 ], [ -4.3729844, 12.5461616 ], [ -4.3704145, 12.5436618 ], [ -4.3653122, 12.5357244 ], [ -4.3650306, 12.532235 ], [ -4.3728422, 12.5249287 ], [ -4.3754774, 12.5231101 ], [ -4.3779433, 12.5194709 ], [ -4.3835204, 12.5144613 ], [ -4.3869507, 12.5126278 ], [ -4.3891052, 12.5103782 ], [ -4.3929055, 12.5080094 ], [ -4.3956861, 12.5046234 ], [ -4.3986735, 12.5026764 ], [ -4.401348, 12.5021473 ], [ -4.4076157, 12.4973449 ], [ -4.4081894, 12.4959011 ], [ -4.4120566, 12.4938171 ], [ -4.4153754, 12.4904552 ], [ -4.4153929, 12.4892302 ], [ -4.4204302, 12.4852497 ], [ -4.4215613, 12.4787984 ], [ -4.4229208, 12.4766368 ], [ -4.4241298, 12.4722664 ], [ -4.4233408, 12.4709788 ], [ -4.422562, 12.4632 ], [ -4.42416, 12.461819 ], [ -4.4287771, 12.4539979 ], [ -4.4301769, 12.449512 ], [ -4.4313945, 12.4414462 ], [ -4.4334171, 12.4355571 ], [ -4.4392468, 12.4222916 ], [ -4.4407893, 12.4152954 ], [ -4.4407934, 12.4093235 ], [ -4.4396234, 12.4021607 ], [ -4.4345551, 12.3920004 ], [ -4.42497, 12.3736911 ], [ -4.4090172, 12.3448377 ], [ -4.4050338, 12.3346723 ], [ -4.3969362, 12.3103183 ], [ -4.402206, 12.308562 ], [ -4.415998, 12.303355 ], [ -4.418917, 12.3024874 ], [ -4.4210634, 12.3047569 ], [ -4.4245813, 12.3060116 ], [ -4.4275123, 12.3081982 ], [ -4.4295707, 12.3239882 ], [ -4.4354718, 12.3247259 ], [ -4.4395645, 12.3335537 ], [ -4.4519377, 12.332816 ], [ -4.4715378, 12.3320745 ], [ -4.4736738, 12.3307269 ], [ -4.4754721, 12.3274224 ], [ -4.4777443, 12.3169546 ], [ -4.4780966, 12.3083236 ], [ -4.4772159, 12.3005734 ], [ -4.4751022, 12.2928231 ], [ -4.473298, 12.2880472 ], [ -4.4714032, 12.2856013 ], [ -4.4765114, 12.2803171 ], [ -4.4931064, 12.2698492 ], [ -4.5092108, 12.260106 ], [ -4.5140582, 12.2558619 ], [ -4.5214184, 12.2506459 ], [ -4.5220198, 12.2484844 ], [ -4.5253341, 12.2455617 ], [ -4.5257883, 12.2439146 ], [ -4.5298662, 12.2415673 ], [ -4.5304537, 12.2398974 ], [ -4.5297157, 12.2348552 ], [ -4.5350752, 12.2336143 ], [ -4.5376478, 12.2347786 ], [ -4.5429438, 12.2326145 ], [ -4.545347, 12.2291276 ], [ -4.5508904, 12.2265166 ], [ -4.5504147, 12.2237737 ], [ -4.5614337, 12.2163549 ], [ -4.5689672, 12.2086212 ], [ -4.5711058, 12.2090929 ], [ -4.5735449, 12.2053194 ], [ -4.579951, 12.201887 ], [ -4.5774328, 12.1928203 ], [ -4.5759695, 12.1897869 ], [ -4.5659089, 12.1729126 ], [ -4.5553, 12.15726 ], [ -4.5525588, 12.1576092 ], [ -4.5497746, 12.1547713 ], [ -4.5459692, 12.1469536 ], [ -4.5443631, 12.1415919 ], [ -4.5576513, 12.1385756 ], [ -4.5681209, 12.1380759 ], [ -4.5798041, 12.138528 ], [ -4.5905013, 12.1395563 ], [ -4.5992681, 12.1399557 ], [ -4.6068279, 12.1391122 ], [ -4.610196, 12.131985 ], [ -4.614722, 12.125088 ], [ -4.620182, 12.119556 ], [ -4.623631, 12.117687 ], [ -4.6281785, 12.1140433 ], [ -4.6286204, 12.09449 ], [ -4.6296554, 12.0829846 ], [ -4.6294533, 12.068881 ], [ -4.6296197, 12.0596421 ], [ -4.6181021, 12.0555811 ], [ -4.6155725, 12.0557041 ], [ -4.6117473, 12.0574093 ], [ -4.6031108, 12.0633144 ], [ -4.5906448, 12.0704536 ], [ -4.5761595, 12.0742273 ], [ -4.5575123, 12.0748196 ], [ -4.5445485, 12.0734968 ], [ -4.5395236, 12.076231 ], [ -4.534914, 12.0819941 ], [ -4.5300875, 12.0855503 ], [ -4.5278659, 12.0878706 ], [ -4.5254107, 12.0938845 ], [ -4.5213761, 12.1004686 ], [ -4.5181737, 12.1033278 ], [ -4.5081038, 12.1058626 ], [ -4.504046, 12.1074047 ], [ -4.4947405, 12.0983753 ], [ -4.4902744, 12.0949783 ], [ -4.4871702, 12.0900068 ], [ -4.4851952, 12.093502 ], [ -4.4839692, 12.0932369 ], [ -4.4779439, 12.089078 ], [ -4.4754548, 12.0853796 ], [ -4.4726658, 12.0793123 ], [ -4.470324, 12.0770884 ], [ -4.467525, 12.0708218 ], [ -4.4677634, 12.0676889 ], [ -4.4705811, 12.0605593 ], [ -4.4717813, 12.0522623 ], [ -4.476449, 12.043829 ], [ -4.4800749, 12.0409317 ], [ -4.4825363, 12.035841 ], [ -4.4828672, 12.0327988 ], [ -4.4822321, 12.0268278 ], [ -4.4828315, 12.0225792 ], [ -4.4854741, 12.0170269 ], [ -4.4860377, 12.0099268 ], [ -4.4845471, 12.0039616 ], [ -4.4739914, 12.0017986 ], [ -4.4684768, 12.0025425 ], [ -4.4651723, 12.0022602 ], [ -4.4594736, 12.0045261 ], [ -4.4564834, 12.0029573 ], [ -4.4515548, 12.0017967 ], [ -4.4484568, 12.0021839 ], [ -4.44415, 12.0000534 ], [ -4.4400649, 12.0000525 ], [ -4.4353704, 12.001359 ], [ -4.433928, 11.9970436 ], [ -4.4342513, 11.9941902 ], [ -4.4415278, 11.9773636 ], [ -4.4456286, 11.9725456 ], [ -4.4550261, 11.9704971 ], [ -4.4575763, 11.9693432 ], [ -4.4573321, 11.9670362 ], [ -4.4512262, 11.9612207 ], [ -4.4499578, 11.9583397 ], [ -4.4490991, 11.953166 ], [ -4.4494405, 11.9487562 ], [ -4.4586692, 11.9326973 ], [ -4.4573088, 11.9298172 ], [ -4.4502211, 11.9272099 ], [ -4.4466338, 11.9225397 ], [ -4.4473419, 11.9195127 ], [ -4.4536324, 11.9118776 ], [ -4.4558158, 11.9033489 ], [ -4.4560595, 11.8935003 ], [ -4.4552431, 11.8785601 ], [ -4.4565678, 11.8710318 ], [ -4.4588094, 11.8523645 ], [ -4.4586244, 11.8460932 ], [ -4.4616714, 11.8360128 ], [ -4.4626741, 11.8316078 ], [ -4.4641385, 11.8213186 ], [ -4.4664192, 11.8168983 ], [ -4.472024, 11.8133764 ], [ -4.4753137, 11.8131237 ], [ -4.4784732, 11.8111439 ], [ -4.4858818, 11.8035383 ], [ -4.4880333, 11.8005772 ], [ -4.4915681, 11.8014183 ], [ -4.4917564, 11.7991724 ], [ -4.4948688, 11.7985229 ], [ -4.4979081, 11.7949772 ], [ -4.4974623, 11.7837372 ], [ -4.4962001, 11.774231 ], [ -4.4944358, 11.7668266 ], [ -4.4929099, 11.762291 ], [ -4.4917774, 11.7559156 ], [ -4.4919758, 11.74928 ], [ -4.4910092, 11.7444782 ], [ -4.4890099, 11.7405787 ], [ -4.4860568, 11.7371178 ], [ -4.476335, 11.729764 ], [ -4.473021, 11.7257528 ], [ -4.4658871, 11.720747 ], [ -4.4617934, 11.7184687 ], [ -4.4588437, 11.7153788 ], [ -4.4558678, 11.7141266 ], [ -4.4513392, 11.7098131 ], [ -4.4483638, 11.7085695 ], [ -4.4457173, 11.7101765 ], [ -4.4434357, 11.7128124 ], [ -4.4423194, 11.7183218 ], [ -4.4353442, 11.7276878 ], [ -4.4262581, 11.7344494 ], [ -4.42377, 11.7379913 ], [ -4.4192228, 11.7478714 ], [ -4.4171247, 11.7505064 ], [ -4.4135261, 11.752841 ], [ -4.4047036, 11.7546225 ], [ -4.3982596, 11.7528524 ], [ -4.39465, 11.7500277 ], [ -4.3891325, 11.7495651 ], [ -4.3830352, 11.7504721 ], [ -4.3805137, 11.7499685 ], [ -4.3778338, 11.7474375 ], [ -4.3754115, 11.7464714 ], [ -4.3674374, 11.7471609 ], [ -4.3659539, 11.7464981 ], [ -4.3638816, 11.7408409 ], [ -4.3605623, 11.7372808 ], [ -4.3568015, 11.7320576 ], [ -4.3561292, 11.7268829 ], [ -4.3537493, 11.7236176 ], [ -4.351511, 11.7227497 ], [ -4.346272, 11.7226563 ], [ -4.3417501, 11.7259178 ], [ -4.3381591, 11.7296371 ], [ -4.3334661, 11.7286358 ], [ -4.3319254, 11.7291946 ], [ -4.3279958, 11.7333136 ], [ -4.3245769, 11.7349224 ], [ -4.3222561, 11.7374678 ], [ -4.3176866, 11.7405024 ], [ -4.3098307, 11.7426195 ], [ -4.303628, 11.746232 ], [ -4.3014531, 11.7486229 ], [ -4.3000207, 11.7522593 ], [ -4.2986088, 11.7529631 ], [ -4.2952394, 11.7587624 ], [ -4.2949028, 11.7628098 ], [ -4.2969232, 11.7658606 ], [ -4.2967553, 11.7688665 ], [ -4.2951908, 11.7719421 ], [ -4.2945719, 11.7764435 ], [ -4.2891145, 11.7769384 ], [ -4.2886581, 11.7809868 ], [ -4.2869234, 11.7849236 ], [ -4.2816563, 11.7884226 ], [ -4.279676, 11.7910843 ], [ -4.2764468, 11.7975254 ], [ -4.2737327, 11.7988319 ], [ -4.2750721, 11.8017406 ], [ -4.2742577, 11.8041706 ], [ -4.2699823, 11.8041162 ], [ -4.2691088, 11.8075514 ], [ -4.2715626, 11.8125639 ], [ -4.27244, 11.8167248 ], [ -4.2701077, 11.8345585 ], [ -4.2694302, 11.8420115 ], [ -4.2665343, 11.8473015 ], [ -4.262063, 11.8519287 ], [ -4.2598567, 11.8554783 ], [ -4.255188, 11.8663607 ], [ -4.2517524, 11.8826971 ], [ -4.2500262, 11.8972244 ], [ -4.2468443, 11.9094219 ], [ -4.24613, 11.9134626 ], [ -4.2444029, 11.9278088 ], [ -4.2412076, 11.9288549 ], [ -4.2208304, 11.9314499 ], [ -4.1903195, 11.9346828 ], [ -4.1748486, 11.9345932 ], [ -4.159905, 11.937089 ], [ -4.1447988, 11.9383812 ], [ -4.1240706, 11.9393053 ], [ -4.1214342, 11.9399948 ], [ -4.1168866, 11.9430447 ], [ -4.1091547, 11.9515657 ], [ -4.1010914, 11.9581423 ], [ -4.0960798, 11.9605427 ], [ -4.0869846, 11.9610205 ], [ -4.0773325, 11.9605684 ], [ -4.0699482, 11.9591475 ], [ -4.0621672, 11.9593754 ], [ -4.0549598, 11.9584064 ], [ -4.0457215, 11.955842 ], [ -4.0339904, 11.9512043 ], [ -4.0295978, 11.9502068 ], [ -4.021781, 11.946559 ], [ -4.0061231, 11.9404278 ], [ -4.0061221, 11.9391336 ], [ -3.9995127, 11.9397898 ], [ -3.9944232, 11.9387426 ], [ -3.9879932, 11.9381981 ], [ -3.9841654, 11.939043 ], [ -3.9812067, 11.9386749 ], [ -3.9855094, 11.9274416 ] ] ] ] } },
{ "type": "Feature", "properties": { "region": "Cascades", "id_adm": 2.0 }, "geometry": { "type": "MultiPolygon", "coordinates": [ [ [ [ -4.774889, 10.872818 ], [ -4.7827468, 10.8736019 ], [ -4.786407, 10.8744841 ], [ -4.7958083, 10.8754158 ], [ -4.8001442, 10.8752689 ], [ -4.8119702, 10.8761425 ], [ -4.8149981, 10.8759336 ], [ -4.8250308, 10.8779097 ], [ -4.836484, 10.8787918 ], [ -4.8446536, 10.8789673 ], [ -4.8562546, 10.878233 ], [ -4.8596168, 10.8783379 ], [ -4.8643088, 10.8774891 ], [ -4.872663, 10.8717623 ], [ -4.8760562, 10.8712206 ], [ -4.8784432, 10.8734684 ], [ -4.8792281, 10.8789339 ], [ -4.8834548, 10.8781424 ], [ -4.8989315, 10.8775435 ], [ -4.9113059, 10.8779402 ], [ -4.9180064, 10.877182 ], [ -4.9290552, 10.8748903 ], [ -4.9354234, 10.8752346 ], [ -4.9385781, 10.8784313 ], [ -4.9513402, 10.8863831 ], [ -4.9545422, 10.8872299 ], [ -4.9601707, 10.8874712 ], [ -4.9628329, 10.889843 ], [ -4.968987, 10.8899374 ], [ -4.9738584, 10.8870554 ], [ -4.9789419, 10.8791084 ], [ -4.9842029, 10.875988 ], [ -4.9876471, 10.8670273 ], [ -4.989717, 10.8631392 ], [ -4.9969668, 10.852294 ], [ -5.0009303, 10.8403616 ], [ -5.0033526, 10.8365011 ], [ -5.0069809, 10.835248 ], [ -5.006978, 10.8323669 ], [ -5.0131655, 10.8328867 ], [ -5.0181618, 10.8346434 ], [ -5.0217395, 10.8350811 ], [ -5.0308447, 10.8339729 ], [ -5.0368528, 10.8339996 ], [ -5.0403776, 10.8324127 ], [ -5.0439348, 10.8291702 ], [ -5.0476923, 10.8275862 ], [ -5.0552478, 10.8270912 ], [ -5.0588069, 10.8261032 ], [ -5.0673175, 10.8220367 ], [ -5.0747685, 10.8220911 ], [ -5.0853758, 10.8251066 ], [ -5.0898423, 10.8253307 ], [ -5.0943298, 10.8242502 ], [ -5.1051044, 10.8237429 ], [ -5.1196961, 10.8206215 ], [ -5.1260304, 10.8182144 ], [ -5.1302333, 10.8176517 ], [ -5.1445465, 10.8120394 ], [ -5.151618, 10.8076229 ], [ -5.1594477, 10.8049212 ], [ -5.1710663, 10.798934 ], [ -5.1790366, 10.7961435 ], [ -5.1844449, 10.793395 ], [ -5.1938839, 10.7892981 ], [ -5.2005763, 10.7873707 ], [ -5.2021418, 10.7884903 ], [ -5.2072735, 10.7977448 ], [ -5.2171879, 10.8077354 ], [ -5.219274, 10.8155508 ], [ -5.2233701, 10.8229914 ], [ -5.2249298, 10.8315315 ], [ -5.2248073, 10.8404093 ], [ -5.2253485, 10.8437786 ], [ -5.2250113, 10.849247 ], [ -5.227107, 10.8541651 ], [ -5.2321863, 10.860425 ], [ -5.2363949, 10.8629446 ], [ -5.2490582, 10.8607941 ], [ -5.253149, 10.8587542 ], [ -5.2576408, 10.8552055 ], [ -5.2666154, 10.8519936 ], [ -5.2676921, 10.86308 ], [ -5.269177, 10.8707905 ], [ -5.2701354, 10.8792295 ], [ -5.2704568, 10.8893099 ], [ -5.2721105, 10.9004288 ], [ -5.274817, 10.9100504 ], [ -5.2794981, 10.9187412 ], [ -5.282804, 10.9212894 ], [ -5.2881522, 10.924242 ], [ -5.3030987, 10.9345989 ], [ -5.3121266, 10.9401045 ], [ -5.3166513, 10.9422598 ], [ -5.3251157, 10.9455462 ], [ -5.3409424, 10.9537554 ], [ -5.3469615, 10.9557533 ], [ -5.3547277, 10.9590263 ], [ -5.3645363, 10.9652348 ], [ -5.3778596, 10.9728432 ], [ -5.3838387, 10.9770479 ], [ -5.3981566, 10.988905 ], [ -5.4010715, 10.9925461 ], [ -5.4046321, 10.9989615 ], [ -5.3957829, 10.9989586 ], [ -5.4000564, 11.003273 ], [ -5.4182239, 11.0155611 ], [ -5.4240265, 11.0179405 ], [ -5.4320621, 11.0190163 ], [ -5.43683, 11.0203896 ], [ -5.4430952, 11.0211906 ], [ -5.4538355, 11.02143 ], [ -5.4746342, 11.020064 ], [ -5.4737192, 11.0165018 ], [ -5.4754419, 11.0098479 ], [ -5.4750262, 11.0079795 ], [ -5.4804132, 10.9982752 ], [ -5.481516, 10.9942206 ], [ -5.4842073, 10.9886551 ], [ -5.4876618, 10.9848389 ], [ -5.491708, 10.9780719 ], [ -5.4924308, 10.9737571 ], [ -5.488518, 10.9728713 ], [ -5.4836505, 10.9732679 ], [ -5.4794392, 10.9745155 ], [ -5.4711777, 10.9791121 ], [ -5.4649677, 10.9813271 ], [ -5.4591751, 10.9839881 ], [ -5.4531802, 10.9780461 ], [ -5.451194, 10.974057 ], [ -5.4517713, 10.970813 ], [ -5.4548342, 10.9640933 ], [ -5.4562379, 10.9592562 ], [ -5.4559393, 10.9550463 ], [ -5.4546814, 10.9512582 ], [ -5.4554202, 10.947286 ], [ -5.4542334, 10.9437282 ], [ -5.4510356, 10.9395144 ], [ -5.4473214, 10.9288027 ], [ -5.4451253, 10.9213819 ], [ -5.4449835, 10.9137029 ], [ -5.4461908, 10.9066406 ], [ -5.4490291, 10.9026712 ], [ -5.4516975, 10.9008525 ], [ -5.4456478, 10.8950223 ], [ -5.4391445, 10.8927145 ], [ -5.4332553, 10.8871109 ], [ -5.4305428, 10.8850764 ], [ -5.4188923, 10.8794129 ], [ -5.4163046, 10.8777473 ], [ -5.4137765, 10.8683782 ], [ -5.409819, 10.862457 ], [ -5.404851, 10.857895 ], [ -5.402723, 10.854347 ], [ -5.403939, 10.848569 ], [ -5.411238, 10.837113 ], [ -5.4104621, 10.827613 ], [ -5.4142089, 10.8264738 ], [ -5.4150439, 10.8251197 ], [ -5.4157525, 10.8197173 ], [ -5.419247, 10.814709 ], [ -5.4213015, 10.8060363 ], [ -5.423403, 10.80224 ], [ -5.428066, 10.795448 ], [ -5.4288563, 10.7913134 ], [ -5.4298378, 10.7816468 ], [ -5.4322173, 10.7751925 ], [ -5.445807, 10.765745 ], [ -5.452295, 10.765036 ], [ -5.461723, 10.766962 ], [ -5.4666894, 10.7663387 ], [ -5.4681053, 10.7651451 ], [ -5.4661421, 10.7586292 ], [ -5.462939, 10.759359 ], [ -5.459087, 10.758243 ], [ -5.457566, 10.756317 ], [ -5.455843, 10.751756 ], [ -5.455944, 10.748715 ], [ -5.4602887, 10.7423299 ], [ -5.461288, 10.7335021 ], [ -5.4629061, 10.729457 ], [ -5.462432, 10.725297 ], [ -5.460304, 10.717491 ], [ -5.460101, 10.712118 ], [ -5.462331, 10.704819 ], [ -5.46517, 10.69823 ], [ -5.4653145, 10.692607 ], [ -5.4635251, 10.6763315 ], [ -5.464054, 10.673292 ], [ -5.4641362, 10.6631421 ], [ -5.4626324, 10.6541192 ], [ -5.4619155, 10.6437643 ], [ -5.4632367, 10.6368141 ], [ -5.464616, 10.6361044 ], [ -5.4658581, 10.6328117 ], [ -5.4685055, 10.6299702 ], [ -5.4718679, 10.6285116 ], [ -5.4722952, 10.6259465 ], [ -5.4746898, 10.624111 ], [ -5.4784392, 10.6240643 ], [ -5.4784224, 10.621075 ], [ -5.4764234, 10.6209683 ], [ -5.4739853, 10.6187984 ], [ -5.4748601, 10.6141935 ], [ -5.4728145, 10.6126455 ], [ -5.4739972, 10.6100511 ], [ -5.4731331, 10.6076855 ], [ -5.4671273, 10.6087701 ], [ -5.4627966, 10.6033102 ], [ -5.4601021, 10.6025567 ], [ -5.461241, 10.599322 ], [ -5.4595487, 10.5956952 ], [ -5.4608859, 10.594734 ], [ -5.4603084, 10.5911276 ], [ -5.4640691, 10.5886735 ], [ -5.4670928, 10.5881213 ], [ -5.4675083, 10.5842528 ], [ -5.4654764, 10.5839595 ], [ -5.465195, 10.5812835 ], [ -5.4636293, 10.579543 ], [ -5.4638649, 10.5734186 ], [ -5.4611155, 10.5680958 ], [ -5.4609262, 10.5652531 ], [ -5.4588759, 10.5626544 ], [ -5.4576079, 10.5583636 ], [ -5.4576573, 10.5554719 ], [ -5.4604418, 10.5534445 ], [ -5.4635417, 10.5531704 ], [ -5.4676654, 10.5508746 ], [ -5.4676513, 10.5492314 ], [ -5.4707183, 10.5468743 ], [ -5.4727933, 10.5410126 ], [ -5.4722089, 10.5357786 ], [ -5.4767824, 10.5253699 ], [ -5.4795913, 10.523432 ], [ -5.4770664, 10.5211288 ], [ -5.4777703, 10.5168315 ], [ -5.4792606, 10.515035 ], [ -5.478905, 10.5120347 ], [ -5.4823644, 10.51177 ], [ -5.4857188, 10.5083097 ], [ -5.4866461, 10.5053515 ], [ -5.4856262, 10.5027581 ], [ -5.4875304, 10.5013445 ], [ -5.48829, 10.497785 ], [ -5.4905855, 10.4944703 ], [ -5.4887706, 10.4910478 ], [ -5.4885897, 10.4884224 ], [ -5.4932527, 10.4891215 ], [ -5.4936799, 10.4851359 ], [ -5.4925562, 10.4827204 ], [ -5.4936097, 10.4803683 ], [ -5.4958895, 10.4807825 ], [ -5.5001892, 10.4766108 ], [ -5.4976084, 10.4754299 ], [ -5.4977224, 10.4725422 ], [ -5.503838, 10.4688991 ], [ -5.5029327, 10.4629354 ], [ -5.5080724, 10.4605749 ], [ -5.5070753, 10.4570191 ], [ -5.5044851, 10.4553638 ], [ -5.5053793, 10.4523911 ], [ -5.5039597, 10.4493071 ], [ -5.5063228, 10.4465315 ], [ -5.5072958, 10.4438418 ], [ -5.5109997, 10.4393658 ], [ -5.5121187, 10.4367542 ], [ -5.5117788, 10.4321805 ], [ -5.513207, 10.430789 ], [ -5.5096675, 10.430488 ], [ -5.5063337, 10.4279633 ], [ -5.5097505, 10.4244033 ], [ -5.5089181, 10.4229638 ], [ -5.5056182, 10.4219814 ], [ -5.5019071, 10.4233548 ], [ -5.4994447, 10.4226784 ], [ -5.5012393, 10.4151378 ], [ -5.4998355, 10.4107719 ], [ -5.4959112, 10.4080428 ], [ -5.4928448, 10.4067314 ], [ -5.4909806, 10.4070797 ], [ -5.488383, 10.4052229 ], [ -5.4890815, 10.4012314 ], [ -5.4875704, 10.3976576 ], [ -5.4881903, 10.3965123 ], [ -5.4838895, 10.3892681 ], [ -5.4838876, 10.3838617 ], [ -5.480404, 10.3830149 ], [ -5.4832647, 10.37888 ], [ -5.4813191, 10.3765612 ], [ -5.4751846, 10.373156 ], [ -5.4712748, 10.375202 ], [ -5.4660452, 10.3761203 ], [ -5.463302, 10.3711884 ], [ -5.4629054, 10.3661676 ], [ -5.4601053, 10.3636534 ], [ -5.461117, 10.3618992 ], [ -5.46107, 10.357365 ], [ -5.4586739, 10.3553203 ], [ -5.4594365, 10.3510121 ], [ -5.4626091, 10.3532142 ], [ -5.4647308, 10.35211 ], [ -5.4612531, 10.346693 ], [ -5.4566225, 10.3453024 ], [ -5.4557576, 10.3428673 ], [ -5.4529897, 10.3403698 ], [ -5.4496446, 10.3395819 ], [ -5.4449284, 10.3421556 ], [ -5.4410132, 10.3408998 ], [ -5.4371303, 10.3363577 ], [ -5.4361761, 10.333436 ], [ -5.4373999, 10.3283569 ], [ -5.4376612, 10.3219939 ], [ -5.4344869, 10.3211221 ], [ -5.4333692, 10.3181844 ], [ -5.4314199, 10.3176367 ], [ -5.4282962, 10.3185469 ], [ -5.4258529, 10.3228091 ], [ -5.4223684, 10.3230325 ], [ -5.4167896, 10.3186874 ], [ -5.4152931, 10.313187 ], [ -5.4164712, 10.3064117 ], [ -5.4141261, 10.3054908 ], [ -5.410713, 10.3058542 ], [ -5.4077396, 10.3041593 ], [ -5.4030931, 10.2960946 ], [ -5.3981018, 10.2950753 ], [ -5.3950439, 10.2971589 ], [ -5.3904345, 10.2949556 ], [ -5.3882928, 10.2920293 ], [ -5.3857917, 10.291884 ], [ -5.3839858, 10.2898135 ], [ -5.3812981, 10.2904025 ], [ -5.3804359, 10.2940545 ], [ -5.3766111, 10.2959452 ], [ -5.3726392, 10.2943773 ], [ -5.3685846, 10.2844107 ], [ -5.3628728, 10.282467 ], [ -5.3585249, 10.283569 ], [ -5.3583867, 10.2849652 ], [ -5.3551384, 10.288034 ], [ -5.3545454, 10.2921522 ], [ -5.3533073, 10.293283 ], [ -5.3542647, 10.2958964 ], [ -5.3521437, 10.3028142 ], [ -5.3492788, 10.3049193 ], [ -5.3468184, 10.3054141 ], [ -5.3465768, 10.3028492 ], [ -5.3414756, 10.2995871 ], [ -5.3388178, 10.2992468 ], [ -5.3321325, 10.2960736 ], [ -5.3273377, 10.2923418 ], [ -5.3226478, 10.2904533 ], [ -5.3190082, 10.2956758 ], [ -5.3149648, 10.2983826 ], [ -5.3121303, 10.2991035 ], [ -5.3110698, 10.3016601 ], [ -5.3059383, 10.3004909 ], [ -5.2997841, 10.3063866 ], [ -5.2942892, 10.3035229 ], [ -5.2913583, 10.3071104 ], [ -5.2921433, 10.3131004 ], [ -5.2961564, 10.3131783 ], [ -5.2989542, 10.3150278 ], [ -5.292782, 10.3168449 ], [ -5.2915351, 10.3192881 ], [ -5.2895162, 10.3203344 ], [ -5.2882, 10.318192 ], [ -5.2844129, 10.3190756 ], [ -5.2838889, 10.3151749 ], [ -5.2804273, 10.3108512 ], [ -5.273759, 10.3082472 ], [ -5.2700418, 10.3078279 ], [ -5.2692536, 10.3094281 ], [ -5.2711331, 10.3121043 ], [ -5.2688902, 10.3142464 ], [ -5.2665062, 10.3134004 ], [ -5.2640845, 10.3139839 ], [ -5.2603183, 10.3120263 ], [ -5.2598523, 10.3067086 ], [ -5.2568432, 10.3054352 ], [ -5.2534619, 10.3086922 ], [ -5.2475797, 10.3123782 ], [ -5.2446383, 10.3122438 ], [ -5.241926, 10.3136894 ], [ -5.2344466, 10.3131947 ], [ -5.2324302, 10.3142869 ], [ -5.22739, 10.3147757 ], [ -5.2221873, 10.31443 ], [ -5.220313, 10.3118269 ], [ -5.2137319, 10.3068748 ], [ -5.2112159, 10.3064968 ], [ -5.2084034, 10.3096111 ], [ -5.2082731, 10.3113963 ], [ -5.2059762, 10.3141564 ], [ -5.203355, 10.3148976 ], [ -5.2011598, 10.3208019 ], [ -5.1979244, 10.3214414 ], [ -5.1941255, 10.3190643 ], [ -5.1961398, 10.3151819 ], [ -5.19909, 10.3116008 ], [ -5.1995704, 10.3083934 ], [ -5.1984532, 10.3073863 ], [ -5.191373, 10.3047089 ], [ -5.1816259, 10.297999 ], [ -5.1817801, 10.2946598 ], [ -5.1850291, 10.2942847 ], [ -5.1869281, 10.2998298 ], [ -5.1888469, 10.3004792 ], [ -5.1889773, 10.2969082 ], [ -5.1914535, 10.2935154 ], [ -5.1908098, 10.2905199 ], [ -5.1888865, 10.287928 ], [ -5.1853265, 10.2878828 ], [ -5.1823619, 10.2892791 ], [ -5.1763756, 10.293728 ], [ -5.1728086, 10.2935525 ], [ -5.1723294, 10.290507 ], [ -5.1695138, 10.287774 ], [ -5.1673108, 10.2871583 ], [ -5.1611537, 10.2873576 ], [ -5.1559414, 10.2863831 ], [ -5.1530287, 10.2881613 ], [ -5.1487065, 10.2893329 ], [ -5.1471011, 10.2908717 ], [ -5.1455839, 10.2949091 ], [ -5.1378123, 10.30051 ], [ -5.1365247, 10.3025803 ], [ -5.1343043, 10.3013639 ], [ -5.131888, 10.303216 ], [ -5.1307164, 10.3059737 ], [ -5.1312312, 10.3090014 ], [ -5.1298978, 10.3107362 ], [ -5.1270419, 10.3085892 ], [ -5.1239136, 10.3012578 ], [ -5.1221157, 10.3009059 ], [ -5.1190322, 10.3037309 ], [ -5.1162811, 10.3047511 ], [ -5.1124431, 10.3078212 ], [ -5.110027, 10.3060116 ], [ -5.111887, 10.3026178 ], [ -5.1121587, 10.2986308 ], [ -5.1149387, 10.2916075 ], [ -5.1170359, 10.2900628 ], [ -5.1198259, 10.2858762 ], [ -5.1204306, 10.2830591 ], [ -5.1185039, 10.280876 ], [ -5.1150953, 10.2798969 ], [ -5.1104545, 10.2800856 ], [ -5.1089985, 10.2789986 ], [ -5.1045703, 10.2788874 ], [ -5.0997301, 10.2763965 ], [ -5.0982641, 10.2749655 ], [ -5.0981412, 10.2720667 ], [ -5.1001648, 10.2705178 ], [ -5.1061694, 10.2639854 ], [ -5.1080793, 10.2629205 ], [ -5.1166276, 10.2601297 ], [ -5.1189526, 10.2578146 ], [ -5.1207949, 10.2512532 ], [ -5.1193332, 10.2453494 ], [ -5.1179279, 10.2433284 ], [ -5.1129378, 10.2406073 ], [ -5.1074068, 10.2407089 ], [ -5.1055596, 10.2374657 ], [ -5.1076145, 10.2323127 ], [ -5.1152831, 10.225467 ], [ -5.1185359, 10.2154496 ], [ -5.1210419, 10.2121634 ], [ -5.1221825, 10.2064094 ], [ -5.1218706, 10.2044153 ], [ -5.1178118, 10.2034429 ], [ -5.1120477, 10.2054105 ], [ -5.0980451, 10.2120088 ], [ -5.0903123, 10.2174624 ], [ -5.0891433, 10.2223303 ], [ -5.0873462, 10.2245155 ], [ -5.0850895, 10.2248734 ], [ -5.0819724, 10.2225676 ], [ -5.0816756, 10.216865 ], [ -5.0791648, 10.2132015 ], [ -5.078538, 10.2106602 ], [ -5.0806989, 10.2032386 ], [ -5.0798683, 10.1979766 ], [ -5.0811549, 10.1929937 ], [ -5.0856831, 10.1876295 ], [ -5.0887877, 10.1828004 ], [ -5.0903957, 10.1823456 ], [ -5.0969849, 10.1826292 ], [ -5.1029446, 10.179721 ], [ -5.1047303, 10.1761318 ], [ -5.1027325, 10.1739847 ], [ -5.0988672, 10.1726429 ], [ -5.0949624, 10.1729159 ], [ -5.0851191, 10.1757824 ], [ -5.0807381, 10.176577 ], [ -5.0767732, 10.179888 ], [ -5.0688551, 10.1822383 ], [ -5.0606221, 10.1808084 ], [ -5.0601226, 10.1776682 ], [ -5.0647192, 10.1713249 ], [ -5.0637881, 10.1633154 ], [ -5.0672685, 10.1598095 ], [ -5.0690354, 10.1539595 ], [ -5.0673758, 10.1487379 ], [ -5.0703054, 10.1433491 ], [ -5.0696456, 10.1390079 ], [ -5.0645094, 10.136084 ], [ -5.0619432, 10.1357615 ], [ -5.0584703, 10.1337722 ], [ -5.0526861, 10.1332992 ], [ -5.0426013, 10.1338083 ], [ -5.0395711, 10.1314981 ], [ -5.0383008, 10.1278942 ], [ -5.0379725, 10.1240456 ], [ -5.0366787, 10.1215046 ], [ -5.0424602, 10.1185159 ], [ -5.0488653, 10.1176241 ], [ -5.0518372, 10.1194689 ], [ -5.0521771, 10.1225078 ], [ -5.0553319, 10.1256118 ], [ -5.0582596, 10.1250873 ], [ -5.062276, 10.1219983 ], [ -5.0658333, 10.1219027 ], [ -5.0676512, 10.1238051 ], [ -5.0701466, 10.1232746 ], [ -5.0730575, 10.1154391 ], [ -5.0735048, 10.1125952 ], [ -5.070173, 10.1067047 ], [ -5.0686565, 10.1061958 ], [ -5.0644166, 10.1081031 ], [ -5.0603927, 10.1078213 ], [ -5.0575912, 10.1061257 ], [ -5.051738, 10.105757 ], [ -5.0469276, 10.1042787 ], [ -5.0431019, 10.1061772 ], [ -5.0414206, 10.108724 ], [ -5.0381171, 10.1078657 ], [ -5.0402748, 10.1010899 ], [ -5.0450004, 10.0992603 ], [ -5.0489395, 10.0958546 ], [ -5.0551454, 10.0893684 ], [ -5.0558853, 10.0875361 ], [ -5.0556438, 10.0834137 ], [ -5.0521991, 10.0829696 ], [ -5.0492636, 10.0854767 ], [ -5.0457692, 10.0869343 ], [ -5.0428261, 10.0843893 ], [ -5.0394158, 10.0847734 ], [ -5.0366109, 10.0818884 ], [ -5.034155, 10.0830301 ], [ -5.0311241, 10.0894601 ], [ -5.0255085, 10.0953742 ], [ -5.0242542, 10.0978758 ], [ -5.0219665, 10.0993097 ], [ -5.0196571, 10.098871 ], [ -5.0183628, 10.1012439 ], [ -5.0130204, 10.1022457 ], [ -5.007925, 10.1017043 ], [ -5.0038359, 10.1048582 ], [ -4.999263, 10.1072341 ], [ -4.9992283, 10.1030004 ], [ -5.0006365, 10.096344 ], [ -5.0041522, 10.0905195 ], [ -5.0032429, 10.0891193 ], [ -5.0063626, 10.0848128 ], [ -5.0105794, 10.0822154 ], [ -5.0113029, 10.0796449 ], [ -5.0137746, 10.0787555 ], [ -5.014023, 10.0751982 ], [ -5.0151428, 10.0726044 ], [ -5.0105208, 10.067487 ], [ -5.0092897, 10.0653584 ], [ -5.005253, 10.0633132 ], [ -4.9956137, 10.0651427 ], [ -4.9927584, 10.0630141 ], [ -4.9905256, 10.0632353 ], [ -4.9868941, 10.059005 ], [ -4.9873711, 10.0524087 ], [ -4.9808863, 10.0511252 ], [ -4.9768486, 10.0488419 ], [ -4.9731503, 10.0481804 ], [ -4.9697966, 10.0423767 ], [ -4.9693065, 10.038492 ], [ -4.9698559, 10.033585 ], [ -4.9678579, 10.0297794 ], [ -4.9655145, 10.0274715 ], [ -4.9622283, 10.0259098 ], [ -4.9616086, 10.0224558 ], [ -4.9636677, 10.0186181 ], [ -4.9600652, 10.0094172 ], [ -4.9637207, 10.0063669 ], [ -4.9657201, 10.0058631 ], [ -4.9695735, 10.0071165 ], [ -4.9753603, 10.0079326 ], [ -4.9812979, 10.0137946 ], [ -4.9843503, 10.0136599 ], [ -4.9861372, 10.0100256 ], [ -4.9819016, 10.0069275 ], [ -4.9822524, 10.0040089 ], [ -4.9855941, 9.999371 ], [ -4.986708, 9.9960563 ], [ -4.9862866, 9.9908767 ], [ -4.9869164, 9.9887001 ], [ -4.9840918, 9.984132 ], [ -4.9789512, 9.9794428 ], [ -4.9772706, 9.9798191 ], [ -4.9711313, 9.9786631 ], [ -4.9641388, 9.976354 ], [ -4.960298, 9.9760134 ], [ -4.959376, 9.973138 ], [ -4.9601408, 9.9666231 ], [ -4.9500305, 9.9596206 ], [ -4.9468988, 9.9596419 ], [ -4.9440456, 9.9581534 ], [ -4.9407408, 9.9547334 ], [ -4.9408692, 9.9520891 ], [ -4.9433949, 9.9503981 ], [ -4.9472719, 9.9462034 ], [ -4.9508579, 9.9460334 ], [ -4.9534336, 9.9449488 ], [ -4.9624388, 9.9474971 ], [ -4.9640112, 9.944977 ], [ -4.9632356, 9.9411376 ], [ -4.9612326, 9.935485 ], [ -4.9587849, 9.9339242 ], [ -4.9576651, 9.9308554 ], [ -4.9587612, 9.9242911 ], [ -4.9568683, 9.9208799 ], [ -4.9579528, 9.9191262 ], [ -4.963491, 9.9177149 ], [ -4.9689623, 9.9139305 ], [ -4.9683913, 9.9066929 ], [ -4.9699787, 9.9039415 ], [ -4.9700468, 9.8988989 ], [ -4.9673139, 9.8956774 ], [ -4.9665197, 9.8918171 ], [ -4.9636125, 9.8907079 ], [ -4.9588089, 9.8861395 ], [ -4.9547889, 9.8832451 ], [ -4.9505295, 9.8828539 ], [ -4.9435874, 9.8809871 ], [ -4.9407444, 9.8791406 ], [ -4.9385045, 9.8750957 ], [ -4.9308913, 9.8688486 ], [ -4.9281395, 9.8684674 ], [ -4.9270763, 9.8715577 ], [ -4.9277112, 9.8737663 ], [ -4.9309376, 9.8786316 ], [ -4.9308439, 9.8805383 ], [ -4.9282725, 9.8840116 ], [ -4.9246765, 9.8861441 ], [ -4.9198782, 9.8874575 ], [ -4.9106226, 9.8912028 ], [ -4.904555, 9.8897125 ], [ -4.8988119, 9.8858934 ], [ -4.8975747, 9.8766808 ], [ -4.8937819, 9.8769671 ], [ -4.8921436, 9.878922 ], [ -4.8882, 9.8791795 ], [ -4.8863645, 9.8817965 ], [ -4.8798085, 9.8786148 ], [ -4.8801075, 9.8766907 ], [ -4.875141, 9.8762688 ], [ -4.8757402, 9.8718333 ], [ -4.8739702, 9.8700571 ], [ -4.8715304, 9.874526 ], [ -4.8652548, 9.8748429 ], [ -4.86007, 9.8720997 ], [ -4.8510992, 9.8686523 ], [ -4.8486059, 9.8688285 ], [ -4.8475265, 9.8705023 ], [ -4.8396984, 9.8720997 ], [ -4.8335595, 9.869013 ], [ -4.8251497, 9.865758 ], [ -4.8238409, 9.86157 ], [ -4.8252786, 9.8550855 ], [ -4.826934, 9.8532921 ], [ -4.8243857, 9.8516009 ], [ -4.8243948, 9.8478007 ], [ -4.820904, 9.8465842 ], [ -4.8173668, 9.8432055 ], [ -4.8150527, 9.8423217 ], [ -4.8093608, 9.8428371 ], [ -4.8062103, 9.845495 ], [ -4.8018357, 9.8455705 ], [ -4.7989709, 9.844509 ], [ -4.796858, 9.8396305 ], [ -4.7861192, 9.8357315 ], [ -4.7851863, 9.8326912 ], [ -4.7823442, 9.8309301 ], [ -4.7859101, 9.8277556 ], [ -4.787196, 9.8233331 ], [ -4.7897397, 9.822455 ], [ -4.7907486, 9.8194434 ], [ -4.7897923, 9.8151479 ], [ -4.7901354, 9.8047226 ], [ -4.7920059, 9.8018841 ], [ -4.7907769, 9.7942631 ], [ -4.7880661, 9.790769 ], [ -4.7836054, 9.7881182 ], [ -4.78383, 9.7814874 ], [ -4.7860334, 9.7810159 ], [ -4.7948567, 9.785447 ], [ -4.7986517, 9.7847989 ], [ -4.8008777, 9.7872815 ], [ -4.8050706, 9.7857102 ], [ -4.8137714, 9.7881623 ], [ -4.8159732, 9.7860239 ], [ -4.8165774, 9.7834522 ], [ -4.8106469, 9.7759148 ], [ -4.8049067, 9.7706734 ], [ -4.8034514, 9.7703956 ], [ -4.7967493, 9.7730804 ], [ -4.7924387, 9.7679055 ], [ -4.7942631, 9.7624175 ], [ -4.7928994, 9.7587676 ], [ -4.7877448, 9.7553904 ], [ -4.7815424, 9.7546731 ], [ -4.7788516, 9.7523344 ], [ -4.7808553, 9.7467889 ], [ -4.7809385, 9.7422761 ], [ -4.7789542, 9.7397576 ], [ -4.7749766, 9.736802 ], [ -4.7695984, 9.7372496 ], [ -4.765952, 9.7388551 ], [ -4.7636551, 9.7427222 ], [ -4.7638461, 9.7447915 ], [ -4.7684207, 9.7478995 ], [ -4.7691921, 9.7493287 ], [ -4.7655138, 9.7541236 ], [ -4.7620032, 9.7554959 ], [ -4.7569877, 9.754738 ], [ -4.7520944, 9.7532287 ], [ -4.746396, 9.7540514 ], [ -4.7413207, 9.7521135 ], [ -4.7332244, 9.7470425 ], [ -4.7344072, 9.7432043 ], [ -4.7345768, 9.7389997 ], [ -4.7300621, 9.7346596 ], [ -4.7234285, 9.731443 ], [ -4.7209665, 9.7288588 ], [ -4.7204285, 9.7241498 ], [ -4.7208653, 9.7209324 ], [ -4.7182, 9.7166044 ], [ -4.7169147, 9.7161945 ], [ -4.7148518, 9.7104703 ], [ -4.7130709, 9.7081948 ], [ -4.7132375, 9.7028359 ], [ -4.7099187, 9.7003854 ], [ -4.7096287, 9.69707 ], [ -4.7072075, 9.6942123 ], [ -4.7060663, 9.6914084 ], [ -4.7026786, 9.6892745 ], [ -4.7002845, 9.6866218 ], [ -4.6971622, 9.6853801 ], [ -4.6933597, 9.6853254 ], [ -4.6914051, 9.6841853 ], [ -4.6915707, 9.680018 ], [ -4.6906342, 9.67848 ], [ -4.6877066, 9.6774654 ], [ -4.6752777, 9.6815521 ], [ -4.6713127, 9.6851176 ], [ -4.6607228, 9.6887461 ], [ -4.656548, 9.6868616 ], [ -4.6544747, 9.6902896 ], [ -4.6544166, 9.6923563 ], [ -4.6517333, 9.6979251 ], [ -4.6507341, 9.7102636 ], [ -4.647288, 9.7110897 ], [ -4.6439009, 9.713469 ], [ -4.639951, 9.7114334 ], [ -4.6381703, 9.7078223 ], [ -4.6353531, 9.7059658 ], [ -4.6318816, 9.7057317 ], [ -4.623427, 9.7024394 ], [ -4.6206438, 9.7030198 ], [ -4.6196859, 9.7057844 ], [ -4.6175397, 9.7084989 ], [ -4.6140244, 9.7203629 ], [ -4.61438, 9.723126 ], [ -4.6124953, 9.7251423 ], [ -4.6094261, 9.724271 ], [ -4.6052619, 9.7192217 ], [ -4.5993216, 9.7186513 ], [ -4.5975546, 9.7145851 ], [ -4.5947576, 9.7123034 ], [ -4.5920385, 9.7118596 ], [ -4.5899135, 9.7092889 ], [ -4.5886578, 9.7051548 ], [ -4.5863149, 9.702745 ], [ -4.5861929, 9.700095 ], [ -4.5847687, 9.6964813 ], [ -4.5827502, 9.6944585 ], [ -4.5773208, 9.6911773 ], [ -4.5690301, 9.6911363 ], [ -4.5658949, 9.6916303 ], [ -4.5608526, 9.6937845 ], [ -4.5589707, 9.6954037 ], [ -4.5566723, 9.6991532 ], [ -4.5508028, 9.7044262 ], [ -4.5485277, 9.7088096 ], [ -4.5455757, 9.7117935 ], [ -4.5428902, 9.718949 ], [ -4.5437076, 9.7231468 ], [ -4.5476503, 9.7281166 ], [ -4.548646, 9.7310018 ], [ -4.5515984, 9.7358346 ], [ -4.5538679, 9.7415236 ], [ -4.551715, 9.7440714 ], [ -4.5489153, 9.7458415 ], [ -4.5461064, 9.7492443 ], [ -4.5376939, 9.7505976 ], [ -4.5333335, 9.7525371 ], [ -4.5233206, 9.7524557 ], [ -4.5224559, 9.7516341 ], [ -4.5154142, 9.75144 ], [ -4.5131254, 9.7504894 ], [ -4.5088127, 9.7462263 ], [ -4.5033548, 9.7392961 ], [ -4.5046575, 9.7359602 ], [ -4.5037506, 9.7328781 ], [ -4.5027682, 9.7260123 ], [ -4.503712, 9.7226613 ], [ -4.5062503, 9.7188688 ], [ -4.5106867, 9.7138392 ], [ -4.5131112, 9.7118409 ], [ -4.5170465, 9.7067495 ], [ -4.5195706, 9.7049642 ], [ -4.5208209, 9.7000287 ], [ -4.5197209, 9.6955049 ], [ -4.5206276, 9.6882981 ], [ -4.5198575, 9.68027 ], [ -4.5209478, 9.675741 ], [ -4.5189016, 9.672536 ], [ -4.5172574, 9.6673034 ], [ -4.5172109, 9.6638303 ], [ -4.5149263, 9.6608167 ], [ -4.5131515, 9.6599857 ], [ -4.5123185, 9.6561195 ], [ -4.5048027, 9.6465632 ], [ -4.5032989, 9.6460016 ], [ -4.5002891, 9.6475123 ], [ -4.49524, 9.6477349 ], [ -4.4898588, 9.6518479 ], [ -4.4844587, 9.6528893 ], [ -4.4785777, 9.6521674 ], [ -4.4760596, 9.6502018 ], [ -4.4678448, 9.6510258 ], [ -4.4635295, 9.6523537 ], [ -4.4564494, 9.6523826 ], [ -4.4532679, 9.6532667 ], [ -4.4480743, 9.656939 ], [ -4.4426404, 9.6576082 ], [ -4.4376588, 9.6621378 ], [ -4.4315977, 9.6641647 ], [ -4.4293999, 9.6641105 ], [ -4.425369, 9.6597815 ], [ -4.4196934, 9.6560535 ], [ -4.4149752, 9.6543867 ], [ -4.4087332, 9.6444869 ], [ -4.4084133, 9.6426144 ], [ -4.4086504, 9.6307865 ], [ -4.4083286, 9.6286174 ], [ -4.4089341, 9.6226056 ], [ -4.4042478, 9.6141841 ], [ -4.4031544, 9.6103003 ], [ -4.4003474, 9.6035171 ], [ -4.3989306, 9.6017183 ], [ -4.394515, 9.6008083 ], [ -4.3896566, 9.5959942 ], [ -4.382377, 9.5938573 ], [ -4.3770199, 9.5915447 ], [ -4.3740299, 9.5919174 ], [ -4.3702511, 9.5949188 ], [ -4.3688324, 9.5981287 ], [ -4.3703336, 9.6051693 ], [ -4.3714505, 9.6146272 ], [ -4.3699204, 9.6174242 ], [ -4.3608507, 9.6231117 ], [ -4.3512497, 9.6228792 ], [ -4.3490829, 9.6241383 ], [ -4.3438328, 9.62428 ], [ -4.340964, 9.6254161 ], [ -4.3349993, 9.618549 ], [ -4.3332516, 9.6151178 ], [ -4.3290945, 9.6098963 ], [ -4.3267655, 9.6056862 ], [ -4.3212395, 9.6018026 ], [ -4.3166921, 9.6004449 ], [ -4.3127646, 9.5968638 ], [ -4.3089094, 9.5990757 ], [ -4.311634, 9.6012217 ], [ -4.3090211, 9.6048098 ], [ -4.3038691, 9.6046139 ], [ -4.3037215, 9.6077824 ], [ -4.3014939, 9.6080828 ], [ -4.3020777, 9.6110751 ], [ -4.2994747, 9.6124083 ], [ -4.3000427, 9.6157659 ], [ -4.2976698, 9.6176776 ], [ -4.2939654, 9.6180159 ], [ -4.2927979, 9.6208809 ], [ -4.290634, 9.6231621 ], [ -4.2902766, 9.6262805 ], [ -4.2913951, 9.6301023 ], [ -4.2891911, 9.6330179 ], [ -4.2892609, 9.6347553 ], [ -4.2859317, 9.6347558 ], [ -4.2835496, 9.6409936 ], [ -4.2836314, 9.6452306 ], [ -4.2854139, 9.6462438 ], [ -4.2860997, 9.651876 ], [ -4.2877086, 9.6541505 ], [ -4.2869807, 9.6568468 ], [ -4.2849435, 9.6595346 ], [ -4.2816496, 9.6607098 ], [ -4.2846676, 9.6635812 ], [ -4.2871954, 9.6700635 ], [ -4.2868702, 9.6726319 ], [ -4.2825717, 9.6724892 ], [ -4.2792936, 9.6765803 ], [ -4.274761, 9.677722 ], [ -4.2737458, 9.682268 ], [ -4.2749354, 9.6868099 ], [ -4.2806237, 9.6881868 ], [ -4.2808805, 9.696158 ], [ -4.27915, 9.6975121 ], [ -4.2754882, 9.6950965 ], [ -4.2750465, 9.6928584 ], [ -4.2717716, 9.6935232 ], [ -4.2702019, 9.698243 ], [ -4.273189, 9.7026448 ], [ -4.2740475, 9.7073422 ], [ -4.2723352, 9.7090392 ], [ -4.2688987, 9.7103705 ], [ -4.2672941, 9.7091656 ], [ -4.2654901, 9.715203 ], [ -4.2671703, 9.7189546 ], [ -4.2659919, 9.7217183 ], [ -4.2678126, 9.72308 ], [ -4.270122, 9.7279828 ], [ -4.2698774, 9.7297029 ], [ -4.2658141, 9.7319997 ], [ -4.2617776, 9.7314125 ], [ -4.2588551, 9.7328282 ], [ -4.2576863, 9.7370955 ], [ -4.2622687, 9.7362435 ], [ -4.2650411, 9.7366021 ], [ -4.2683579, 9.735346 ], [ -4.2723382, 9.7356688 ], [ -4.2749934, 9.7394526 ], [ -4.2767203, 9.740656 ], [ -4.2745902, 9.7447952 ], [ -4.2730623, 9.7449595 ], [ -4.2712515, 9.7478323 ], [ -4.2686134, 9.7496319 ], [ -4.2667249, 9.7532755 ], [ -4.265724, 9.7577344 ], [ -4.2662489, 9.7602986 ], [ -4.2641045, 9.7613466 ], [ -4.2620544, 9.7598198 ], [ -4.2629559, 9.7566918 ], [ -4.2618754, 9.7557812 ], [ -4.2586414, 9.7566969 ], [ -4.2569538, 9.7539764 ], [ -4.2553548, 9.7565046 ], [ -4.2479093, 9.7636669 ], [ -4.2475466, 9.7647412 ], [ -4.2370576, 9.7667854 ], [ -4.2288016, 9.7674265 ], [ -4.2251654, 9.7681028 ], [ -4.2228548, 9.7720804 ], [ -4.2160901, 9.7692456 ], [ -4.211734, 9.7733704 ], [ -4.2078979, 9.7719626 ], [ -4.2036725, 9.7714412 ], [ -4.2017118, 9.7730699 ], [ -4.1890669, 9.7747996 ], [ -4.185623, 9.7785288 ], [ -4.1842765, 9.7833955 ], [ -4.1819503, 9.7857335 ], [ -4.1776004, 9.7868847 ], [ -4.1758672, 9.7903807 ], [ -4.1764219, 9.7927529 ], [ -4.1752174, 9.794798 ], [ -4.172416, 9.7957889 ], [ -4.1718067, 9.7977257 ], [ -4.165527, 9.8066339 ], [ -4.1647013, 9.8098831 ], [ -4.1617041, 9.8114068 ], [ -4.1613897, 9.8134061 ], [ -4.1535929, 9.8150813 ], [ -4.1505157, 9.8172718 ], [ -4.1482177, 9.8203125 ], [ -4.1435452, 9.8232414 ], [ -4.1410952, 9.8232032 ], [ -4.1386175, 9.8257717 ], [ -4.1344286, 9.8321786 ], [ -4.1352637, 9.8342228 ], [ -4.13449, 9.8382711 ], [ -4.1317779, 9.8429376 ], [ -4.1273272, 9.8471695 ], [ -4.1224055, 9.8456908 ], [ -4.121392, 9.8462079 ], [ -4.1171693, 9.8411651 ], [ -4.1141392, 9.8353888 ], [ -4.1134581, 9.8327713 ], [ -4.1059396, 9.8244303 ], [ -4.1004553, 9.8212567 ], [ -4.0943557, 9.8209397 ], [ -4.0856573, 9.8156212 ], [ -4.0824176, 9.814333 ], [ -4.0805115, 9.812085 ], [ -4.0742665, 9.8092121 ], [ -4.0722392, 9.8095093 ], [ -4.0636931, 9.8073162 ], [ -4.0583506, 9.8083681 ], [ -4.0513699, 9.8031117 ], [ -4.049585, 9.8079087 ], [ -4.0465131, 9.8091792 ], [ -4.0438812, 9.8090187 ], [ -4.0440249, 9.8116547 ], [ -4.0415598, 9.8133409 ], [ -4.0396889, 9.8190921 ], [ -4.0369285, 9.8200635 ], [ -4.0355136, 9.8222231 ], [ -4.0350786, 9.8272569 ], [ -4.0337923, 9.8283103 ], [ -4.0343997, 9.8315286 ], [ -4.0332929, 9.8329729 ], [ -4.0275928, 9.835499 ], [ -4.0244397, 9.8353245 ], [ -4.0224826, 9.8374586 ], [ -4.0179532, 9.8390048 ], [ -4.0117876, 9.8378539 ], [ -4.0105209, 9.8363901 ], [ -4.0051661, 9.8369582 ], [ -4.0013431, 9.8343363 ], [ -3.9997037, 9.8355887 ], [ -3.9950826, 9.8325538 ], [ -3.9948384, 9.8309514 ], [ -3.9895529, 9.8295944 ], [ -3.9872766, 9.8307085 ], [ -3.9851067, 9.8293874 ], [ -3.9833067, 9.8307172 ], [ -3.9782241, 9.8313632 ], [ -3.9723907, 9.8336583 ], [ -3.9699109, 9.8377203 ], [ -3.9659332, 9.8411714 ], [ -3.9661551, 9.8421816 ], [ -3.9717237, 9.8427621 ], [ -3.9740908, 9.8454728 ], [ -3.9756523, 9.8494551 ], [ -3.9715114, 9.851336 ], [ -3.9719779, 9.8567632 ], [ -3.9708665, 9.860626 ], [ -3.9686262, 9.8635466 ], [ -3.9680127, 9.8689186 ], [ -3.9701596, 9.870783 ], [ -3.967989, 9.8722954 ], [ -3.9677342, 9.8750909 ], [ -3.9623015, 9.8747495 ], [ -3.9617212, 9.8773127 ], [ -3.9563553, 9.8792182 ], [ -3.9531872, 9.8743816 ], [ -3.949001, 9.8742525 ], [ -3.9448334, 9.8768002 ], [ -3.9416224, 9.8769161 ], [ -3.9368751, 9.8757152 ], [ -3.9340831, 9.8742608 ], [ -3.9310929, 9.8740506 ], [ -3.929575, 9.8785916 ], [ -3.9264274, 9.879637 ], [ -3.9246699, 9.8816858 ], [ -3.9190703, 9.8836379 ], [ -3.912192, 9.882986 ], [ -3.9095943, 9.8875354 ], [ -3.9079732, 9.8883736 ], [ -3.9058278, 9.8946802 ], [ -3.9023722, 9.8979247 ], [ -3.8993628, 9.9018328 ], [ -3.898855, 9.9099398 ], [ -3.9008903, 9.9173136 ], [ -3.8994398, 9.9232111 ], [ -3.9003239, 9.9252644 ], [ -3.8983474, 9.9270172 ], [ -3.8978746, 9.9303598 ], [ -3.8946502, 9.9333019 ], [ -3.8949673, 9.9378548 ], [ -3.8935795, 9.9408102 ], [ -3.8962042, 9.9414911 ], [ -3.8992124, 9.9473238 ], [ -3.906647, 9.951623 ], [ -3.9084995, 9.9561634 ], [ -3.9132137, 9.958559 ], [ -3.9150946, 9.9607 ], [ -3.9152632, 9.9644928 ], [ -3.9170771, 9.9683638 ], [ -3.9212406, 9.9673567 ], [ -3.923445, 9.9680023 ], [ -3.9251883, 9.9751415 ], [ -3.9295368, 9.9773388 ], [ -3.9325969, 9.9770317 ], [ -3.9363277, 9.9802361 ], [ -3.9411113, 9.9813995 ], [ -3.9459257, 9.9809332 ], [ -3.9499109, 9.9837294 ], [ -3.951684, 9.9862957 ], [ -3.9585853, 9.9868011 ], [ -3.9599383, 9.9893961 ], [ -3.9674249, 9.9974689 ], [ -3.966017, 9.9998178 ], [ -3.9657378, 10.0058851 ], [ -3.9665139, 10.0081558 ], [ -3.9701238, 10.0130892 ], [ -3.9737189, 10.0140381 ], [ -3.9766359, 10.0169096 ], [ -3.9807718, 10.0182648 ], [ -3.9843013, 10.0211334 ], [ -3.9875956, 10.0222559 ], [ -3.9902883, 10.0261955 ], [ -3.9964206, 10.0309486 ], [ -4.000329, 10.0325308 ], [ -4.0047083, 10.0371351 ], [ -4.0025053, 10.0400124 ], [ -4.0019445, 10.051096 ], [ -3.9996569, 10.0625286 ], [ -3.9966624, 10.0682688 ], [ -3.9876101, 10.0893364 ], [ -3.9844112, 10.0943346 ], [ -3.9805253, 10.1038523 ], [ -3.9750934, 10.1083317 ], [ -3.971669, 10.109374 ], [ -3.9628472, 10.1093817 ], [ -3.9555197, 10.1105614 ], [ -3.9526, 10.1096821 ], [ -3.9504526, 10.1073971 ], [ -3.9500601, 10.1050625 ], [ -3.9476411, 10.1035576 ], [ -3.9440105, 10.1032324 ], [ -3.9340088, 10.1056328 ], [ -3.9287169, 10.1059647 ], [ -3.9256418, 10.1049862 ], [ -3.9204881, 10.1005363 ], [ -3.9121733, 10.0965748 ], [ -3.9069941, 10.0951128 ], [ -3.9018145, 10.0962048 ], [ -3.8976057, 10.0978088 ], [ -3.8934457, 10.1002646 ], [ -3.8897386, 10.1015425 ], [ -3.8804107, 10.1006613 ], [ -3.8760502, 10.1007452 ], [ -3.8662403, 10.1085749 ], [ -3.8607552, 10.1086617 ], [ -3.8565023, 10.1108541 ], [ -3.8429487, 10.1203775 ], [ -3.8274341, 10.1288185 ], [ -3.8227091, 10.1294184 ], [ -3.818975, 10.1282597 ], [ -3.8080006, 10.1272631 ], [ -3.8039253, 10.1280422 ], [ -3.8017311, 10.1309175 ], [ -3.8009546, 10.1368141 ], [ -3.8006201, 10.1494188 ], [ -3.7992182, 10.157073 ], [ -3.7966897, 10.1641769 ], [ -3.7936933, 10.1707401 ], [ -3.787178, 10.1778898 ], [ -3.7832103, 10.1810589 ], [ -3.7680557, 10.1979532 ], [ -3.7658863, 10.2032194 ], [ -3.763551, 10.2109385 ], [ -3.7628007, 10.2166986 ], [ -3.7607596, 10.2221088 ], [ -3.758378, 10.2238169 ], [ -3.7548511, 10.2249203 ], [ -3.7525814, 10.227334 ], [ -3.7498202, 10.2276392 ], [ -3.7428598, 10.2335033 ], [ -3.7418468, 10.2371998 ], [ -3.7423604, 10.2406845 ], [ -3.7416136, 10.2447796 ], [ -3.7426, 10.2472668 ], [ -3.7453802, 10.250185 ], [ -3.7458169, 10.2524481 ], [ -3.7436442, 10.2597418 ], [ -3.7428961, 10.2693768 ], [ -3.7446814, 10.2698889 ], [ -3.7472901, 10.2735052 ], [ -3.7521684, 10.2774143 ], [ -3.7570322, 10.2824745 ], [ -3.7568889, 10.2864132 ], [ -3.7578156, 10.2873163 ], [ -3.7579141, 10.2924862 ], [ -3.75981, 10.2962303 ], [ -3.763675, 10.3006401 ], [ -3.7644129, 10.3054829 ], [ -3.7640011, 10.3083715 ], [ -3.7612798, 10.3186817 ], [ -3.7617507, 10.3200483 ], [ -3.7598591, 10.3237104 ], [ -3.7642119, 10.3260183 ], [ -3.7689278, 10.3332233 ], [ -3.7784364, 10.3370409 ], [ -3.7795932, 10.3382778 ], [ -3.7834113, 10.3392563 ], [ -3.7861309, 10.3428535 ], [ -3.7857008, 10.3456163 ], [ -3.7810044, 10.3504438 ], [ -3.7715905, 10.3564234 ], [ -3.7601655, 10.3661108 ], [ -3.7528813, 10.3716145 ], [ -3.7416506, 10.3823061 ], [ -3.7277436, 10.3948593 ], [ -3.7225127, 10.4019966 ], [ -3.7176797, 10.4106903 ], [ -3.7167041, 10.4149303 ], [ -3.7164712, 10.4196301 ], [ -3.7186503, 10.4322109 ], [ -3.7186124, 10.4378242 ], [ -3.7177434, 10.4439926 ], [ -3.715663, 10.4491673 ], [ -3.7126513, 10.4549952 ], [ -3.6982334, 10.4727001 ], [ -3.6967242, 10.47925 ], [ -3.6967866, 10.4848633 ], [ -3.6981266, 10.489171 ], [ -3.6985784, 10.4964399 ], [ -3.6965771, 10.5006914 ], [ -3.6931748, 10.5047731 ], [ -3.6924739, 10.5091925 ], [ -3.6933315, 10.511301 ], [ -3.6977565, 10.5156736 ], [ -3.7000194, 10.5193272 ], [ -3.7095518, 10.5232811 ], [ -3.7113333, 10.5251064 ], [ -3.7115536, 10.5283203 ], [ -3.7072639, 10.5357265 ], [ -3.706821, 10.5375652 ], [ -3.7078214, 10.5445538 ], [ -3.7076547, 10.5469437 ], [ -3.7052999, 10.5523996 ], [ -3.7052357, 10.5554333 ], [ -3.7071722, 10.5630531 ], [ -3.7138751, 10.5724545 ], [ -3.7149272, 10.5752048 ], [ -3.713496, 10.5802784 ], [ -3.7079077, 10.5884304 ], [ -3.7071421, 10.5957117 ], [ -3.7093492, 10.6018457 ], [ -3.7146916, 10.6062164 ], [ -3.7163401, 10.6122704 ], [ -3.714936, 10.620286 ], [ -3.7128696, 10.627389 ], [ -3.7075541, 10.6350794 ], [ -3.706125, 10.640976 ], [ -3.7083573, 10.6493282 ], [ -3.7096834, 10.6517067 ], [ -3.7133493, 10.6556282 ], [ -3.7170513, 10.6622114 ], [ -3.7184274, 10.6690083 ], [ -3.7161694, 10.676302 ], [ -3.7156725, 10.6815453 ], [ -3.7185209, 10.6874971 ], [ -3.7221074, 10.692152 ], [ -3.7297864, 10.6962175 ], [ -3.7411335, 10.6956482 ], [ -3.7461381, 10.6939344 ], [ -3.756638, 10.6920815 ], [ -3.762969, 10.6926641 ], [ -3.7735214, 10.6956902 ], [ -3.7829742, 10.7013893 ], [ -3.7875752, 10.7050171 ], [ -3.7908771, 10.7091293 ], [ -3.7959359, 10.7208509 ], [ -3.7966368, 10.7250767 ], [ -3.7956395, 10.7281218 ], [ -3.792259, 10.7335806 ], [ -3.7855148, 10.7468071 ], [ -3.7826571, 10.7497749 ], [ -3.7796926, 10.7509136 ], [ -3.7692413, 10.7485313 ], [ -3.7665243, 10.7469072 ], [ -3.7591662, 10.7463369 ], [ -3.754982, 10.7470255 ], [ -3.7451522, 10.7499733 ], [ -3.7403438, 10.7503376 ], [ -3.7382765, 10.7513113 ], [ -3.7342825, 10.7484407 ], [ -3.7233915, 10.7460489 ], [ -3.7186468, 10.7492371 ], [ -3.7151933, 10.7493172 ], [ -3.7077272, 10.7554369 ], [ -3.7004056, 10.7578526 ], [ -3.6977088, 10.7567625 ], [ -3.6909218, 10.7573299 ], [ -3.6861696, 10.7582455 ], [ -3.6843324, 10.7596159 ], [ -3.6812754, 10.7637157 ], [ -3.6789768, 10.764019 ], [ -3.6811187, 10.769619 ], [ -3.6820028, 10.7742262 ], [ -3.6878302, 10.7835569 ], [ -3.6898139, 10.785038 ], [ -3.6915622, 10.7905931 ], [ -3.6901317, 10.7932673 ], [ -3.6903872, 10.799016 ], [ -3.6927359, 10.8000793 ], [ -3.6950037, 10.7985353 ], [ -3.7013049, 10.8066797 ], [ -3.7052698, 10.8087988 ], [ -3.7067783, 10.8106966 ], [ -3.7079287, 10.8153114 ], [ -3.7155011, 10.8224297 ], [ -3.7142642, 10.8313322 ], [ -3.7147605, 10.8348169 ], [ -3.7181447, 10.8386307 ], [ -3.7216346, 10.8381968 ], [ -3.7244267, 10.8343058 ], [ -3.7314725, 10.8339643 ], [ -3.7338755, 10.8317041 ], [ -3.7363086, 10.8332462 ], [ -3.7379763, 10.8302908 ], [ -3.7437241, 10.8309927 ], [ -3.7502303, 10.8310499 ], [ -3.7529392, 10.8299208 ], [ -3.7567904, 10.8335428 ], [ -3.7571683, 10.8370724 ], [ -3.755435, 10.8423376 ], [ -3.7559447, 10.8469353 ], [ -3.7585351, 10.8488302 ], [ -3.7611663, 10.8491955 ], [ -3.7688634, 10.8461618 ], [ -3.7720096, 10.8442707 ], [ -3.7765524, 10.8435173 ], [ -3.7808216, 10.8486586 ], [ -3.7829792, 10.8498936 ], [ -3.7848279, 10.8491831 ], [ -3.7897198, 10.843132 ], [ -3.7919312, 10.8412247 ], [ -3.7925162, 10.8380909 ], [ -3.7943733, 10.8371353 ], [ -3.7956381, 10.8399754 ], [ -3.8, 10.8372393 ], [ -3.8018391, 10.8309593 ], [ -3.7989774, 10.822031 ], [ -3.8043642, 10.8162222 ], [ -3.8092558, 10.8131676 ], [ -3.8099961, 10.8098974 ], [ -3.8145947, 10.80688 ], [ -3.8178644, 10.8011312 ], [ -3.8183911, 10.7970371 ], [ -3.8214223, 10.7912893 ], [ -3.8237398, 10.7911024 ], [ -3.8284769, 10.7858658 ], [ -3.8311443, 10.7809429 ], [ -3.8318923, 10.7773733 ], [ -3.8288922, 10.7735243 ], [ -3.8269744, 10.7726145 ], [ -3.8264246, 10.7699633 ], [ -3.8274534, 10.7680683 ], [ -3.8328428, 10.7635088 ], [ -3.8385639, 10.7621183 ], [ -3.8385828, 10.7596283 ], [ -3.8404074, 10.757432 ], [ -3.8425634, 10.7583323 ], [ -3.8501213, 10.7583485 ], [ -3.8482184, 10.7538528 ], [ -3.8442044, 10.7508488 ], [ -3.8422215, 10.7470245 ], [ -3.8446629, 10.7457504 ], [ -3.846797, 10.7430191 ], [ -3.8503976, 10.7405109 ], [ -3.8506222, 10.7392244 ], [ -3.8475335, 10.7335472 ], [ -3.8449247, 10.7315083 ], [ -3.8403299, 10.7351866 ], [ -3.8380377, 10.734623 ], [ -3.8374553, 10.7304506 ], [ -3.8388157, 10.7264986 ], [ -3.8421576, 10.7260742 ], [ -3.8459146, 10.7290697 ], [ -3.8533499, 10.7282619 ], [ -3.8566117, 10.728507 ], [ -3.8587801, 10.7225885 ], [ -3.855387, 10.7188587 ], [ -3.8542857, 10.7130766 ], [ -3.852829, 10.7103643 ], [ -3.8542092, 10.7069197 ], [ -3.8596053, 10.7020979 ], [ -3.8619359, 10.7032413 ], [ -3.8649297, 10.7028713 ], [ -3.8667977, 10.6975698 ], [ -3.8680668, 10.6964159 ], [ -3.8742509, 10.6968613 ], [ -3.8806438, 10.6993694 ], [ -3.8818064, 10.6991673 ], [ -3.8849242, 10.6951027 ], [ -3.8883557, 10.6942511 ], [ -3.8929443, 10.6966915 ], [ -3.8986366, 10.6953897 ], [ -3.9046063, 10.6923676 ], [ -3.9063544, 10.6870298 ], [ -3.9126687, 10.6856174 ], [ -3.9175255, 10.6863279 ], [ -3.9184818, 10.6848764 ], [ -3.9172802, 10.6819191 ], [ -3.9204717, 10.6756535 ], [ -3.9209683, 10.6713514 ], [ -3.9243469, 10.6686621 ], [ -3.9290254, 10.6682596 ], [ -3.9314165, 10.6733856 ], [ -3.9281538, 10.6775875 ], [ -3.9265456, 10.6835127 ], [ -3.9273999, 10.6866341 ], [ -3.9322481, 10.6923418 ], [ -3.9343417, 10.6937304 ], [ -3.9402583, 10.6937132 ], [ -3.9425266, 10.6952639 ], [ -3.9457152, 10.7027864 ], [ -3.9500103, 10.7050552 ], [ -3.9527445, 10.7110224 ], [ -3.9570246, 10.7116795 ], [ -3.9611428, 10.7107716 ], [ -3.9717174, 10.7119703 ], [ -3.9742033, 10.7105684 ], [ -3.9794555, 10.7092304 ], [ -3.9842892, 10.7108812 ], [ -3.9916952, 10.7122259 ], [ -3.9943986, 10.714879 ], [ -3.9971275, 10.7238693 ], [ -3.9992425, 10.7259541 ], [ -4.0022535, 10.7253113 ], [ -4.0052161, 10.7263336 ], [ -4.0083475, 10.7261963 ], [ -4.0099812, 10.7241135 ], [ -4.0136266, 10.7238264 ], [ -4.0151434, 10.7268562 ], [ -4.0215435, 10.7305489 ], [ -4.0229092, 10.7381363 ], [ -4.0266628, 10.7392349 ], [ -4.0267229, 10.7366104 ], [ -4.0284328, 10.7332373 ], [ -4.0320044, 10.734148 ], [ -4.0349236, 10.7329683 ], [ -4.036581, 10.7339287 ], [ -4.0371604, 10.7371664 ], [ -4.040555, 10.7355833 ], [ -4.0451112, 10.7383127 ], [ -4.0490017, 10.7395515 ], [ -4.0529695, 10.7435589 ], [ -4.0564828, 10.7449732 ], [ -4.06074, 10.750598 ], [ -4.0614815, 10.7528734 ], [ -4.0650539, 10.7558088 ], [ -4.0652871, 10.7599163 ], [ -4.0677953, 10.7603865 ], [ -4.0686636, 10.7632627 ], [ -4.0713768, 10.7649832 ], [ -4.0716624, 10.7667866 ], [ -4.074348, 10.7697496 ], [ -4.0761728, 10.7756891 ], [ -4.0781732, 10.7800655 ], [ -4.0802298, 10.7819538 ], [ -4.0811372, 10.7851534 ], [ -4.0835795, 10.7864981 ], [ -4.0831418, 10.7893457 ], [ -4.0866022, 10.7931089 ], [ -4.0888791, 10.7935286 ], [ -4.0953746, 10.788723 ], [ -4.0985994, 10.7823906 ], [ -4.1037092, 10.7813101 ], [ -4.1062007, 10.7784634 ], [ -4.1091828, 10.7786236 ], [ -4.1119614, 10.7754612 ], [ -4.1149349, 10.773962 ], [ -4.1171494, 10.7684555 ], [ -4.1216793, 10.766696 ], [ -4.1245327, 10.7643194 ], [ -4.1288743, 10.7641878 ], [ -4.1335812, 10.7623596 ], [ -4.1435022, 10.7526712 ], [ -4.1504807, 10.7515926 ], [ -4.1542773, 10.7528782 ], [ -4.1596818, 10.7521439 ], [ -4.1620703, 10.7493973 ], [ -4.1662107, 10.7477465 ], [ -4.1780133, 10.7477245 ], [ -4.1804695, 10.7469816 ], [ -4.1945176, 10.7451124 ], [ -4.198997, 10.7451544 ], [ -4.210279, 10.7426538 ], [ -4.2135959, 10.7407389 ], [ -4.2156653, 10.737237 ], [ -4.2175813, 10.7309732 ], [ -4.2225542, 10.7194347 ], [ -4.227488, 10.714673 ], [ -4.2296042, 10.7109728 ], [ -4.2339449, 10.7118225 ], [ -4.2381487, 10.7115498 ], [ -4.2442784, 10.7085991 ], [ -4.2480183, 10.7020006 ], [ -4.2511878, 10.6979246 ], [ -4.2536979, 10.6962299 ], [ -4.2604156, 10.6980915 ], [ -4.2671199, 10.6969023 ], [ -4.2689404, 10.6990738 ], [ -4.2768564, 10.7027292 ], [ -4.2821937, 10.7078676 ], [ -4.2873163, 10.7159605 ], [ -4.2910247, 10.7275867 ], [ -4.2929659, 10.7352419 ], [ -4.2958975, 10.7370214 ], [ -4.2994013, 10.7351484 ], [ -4.305418, 10.7366714 ], [ -4.3144755, 10.7361765 ], [ -4.3170319, 10.7365551 ], [ -4.321064, 10.7397289 ], [ -4.3245354, 10.7387905 ], [ -4.3289261, 10.7363968 ], [ -4.3328714, 10.7372198 ], [ -4.3398085, 10.7376919 ], [ -4.3447495, 10.7398729 ], [ -4.3505931, 10.7412882 ], [ -4.357192, 10.74438 ], [ -4.3607273, 10.7447786 ], [ -4.3651257, 10.7440901 ], [ -4.3710475, 10.7399321 ], [ -4.3731136, 10.7392845 ], [ -4.3772922, 10.735918 ], [ -4.3815632, 10.7346725 ], [ -4.3854318, 10.7347565 ], [ -4.3882875, 10.7321444 ], [ -4.389122, 10.7344666 ], [ -4.3944726, 10.7351599 ], [ -4.3967547, 10.743475 ], [ -4.3985543, 10.7467546 ], [ -4.4035168, 10.7579365 ], [ -4.4060411, 10.762351 ], [ -4.4098501, 10.7719917 ], [ -4.414506, 10.7798624 ], [ -4.4153023, 10.7841768 ], [ -4.4206901, 10.7955341 ], [ -4.4249496, 10.8065004 ], [ -4.4293766, 10.8124866 ], [ -4.4359174, 10.8293934 ], [ -4.4416428, 10.8390837 ], [ -4.4441876, 10.8464022 ], [ -4.4488106, 10.8568525 ], [ -4.4516129, 10.8610773 ], [ -4.4554763, 10.870945 ], [ -4.4581623, 10.8722477 ], [ -4.4615769, 10.8718567 ], [ -4.4661756, 10.8728743 ], [ -4.46842, 10.8749027 ], [ -4.4733477, 10.8757877 ], [ -4.4760413, 10.8774261 ], [ -4.4792123, 10.8757381 ], [ -4.4807973, 10.8736076 ], [ -4.4856734, 10.8724194 ], [ -4.4865031, 10.8685675 ], [ -4.4900694, 10.8653774 ], [ -4.4992833, 10.8703794 ], [ -4.5027199, 10.8696566 ], [ -4.5133433, 10.8648548 ], [ -4.5179315, 10.8634615 ], [ -4.5222607, 10.8629942 ], [ -4.5250812, 10.8638992 ], [ -4.5288229, 10.8663034 ], [ -4.5324903, 10.8675108 ], [ -4.5413804, 10.8685541 ], [ -4.5471439, 10.8676662 ], [ -4.5516605, 10.8650951 ], [ -4.5592375, 10.8597622 ], [ -4.5742497, 10.8531075 ], [ -4.579525, 10.8511906 ], [ -4.5849624, 10.8482094 ], [ -4.5893793, 10.8435011 ], [ -4.5931787, 10.8403263 ], [ -4.5933208, 10.8383865 ], [ -4.5903802, 10.8302507 ], [ -4.5904951, 10.8271608 ], [ -4.5937443, 10.8244123 ], [ -4.6100965, 10.8173113 ], [ -4.6139846, 10.815979 ], [ -4.619833, 10.8126659 ], [ -4.6250572, 10.8085823 ], [ -4.6314702, 10.8014765 ], [ -4.6439424, 10.7921124 ], [ -4.6492467, 10.7875204 ], [ -4.6554899, 10.7811556 ], [ -4.6594906, 10.7786675 ], [ -4.6682844, 10.7757006 ], [ -4.6731215, 10.7750816 ], [ -4.6838284, 10.7761259 ], [ -4.6914635, 10.7754889 ], [ -4.695437, 10.7778406 ], [ -4.6994424, 10.783555 ], [ -4.7036066, 10.7880669 ], [ -4.7068024, 10.789053 ], [ -4.7085271, 10.7909937 ], [ -4.7148666, 10.7947655 ], [ -4.7229328, 10.7965593 ], [ -4.7297053, 10.7969103 ], [ -4.7353868, 10.7998915 ], [ -4.7436171, 10.8072329 ], [ -4.745286, 10.808135 ], [ -4.7431312, 10.8143616 ], [ -4.7438865, 10.8201799 ], [ -4.7454019, 10.8217325 ], [ -4.745719, 10.8244114 ], [ -4.7495961, 10.829792 ], [ -4.7523551, 10.8313808 ], [ -4.7564511, 10.8351765 ], [ -4.7586999, 10.8391371 ], [ -4.7621102, 10.8433056 ], [ -4.7608809, 10.8463669 ], [ -4.7605872, 10.8498802 ], [ -4.7615929, 10.855648 ], [ -4.7630506, 10.859683 ], [ -4.7661867, 10.8614035 ], [ -4.7723784, 10.8633127 ], [ -4.7714658, 10.8704739 ], [ -4.774889, 10.872818 ] ] ] ] } },
{ "type": "Feature", "properties": { "region": "Centre-est", "id_adm": 4.0 }, "geometry": { "type": "MultiPolygon", "coordinates": [ [ [ [ -0.1440582, 11.9430475 ], [ -0.1393376, 11.9493485 ], [ -0.1382906, 11.952096 ], [ -0.1374016, 11.9584265 ], [ -0.1391008, 11.9679031 ], [ -0.1388992, 11.9706593 ], [ -0.135574, 11.9779778 ], [ -0.12839, 11.9879332 ], [ -0.1283648, 11.9914236 ], [ -0.1303706, 11.9996014 ], [ -0.1283911, 11.9995995 ], [ -0.1289143, 12.0056076 ], [ -0.1295654, 12.0221071 ], [ -0.1287095, 12.0290089 ], [ -0.1253737, 12.0359335 ], [ -0.1220549, 12.0408297 ], [ -0.1192419, 12.046792 ], [ -0.1187048, 12.0493212 ], [ -0.1187998, 12.0555382 ], [ -0.1228461, 12.0594444 ], [ -0.1256663, 12.069149 ], [ -0.1244449, 12.070858 ], [ -0.1182414, 12.0765257 ], [ -0.1146935, 12.0787382 ], [ -0.1088145, 12.083622 ], [ -0.1068061, 12.0844994 ], [ -0.1039503, 12.0838575 ], [ -0.1013929, 12.0863514 ], [ -0.0968939, 12.0862122 ], [ -0.0907581, 12.0838709 ], [ -0.0824272, 12.0825891 ], [ -0.0799453, 12.081809 ], [ -0.0753953, 12.0778084 ], [ -0.0706239, 12.0778131 ], [ -0.0640864, 12.074687 ], [ -0.0601426, 12.0737114 ], [ -0.0584729, 12.0767021 ], [ -0.0562811, 12.0830994 ], [ -0.0558176, 12.0885305 ], [ -0.0545606, 12.0947437 ], [ -0.0497958, 12.1005859 ], [ -0.0396127, 12.0981359 ], [ -0.0322719, 12.0978146 ], [ -0.0210585, 12.1022339 ], [ -0.0170882, 12.1043062 ], [ -0.0132086, 12.1046734 ], [ -0.0075656, 12.1109228 ], [ -0.0046299, 12.1135607 ], [ -0.0034889, 12.1160212 ], [ -0.005719, 12.117795 ], [ -0.0085557, 12.1248255 ], [ -0.0193982, 12.1458073 ], [ -0.0231911, 12.1517401 ], [ -0.0300021, 12.1542978 ], [ -0.0347304, 12.154254 ], [ -0.0433361, 12.1550789 ], [ -0.0450569, 12.1562939 ], [ -0.0464256, 12.1652451 ], [ -0.0477049, 12.1687126 ], [ -0.0516346, 12.1843233 ], [ -0.051141, 12.1921501 ], [ -0.0520401, 12.1962595 ], [ -0.0565675, 12.2028933 ], [ -0.0602887, 12.2055559 ], [ -0.0637885, 12.2068357 ], [ -0.0777725, 12.2085447 ], [ -0.0812574, 12.2115269 ], [ -0.0897153, 12.2237291 ], [ -0.0936188, 12.2321987 ], [ -0.0960902, 12.2385349 ], [ -0.1027085, 12.2471704 ], [ -0.1077338, 12.2507219 ], [ -0.1117758, 12.2524948 ], [ -0.1275619, 12.2591209 ], [ -0.1382208, 12.2613001 ], [ -0.143453, 12.2627802 ], [ -0.1618852, 12.2705917 ], [ -0.1769899, 12.2731609 ], [ -0.1922049, 12.27707 ], [ -0.1961438, 12.2801962 ], [ -0.2072481, 12.2850666 ], [ -0.2056789, 12.2928123 ], [ -0.2043349, 12.296958 ], [ -0.2056965, 12.3007784 ], [ -0.207681, 12.3023872 ], [ -0.2057181, 12.3043661 ], [ -0.2045696, 12.309556 ], [ -0.206867, 12.3118677 ], [ -0.2047692, 12.3146334 ], [ -0.2047833, 12.3189135 ], [ -0.2030125, 12.3214016 ], [ -0.195618, 12.3227434 ], [ -0.1927228, 12.3250942 ], [ -0.1923621, 12.3293304 ], [ -0.1896104, 12.3326931 ], [ -0.1915374, 12.3391047 ], [ -0.1885769, 12.3469582 ], [ -0.185403, 12.3493605 ], [ -0.182503, 12.3504219 ], [ -0.1823009, 12.3581114 ], [ -0.1757797, 12.3566885 ], [ -0.1708307, 12.3615274 ], [ -0.1694384, 12.3654413 ], [ -0.1685655, 12.3707352 ], [ -0.1665127, 12.3719015 ], [ -0.1635043, 12.3698654 ], [ -0.160607, 12.3718929 ], [ -0.1583262, 12.3762684 ], [ -0.1546869, 12.3808279 ], [ -0.1538148, 12.3863983 ], [ -0.1502589, 12.3876438 ], [ -0.148297, 12.3893032 ], [ -0.1449896, 12.3952436 ], [ -0.1438299, 12.3963051 ], [ -0.1487978, 12.4025412 ], [ -0.1573264, 12.4097729 ], [ -0.1623811, 12.4120264 ], [ -0.1658566, 12.4175129 ], [ -0.1674962, 12.4183893 ], [ -0.1699369, 12.424099 ], [ -0.1792122, 12.4274187 ], [ -0.1857867, 12.4333878 ], [ -0.1888666, 12.4348459 ], [ -0.1926098, 12.4355268 ], [ -0.2076166, 12.4345236 ], [ -0.2183996, 12.4341221 ], [ -0.2303515, 12.4340534 ], [ -0.2402489, 12.4331369 ], [ -0.2442701, 12.4341888 ], [ -0.251494, 12.4389124 ], [ -0.2555914, 12.4420843 ], [ -0.2599134, 12.4497776 ], [ -0.2648707, 12.4564343 ], [ -0.2640496, 12.4644909 ], [ -0.262247, 12.4733295 ], [ -0.2607589, 12.4772444 ], [ -0.2572571, 12.4814825 ], [ -0.2599926, 12.48843 ], [ -0.2587921, 12.4949217 ], [ -0.2575844, 12.498744 ], [ -0.2558122, 12.5015535 ], [ -0.256621, 12.50634 ], [ -0.2565845, 12.5103455 ], [ -0.2556999, 12.5123253 ], [ -0.2510309, 12.5181751 ], [ -0.24867, 12.5201759 ], [ -0.2483849, 12.5250826 ], [ -0.2512154, 12.5307417 ], [ -0.2500651, 12.5370941 ], [ -0.2510182, 12.5418358 ], [ -0.2486973, 12.5485582 ], [ -0.2460345, 12.5511856 ], [ -0.2429134, 12.5568962 ], [ -0.2406731, 12.5597525 ], [ -0.2428258, 12.558876 ], [ -0.2466227, 12.5588722 ], [ -0.2496167, 12.5571651 ], [ -0.2519153, 12.5577145 ], [ -0.2549716, 12.5607042 ], [ -0.257356, 12.5588131 ], [ -0.2621111, 12.551259 ], [ -0.2652722, 12.5536699 ], [ -0.2680185, 12.5516672 ], [ -0.2734065, 12.5511532 ], [ -0.2725408, 12.5446177 ], [ -0.2742186, 12.54319 ], [ -0.2765748, 12.5456715 ], [ -0.2807928, 12.5455751 ], [ -0.2819504, 12.5500698 ], [ -0.2879285, 12.5487881 ], [ -0.2882939, 12.5460253 ], [ -0.2922333, 12.5467567 ], [ -0.2915951, 12.5503416 ], [ -0.2943144, 12.5511513 ], [ -0.2938135, 12.5535221 ], [ -0.2967107, 12.5537481 ], [ -0.2970629, 12.5559502 ], [ -0.3009675, 12.5566158 ], [ -0.3047297, 12.5547972 ], [ -0.3063086, 12.5507898 ], [ -0.3055433, 12.546463 ], [ -0.3088751, 12.5460434 ], [ -0.3109027, 12.5508757 ], [ -0.3136938, 12.5449791 ], [ -0.3149181, 12.5464964 ], [ -0.317486, 12.5437317 ], [ -0.3220355, 12.5445528 ], [ -0.3239465, 12.5416508 ], [ -0.3291534, 12.542841 ], [ -0.3284115, 12.5450516 ], [ -0.3337797, 12.544137 ], [ -0.3346924, 12.5373154 ], [ -0.3372808, 12.535141 ], [ -0.3412184, 12.5352278 ], [ -0.3472993, 12.5319958 ], [ -0.3521226, 12.530838 ], [ -0.3542698, 12.5284863 ], [ -0.3574047, 12.527009 ], [ -0.3629681, 12.5294647 ], [ -0.3667858, 12.52878 ], [ -0.3648079, 12.5264912 ], [ -0.367467, 12.5232639 ], [ -0.3711243, 12.5235806 ], [ -0.3807295, 12.5221376 ], [ -0.3833354, 12.5179911 ], [ -0.3868491, 12.5175238 ], [ -0.3903084, 12.5153093 ], [ -0.3926999, 12.5154896 ], [ -0.3956787, 12.5137358 ], [ -0.3982575, 12.5106001 ], [ -0.4011601, 12.5096741 ], [ -0.4019973, 12.5081072 ], [ -0.4014218, 12.5047941 ], [ -0.4022525, 12.5015707 ], [ -0.4061253, 12.4972353 ], [ -0.4066215, 12.4924469 ], [ -0.4079715, 12.4901896 ], [ -0.4120407, 12.4880648 ], [ -0.4181844, 12.4892035 ], [ -0.4196704, 12.4906082 ], [ -0.4231874, 12.486743 ], [ -0.4269387, 12.486886 ], [ -0.4258913, 12.4828377 ], [ -0.4278454, 12.4793339 ], [ -0.4325414, 12.481719 ], [ -0.432648, 12.4839172 ], [ -0.4356862, 12.4829111 ], [ -0.4393449, 12.4837322 ], [ -0.4437945, 12.4831715 ], [ -0.4503342, 12.4892826 ], [ -0.4546922, 12.4891825 ], [ -0.4592913, 12.4906931 ], [ -0.4627511, 12.4887066 ], [ -0.4657064, 12.4892979 ], [ -0.473649, 12.4945316 ], [ -0.4786572, 12.4930029 ], [ -0.4805428, 12.4954853 ], [ -0.484025, 12.4972334 ], [ -0.4852963, 12.5001717 ], [ -0.4890035, 12.5012226 ], [ -0.4912617, 12.5003538 ], [ -0.4927359, 12.4972095 ], [ -0.5004282, 12.4985752 ], [ -0.5034398, 12.5012836 ], [ -0.5063513, 12.5025673 ], [ -0.5137896, 12.509119 ], [ -0.5232496, 12.5082407 ], [ -0.5289282, 12.5097942 ], [ -0.5344256, 12.5127745 ], [ -0.5343272, 12.515069 ], [ -0.5376245, 12.5153914 ], [ -0.5395561, 12.5145473 ], [ -0.541031, 12.5119305 ], [ -0.5454559, 12.5098495 ], [ -0.5469775, 12.510582 ], [ -0.5469008, 12.5143576 ], [ -0.5521073, 12.5150833 ], [ -0.5587299, 12.5179682 ], [ -0.5605115, 12.5181484 ], [ -0.5638985, 12.5207653 ], [ -0.5665727, 12.521266 ], [ -0.5707594, 12.5191612 ], [ -0.5819737, 12.5268002 ], [ -0.5892553, 12.5301447 ], [ -0.592627, 12.5293541 ], [ -0.5998629, 12.5351124 ], [ -0.6063351, 12.5335569 ], [ -0.6066312, 12.5365944 ], [ -0.6088867, 12.5377398 ], [ -0.6158134, 12.5352821 ], [ -0.6184407, 12.5357819 ], [ -0.6231422, 12.5385799 ], [ -0.6293437, 12.5412807 ], [ -0.6320628, 12.5414848 ], [ -0.6327314, 12.5244942 ], [ -0.6335666, 12.5192471 ], [ -0.6328429, 12.5025578 ], [ -0.6331151, 12.4909 ], [ -0.6321553, 12.4873896 ], [ -0.6282578, 12.4816885 ], [ -0.6248583, 12.4785271 ], [ -0.6168551, 12.470027 ], [ -0.6145628, 12.4692698 ], [ -0.6081895, 12.4688015 ], [ -0.5933605, 12.4705219 ], [ -0.5834619, 12.4712677 ], [ -0.5750096, 12.4729939 ], [ -0.5673652, 12.4732046 ], [ -0.5550605, 12.4697361 ], [ -0.5524523, 12.4674101 ], [ -0.5517115, 12.4598913 ], [ -0.5498945, 12.4459124 ], [ -0.5506343, 12.4285908 ], [ -0.5498495, 12.4207029 ], [ -0.5505131, 12.4134283 ], [ -0.5496148, 12.4082127 ], [ -0.5440418, 12.4075203 ], [ -0.5363988, 12.4081488 ], [ -0.5262365, 12.4083996 ], [ -0.5231941, 12.4089584 ], [ -0.5192569, 12.407999 ], [ -0.5167347, 12.4085016 ], [ -0.515681, 12.4016542 ], [ -0.5151725, 12.394599 ], [ -0.5150545, 12.3853817 ], [ -0.5171487, 12.3750305 ], [ -0.5198394, 12.3725195 ], [ -0.5242633, 12.3700686 ], [ -0.5327756, 12.3661318 ], [ -0.5327216, 12.360878 ], [ -0.5336787, 12.3519459 ], [ -0.5381162, 12.3413839 ], [ -0.540109, 12.3327274 ], [ -0.5379727, 12.3292637 ], [ -0.5292241, 12.3210773 ], [ -0.5254644, 12.3162985 ], [ -0.5217431, 12.3126726 ], [ -0.518289, 12.3112707 ], [ -0.5194787, 12.3048372 ], [ -0.52124, 12.3007364 ], [ -0.5202334, 12.2956734 ], [ -0.5212054, 12.293231 ], [ -0.5199811, 12.2917147 ], [ -0.514392, 12.2882738 ], [ -0.5141497, 12.2870235 ], [ -0.507818, 12.2856493 ], [ -0.5007352, 12.2820272 ], [ -0.4962104, 12.2774906 ], [ -0.4935634, 12.2658863 ], [ -0.4914625, 12.2464209 ], [ -0.4915441, 12.2418137 ], [ -0.4942672, 12.2348328 ], [ -0.4950457, 12.2310143 ], [ -0.4938856, 12.2233543 ], [ -0.4912024, 12.2189074 ], [ -0.4879792, 12.2177734 ], [ -0.4775435, 12.2165766 ], [ -0.467352, 12.2140465 ], [ -0.4621793, 12.2105913 ], [ -0.4587433, 12.2066908 ], [ -0.4577212, 12.1995392 ], [ -0.4520963, 12.1940069 ], [ -0.4488397, 12.1885214 ], [ -0.4439027, 12.1886587 ], [ -0.4402458, 12.1874237 ], [ -0.4369993, 12.183609 ], [ -0.4312002, 12.1740913 ], [ -0.429374, 12.1734638 ], [ -0.4274836, 12.1697712 ], [ -0.4234085, 12.1644058 ], [ -0.4266381, 12.1640644 ], [ -0.432022, 12.1648827 ], [ -0.4379651, 12.1651468 ], [ -0.4396562, 12.1646662 ], [ -0.4409163, 12.1620197 ], [ -0.4406691, 12.1575947 ], [ -0.4384648, 12.1519537 ], [ -0.4334672, 12.1442137 ], [ -0.4296602, 12.1400795 ], [ -0.4275647, 12.1356058 ], [ -0.4261523, 12.1304913 ], [ -0.4274175, 12.1211519 ], [ -0.4304935, 12.1104937 ], [ -0.428942, 12.1072493 ], [ -0.4255778, 12.1079445 ], [ -0.4194758, 12.1023626 ], [ -0.4161782, 12.0986652 ], [ -0.4119982, 12.095129 ], [ -0.4128778, 12.0929165 ], [ -0.41286, 12.0887737 ], [ -0.4143011, 12.0865602 ], [ -0.4156303, 12.0806274 ], [ -0.4193057, 12.0753164 ], [ -0.4203518, 12.0721931 ], [ -0.4223762, 12.071517 ], [ -0.4240685, 12.0628967 ], [ -0.4264429, 12.0596018 ], [ -0.4282892, 12.0538883 ], [ -0.4325366, 12.0516233 ], [ -0.4319594, 12.047987 ], [ -0.4329741, 12.0446701 ], [ -0.4363298, 12.0417624 ], [ -0.4378108, 12.0382147 ], [ -0.4408333, 12.0339718 ], [ -0.442237, 12.0340614 ], [ -0.4468934, 12.0291243 ], [ -0.4483412, 12.0285683 ], [ -0.4519192, 12.0231285 ], [ -0.4544651, 12.0171375 ], [ -0.4593276, 12.0164804 ], [ -0.4626417, 12.0148621 ], [ -0.4677095, 12.0099735 ], [ -0.4716218, 12.0084095 ], [ -0.4811748, 12.0062084 ], [ -0.4839395, 12.0072603 ], [ -0.4866971, 12.0066557 ], [ -0.4911389, 12.0009956 ], [ -0.5025155, 12.0004101 ], [ -0.5158269, 12.0049191 ], [ -0.5252147, 12.0075779 ], [ -0.531416, 12.0109015 ], [ -0.5423411, 12.0146332 ], [ -0.553553, 12.0175829 ], [ -0.5626736, 12.018487 ], [ -0.5699396, 12.0169802 ], [ -0.5803055, 12.0139303 ], [ -0.585851, 12.0107031 ], [ -0.593034, 12.0075817 ], [ -0.5997142, 12.0027504 ], [ -0.6032391, 12.0007048 ], [ -0.6077405, 11.9960613 ], [ -0.6128087, 11.9935265 ], [ -0.6179707, 11.9896088 ], [ -0.6224824, 11.98421 ], [ -0.6299167, 11.9766378 ], [ -0.6333883, 11.9736271 ], [ -0.6370761, 11.9665747 ], [ -0.6407541, 11.9607162 ], [ -0.6478088, 11.9533119 ], [ -0.6510067, 11.9488335 ], [ -0.6545053, 11.9423313 ], [ -0.6549736, 11.9365635 ], [ -0.6574657, 11.9329472 ], [ -0.6571195, 11.9278774 ], [ -0.6595278, 11.9232025 ], [ -0.6590902, 11.9204035 ], [ -0.6637215, 11.9182434 ], [ -0.6657521, 11.9136467 ], [ -0.667814, 11.9156265 ], [ -0.6729037, 11.9136248 ], [ -0.6755145, 11.9135742 ], [ -0.6779504, 11.9052982 ], [ -0.679731, 11.9032679 ], [ -0.6882165, 11.8994837 ], [ -0.6908444, 11.8972254 ], [ -0.6903988, 11.8942184 ], [ -0.6929455, 11.8917418 ], [ -0.6953368, 11.8915358 ], [ -0.7000633, 11.8864717 ], [ -0.7049775, 11.8868828 ], [ -0.7090298, 11.8894224 ], [ -0.7130955, 11.8902063 ], [ -0.716792, 11.8900099 ], [ -0.7205924, 11.884594 ], [ -0.7216328, 11.8795271 ], [ -0.7293738, 11.876812 ], [ -0.73185, 11.8750954 ], [ -0.7340156, 11.875556 ], [ -0.7378544, 11.8747454 ], [ -0.7571928, 11.8746834 ], [ -0.7779453, 11.8736181 ], [ -0.7988736, 11.8736467 ], [ -0.8085858, 11.8740759 ], [ -0.8119451, 11.8747349 ], [ -0.8213876, 11.8743296 ], [ -0.8262911, 11.8737249 ], [ -0.8253753, 11.8719807 ], [ -0.8285125, 11.8638973 ], [ -0.8286889, 11.8611031 ], [ -0.8315287, 11.8598585 ], [ -0.8336155, 11.8572235 ], [ -0.8334983, 11.8530598 ], [ -0.8259197, 11.8486862 ], [ -0.8241569, 11.8484459 ], [ -0.8222826, 11.844532 ], [ -0.8218271, 11.8414249 ], [ -0.8227975, 11.8355513 ], [ -0.8251523, 11.8314247 ], [ -0.8269582, 11.8243637 ], [ -0.8300676, 11.8187685 ], [ -0.8374097, 11.8085194 ], [ -0.8445713, 11.796422 ], [ -0.8490753, 11.7910271 ], [ -0.8535747, 11.7875595 ], [ -0.8582566, 11.7855597 ], [ -0.8660116, 11.7856092 ], [ -0.8721948, 11.7817831 ], [ -0.8766842, 11.7796907 ], [ -0.8871414, 11.7809448 ], [ -0.8900357, 11.7809668 ], [ -0.8963007, 11.779891 ], [ -0.8981817, 11.777607 ], [ -0.8989689, 11.7686911 ], [ -0.8987291, 11.7607899 ], [ -0.8994721, 11.742219 ], [ -0.9004667, 11.7284355 ], [ -0.9007068, 11.7174978 ], [ -0.9016284, 11.698204 ], [ -0.9027039, 11.6886473 ], [ -0.8986133, 11.6850348 ], [ -0.8909953, 11.6760836 ], [ -0.8752037, 11.6590729 ], [ -0.8501874, 11.6376133 ], [ -0.8446133, 11.6309567 ], [ -0.838854, 11.6258736 ], [ -0.8219428, 11.6095943 ], [ -0.8132717, 11.6034746 ], [ -0.8105637, 11.6007671 ], [ -0.8080667, 11.6019783 ], [ -0.8064992, 11.5964022 ], [ -0.8029652, 11.5949545 ], [ -0.8023074, 11.5931854 ], [ -0.7990245, 11.5951777 ], [ -0.7938585, 11.5933914 ], [ -0.7900237, 11.5955067 ], [ -0.7875914, 11.5928011 ], [ -0.7856131, 11.5933828 ], [ -0.7829136, 11.5895433 ], [ -0.7754288, 11.5884809 ], [ -0.7716599, 11.583992 ], [ -0.7726808, 11.5824795 ], [ -0.7725933, 11.5755024 ], [ -0.7690347, 11.5711412 ], [ -0.7659585, 11.5699415 ], [ -0.7633851, 11.5677767 ], [ -0.7603918, 11.5665407 ], [ -0.7485666, 11.5589848 ], [ -0.7441785, 11.5539103 ], [ -0.7378166, 11.5475998 ], [ -0.7377868, 11.545392 ], [ -0.7325683, 11.5434418 ], [ -0.7275386, 11.5445604 ], [ -0.7237028, 11.5443668 ], [ -0.7214279, 11.5416346 ], [ -0.7197049, 11.5412502 ], [ -0.7139714, 11.5494289 ], [ -0.7121553, 11.5541916 ], [ -0.7110261, 11.5591593 ], [ -0.7036636, 11.5677862 ], [ -0.6999744, 11.5737648 ], [ -0.6975895, 11.5759525 ], [ -0.6931155, 11.5751028 ], [ -0.6908879, 11.5734291 ], [ -0.6757199, 11.5638704 ], [ -0.6642077, 11.552948 ], [ -0.657717, 11.5457392 ], [ -0.6536289, 11.5388927 ], [ -0.6509529, 11.5298605 ], [ -0.6475645, 11.5252008 ], [ -0.6431789, 11.5237446 ], [ -0.6358166, 11.519043 ], [ -0.630544, 11.5183754 ], [ -0.6260766, 11.5168371 ], [ -0.6220229, 11.5116377 ], [ -0.6189082, 11.5084734 ], [ -0.616257, 11.5071125 ], [ -0.6131753, 11.5068426 ], [ -0.6097337, 11.5044346 ], [ -0.6027875, 11.5030479 ], [ -0.6001425, 11.5008993 ], [ -0.5959832, 11.5011272 ], [ -0.5930098, 11.4975567 ], [ -0.592963, 11.4929419 ], [ -0.5874147, 11.4924078 ], [ -0.5833667, 11.491333 ], [ -0.5736765, 11.4853268 ], [ -0.5709167, 11.4826622 ], [ -0.5662453, 11.4815283 ], [ -0.5627084, 11.4831724 ], [ -0.5593445, 11.4838133 ], [ -0.5581182, 11.4787273 ], [ -0.5607105, 11.4723263 ], [ -0.5623453, 11.4709921 ], [ -0.5637001, 11.4655666 ], [ -0.565596, 11.4625158 ], [ -0.5695553, 11.4608021 ], [ -0.57268, 11.4613714 ], [ -0.5795156, 11.4579363 ], [ -0.5814503, 11.4545965 ], [ -0.5904251, 11.4462385 ], [ -0.5955058, 11.4394684 ], [ -0.5937614, 11.4336643 ], [ -0.5891231, 11.4295006 ], [ -0.586524, 11.4262667 ], [ -0.581537, 11.4174137 ], [ -0.5794272, 11.4114256 ], [ -0.5787364, 11.401125 ], [ -0.5773527, 11.3985434 ], [ -0.5749372, 11.3977003 ], [ -0.571576, 11.3981342 ], [ -0.5627899, 11.4012995 ], [ -0.5603667, 11.4002657 ], [ -0.5599196, 11.397603 ], [ -0.5624649, 11.3923769 ], [ -0.5691184, 11.3873663 ], [ -0.5770466, 11.3859482 ], [ -0.5841293, 11.3870926 ], [ -0.5946477, 11.3912325 ], [ -0.5960343, 11.3934507 ], [ -0.6028501, 11.3971529 ], [ -0.6039067, 11.4005451 ], [ -0.6067914, 11.4036446 ], [ -0.6080066, 11.4067039 ], [ -0.6100056, 11.4068556 ], [ -0.6150595, 11.4118547 ], [ -0.6242741, 11.4151058 ], [ -0.627817, 11.4149447 ], [ -0.6321107, 11.4137764 ], [ -0.6354902, 11.4109449 ], [ -0.6376659, 11.4047108 ], [ -0.63789, 11.3980989 ], [ -0.6359612, 11.392293 ], [ -0.6356989, 11.3881559 ], [ -0.6383449, 11.3815546 ], [ -0.6410698, 11.3790894 ], [ -0.6450806, 11.3776464 ], [ -0.654827, 11.3697996 ], [ -0.6676986, 11.3684998 ], [ -0.6721889, 11.3666897 ], [ -0.6804289, 11.3602142 ], [ -0.6860569, 11.3533554 ], [ -0.6877552, 11.3506994 ], [ -0.6883348, 11.3454571 ], [ -0.6866053, 11.3373632 ], [ -0.6870072, 11.3325806 ], [ -0.6903126, 11.3246088 ], [ -0.6924862, 11.3183641 ], [ -0.6997947, 11.3110571 ], [ -0.7063253, 11.3098145 ], [ -0.7156433, 11.311244 ], [ -0.7237859, 11.3103209 ], [ -0.7289435, 11.3086596 ], [ -0.7332427, 11.3051825 ], [ -0.7361132, 11.3001013 ], [ -0.7403747, 11.2980261 ], [ -0.7453046, 11.2909155 ], [ -0.7462544, 11.287612 ], [ -0.7459942, 11.2842169 ], [ -0.7441381, 11.2808008 ], [ -0.7384806, 11.2754374 ], [ -0.7343903, 11.2728357 ], [ -0.7297595, 11.2662859 ], [ -0.7270005, 11.2596502 ], [ -0.7249037, 11.2501707 ], [ -0.7259372, 11.246686 ], [ -0.7300702, 11.241931 ], [ -0.7342785, 11.2394753 ], [ -0.736071, 11.2349739 ], [ -0.7368345, 11.2307549 ], [ -0.7396603, 11.2253475 ], [ -0.7417181, 11.2235174 ], [ -0.7522704, 11.2199059 ], [ -0.756287, 11.2172585 ], [ -0.7591984, 11.2139692 ], [ -0.7636408, 11.2067642 ], [ -0.7616231, 11.2028761 ], [ -0.7639537, 11.1986866 ], [ -0.7630537, 11.1936216 ], [ -0.7611894, 11.1914177 ], [ -0.761463, 11.1889858 ], [ -0.7596817, 11.1880407 ], [ -0.759701, 11.1852627 ], [ -0.7570705, 11.183814 ], [ -0.7576804, 11.1818094 ], [ -0.7564207, 11.1797009 ], [ -0.7572429, 11.1748571 ], [ -0.759728, 11.1695108 ], [ -0.7601583, 11.1669626 ], [ -0.7570472, 11.1634464 ], [ -0.7565231, 11.161027 ], [ -0.7536882, 11.1573772 ], [ -0.7488003, 11.1562634 ], [ -0.7430204, 11.1568708 ], [ -0.7369055, 11.1594934 ], [ -0.7315879, 11.1582136 ], [ -0.7265979, 11.1560135 ], [ -0.7254564, 11.1540957 ], [ -0.7279884, 11.1512289 ], [ -0.7271138, 11.1491585 ], [ -0.7231503, 11.1483049 ], [ -0.7216494, 11.1466475 ], [ -0.7219344, 11.1439352 ], [ -0.724498, 11.1430855 ], [ -0.7258324, 11.1384544 ], [ -0.7291341, 11.1369324 ], [ -0.728801, 11.1321526 ], [ -0.7329548, 11.1280584 ], [ -0.7326109, 11.1248074 ], [ -0.7338833, 11.122447 ], [ -0.7380286, 11.1182165 ], [ -0.741467, 11.1167679 ], [ -0.7400396, 11.1137705 ], [ -0.7368677, 11.1111956 ], [ -0.7355632, 11.1063538 ], [ -0.7336434, 11.1043215 ], [ -0.7264459, 11.1033258 ], [ -0.724531, 11.1045237 ], [ -0.7199043, 11.1042175 ], [ -0.7161807, 11.1019363 ], [ -0.7138649, 11.1040812 ], [ -0.7098956, 11.1041594 ], [ -0.7071285, 11.0988359 ], [ -0.7023269, 11.0947819 ], [ -0.695538, 11.0918159 ], [ -0.692437, 11.0858116 ], [ -0.6904241, 11.0685787 ], [ -0.6858824, 11.0641737 ], [ -0.6855565, 11.0623255 ], [ -0.6813292, 11.0588093 ], [ -0.6804683, 11.056179 ], [ -0.6815175, 11.0516901 ], [ -0.6803982, 11.0467329 ], [ -0.6821135, 11.0439138 ], [ -0.6838812, 11.044054 ], [ -0.6855285, 11.0417871 ], [ -0.6874344, 11.0418015 ], [ -0.6889071, 11.0447712 ], [ -0.6929867, 11.0445309 ], [ -0.694693, 11.0416946 ], [ -0.6968623, 11.0355673 ], [ -0.6971574, 11.0314074 ], [ -0.6990902, 11.0276041 ], [ -0.6981606, 11.0255795 ], [ -0.7027007, 11.0158691 ], [ -0.7043354, 11.0153484 ], [ -0.7058579, 11.012537 ], [ -0.7046442, 11.010519 ], [ -0.703874, 11.0040712 ], [ -0.7000936, 10.999609 ], [ -0.6972433, 10.9997225 ], [ -0.692721, 11.0030451 ], [ -0.6919397, 11.0073004 ], [ -0.6870408, 11.0107288 ], [ -0.6843423, 11.0075045 ], [ -0.6789315, 11.0030212 ], [ -0.6795303, 10.9999762 ], [ -0.6850821, 10.9964343 ], [ -0.6868378, 10.9923009 ], [ -0.6862561, 10.9865854 ], [ -0.6853285, 10.9848148 ], [ -0.6808866, 10.9824579 ], [ -0.6775643, 10.9821282 ], [ -0.6756094, 10.9844009 ], [ -0.6732504, 10.9897335 ], [ -0.6650545, 10.9881444 ], [ -0.6598197, 10.9885978 ], [ -0.6541903, 10.9875613 ], [ -0.6525449, 10.9829945 ], [ -0.6527148, 10.980935 ], [ -0.6567728, 10.9746037 ], [ -0.6617994, 10.9753429 ], [ -0.6638172, 10.9745339 ], [ -0.6693935, 10.9660742 ], [ -0.6715546, 10.9614269 ], [ -0.6703171, 10.9575815 ], [ -0.6663731, 10.9572899 ], [ -0.662399, 10.955679 ], [ -0.6599748, 10.9567987 ], [ -0.6564015, 10.9631944 ], [ -0.6532004, 10.9634787 ], [ -0.6514939, 10.9603628 ], [ -0.6456749, 10.9558764 ], [ -0.6449825, 10.9530743 ], [ -0.6485557, 10.9498034 ], [ -0.6414598, 10.9465324 ], [ -0.6413741, 10.9453617 ], [ -0.6356906, 10.9419194 ], [ -0.6289208, 10.9411841 ], [ -0.6257912, 10.9386048 ], [ -0.6236596, 10.9334539 ], [ -0.624261, 10.9317416 ], [ -0.6225182, 10.9262613 ], [ -0.6224511, 10.9220673 ], [ -0.6189691, 10.9175886 ], [ -0.6197933, 10.9133734 ], [ -0.6185249, 10.9109327 ], [ -0.6164406, 10.9126734 ], [ -0.6139786, 10.9118043 ], [ -0.6106792, 10.9149142 ], [ -0.6064221, 10.9157308 ], [ -0.6053272, 10.9176756 ], [ -0.5997508, 10.9195882 ], [ -0.5973206, 10.9217625 ], [ -0.5932064, 10.9235129 ], [ -0.5937074, 10.9306725 ], [ -0.5924276, 10.9314805 ], [ -0.591174, 10.9355705 ], [ -0.5887468, 10.9376804 ], [ -0.5867013, 10.9429635 ], [ -0.5879088, 10.9449769 ], [ -0.5879781, 10.9493125 ], [ -0.5871394, 10.9515288 ], [ -0.5861068, 10.9596016 ], [ -0.5845102, 10.963055 ], [ -0.5817487, 10.9626931 ], [ -0.5797366, 10.9686658 ], [ -0.5797362, 10.972378 ], [ -0.5759582, 10.9755763 ], [ -0.5726561, 10.9814798 ], [ -0.5729693, 10.9844599 ], [ -0.5716918, 10.9869574 ], [ -0.5662522, 10.9926612 ], [ -0.5625755, 10.9921423 ], [ -0.5602899, 10.9895609 ], [ -0.5544299, 10.990904 ], [ -0.5527643, 10.9879487 ], [ -0.5508036, 10.9873538 ], [ -0.550737, 10.9841987 ], [ -0.5519839, 10.9822682 ], [ -0.5511712, 10.9786945 ], [ -0.5494235, 10.9783214 ], [ -0.5447169, 10.9748283 ], [ -0.5441316, 10.9765368 ], [ -0.5447027, 10.9815004 ], [ -0.5434025, 10.9853876 ], [ -0.541424, 10.9881589 ], [ -0.5363318, 10.9911528 ], [ -0.5362918, 10.9953635 ], [ -0.532751, 10.998478 ], [ -0.5295693, 10.9998936 ], [ -0.5261189, 10.9995754 ], [ -0.5253391, 10.9953306 ], [ -0.5233136, 10.9916407 ], [ -0.5170621, 10.9918338 ], [ -0.5140205, 10.9911721 ], [ -0.5108762, 10.9883897 ], [ -0.5098351, 10.9935698 ], [ -0.5086316, 10.9939698 ], [ -0.5048482, 10.9981547 ], [ -0.5010006, 11.0033832 ], [ -0.5023387, 11.0066015 ], [ -0.5007156, 11.0120122 ], [ -0.5021929, 11.0160809 ], [ -0.4998842, 11.0178045 ], [ -0.4918711, 11.0207133 ], [ -0.4904344, 11.0221187 ], [ -0.486232, 11.0227649 ], [ -0.4860604, 11.0208425 ], [ -0.4811079, 11.0233774 ], [ -0.4795748, 11.0314159 ], [ -0.4741789, 11.0355501 ], [ -0.4679241, 11.0330696 ], [ -0.4654815, 11.0306668 ], [ -0.4641207, 11.0312186 ], [ -0.4591585, 11.0281534 ], [ -0.4513703, 11.0294972 ], [ -0.4496044, 11.0307274 ], [ -0.4467936, 11.0298832 ], [ -0.4451773, 11.0307517 ], [ -0.4405413, 11.0298658 ], [ -0.4380132, 11.030337 ], [ -0.4335852, 11.0371533 ], [ -0.4387922, 11.0444304 ], [ -0.4349285, 11.0478005 ], [ -0.4397546, 11.064866 ], [ -0.4333874, 11.0791698 ], [ -0.4314373, 11.0868619 ], [ -0.4318157, 11.0927796 ], [ -0.4301912, 11.0953254 ], [ -0.4312468, 11.1045195 ], [ -0.4280594, 11.1144522 ], [ -0.425286, 11.11397 ], [ -0.4209142, 11.1152233 ], [ -0.4187619, 11.1175724 ], [ -0.4122455, 11.1210352 ], [ -0.4092358, 11.1211696 ], [ -0.4051824, 11.1232848 ], [ -0.4046388, 11.1259586 ], [ -0.402059, 11.1269762 ], [ -0.3935161, 11.1261019 ], [ -0.387486, 11.1250048 ], [ -0.3856417, 11.1269408 ], [ -0.3812962, 11.1258523 ], [ -0.3801754, 11.1231683 ], [ -0.3779668, 11.1222686 ], [ -0.3756946, 11.1234479 ], [ -0.3724612, 11.1233546 ], [ -0.372459, 11.1214698 ], [ -0.3745035, 11.1182032 ], [ -0.3743362, 11.110963 ], [ -0.3751643, 11.1055723 ], [ -0.3732702, 11.1019395 ], [ -0.3697894, 11.0983903 ], [ -0.3699545, 11.0962199 ], [ -0.3720684, 11.0919136 ], [ -0.369177, 11.0854943 ], [ -0.3661644, 11.0817968 ], [ -0.3605486, 11.078786 ], [ -0.3596682, 11.0759999 ], [ -0.3611248, 11.0694939 ], [ -0.3564477, 11.0711634 ], [ -0.3546538, 11.0732624 ], [ -0.3535694, 11.0767376 ], [ -0.3551968, 11.0803069 ], [ -0.3543445, 11.0842556 ], [ -0.3506801, 11.0856119 ], [ -0.3454823, 11.0846855 ], [ -0.3402859, 11.0866546 ], [ -0.3384834, 11.0900878 ], [ -0.3380135, 11.093321 ], [ -0.3360541, 11.0963047 ], [ -0.3351358, 11.1016626 ], [ -0.3364991, 11.1062366 ], [ -0.332359, 11.1094027 ], [ -0.3277924, 11.1101221 ], [ -0.3240805, 11.1135444 ], [ -0.3208298, 11.1154979 ], [ -0.3179934, 11.1157142 ], [ -0.3126219, 11.1147546 ], [ -0.3092939, 11.1152168 ], [ -0.3058729, 11.1182916 ], [ -0.303077, 11.1195933 ], [ -0.2973214, 11.1194231 ], [ -0.2964825, 11.1187101 ], [ -0.2911984, 11.1192114 ], [ -0.2892108, 11.1206974 ], [ -0.281478, 11.1225342 ], [ -0.2799176, 11.1221359 ], [ -0.2732163, 11.123433 ], [ -0.2715396, 11.125776 ], [ -0.2706544, 11.1324241 ], [ -0.2718215, 11.1380864 ], [ -0.2763629, 11.1403505 ], [ -0.2812512, 11.1404181 ], [ -0.2857755, 11.14354 ], [ -0.2888393, 11.1464953 ], [ -0.2890133, 11.1495376 ], [ -0.2842335, 11.1547888 ], [ -0.2842055, 11.1644968 ], [ -0.2818675, 11.1696595 ], [ -0.2789078, 11.1731665 ], [ -0.2754178, 11.1748535 ], [ -0.2496061, 11.1690187 ], [ -0.2181671, 11.1613882 ], [ -0.2053904, 11.1583831 ], [ -0.1610632, 11.1468923 ], [ -0.1523613, 11.1425786 ], [ -0.136228, 11.139617 ], [ -0.10653, 11.1334781 ], [ 0.0011117, 11.1114972 ], [ 0.0069617, 11.1117757 ], [ 0.010661, 11.1146688 ], [ 0.0286379, 11.1069836 ], [ 0.0312672, 11.1053536 ], [ 0.1072302, 11.0899644 ], [ 0.1785975, 11.0754835 ], [ 0.264565, 11.05804 ], [ 0.2901832, 11.0520927 ], [ 0.315342, 11.047737 ], [ 0.4243648, 11.0256157 ], [ 0.4269073, 11.0250998 ], [ 0.4310011, 11.0389738 ], [ 0.4376059, 11.0497055 ], [ 0.4393127, 11.0560761 ], [ 0.441678, 11.0626354 ], [ 0.44687, 11.0755596 ], [ 0.449668, 11.0848866 ], [ 0.4530297, 11.0939302 ], [ 0.4523697, 11.1010332 ], [ 0.4531459, 11.1034794 ], [ 0.4575931, 11.1080151 ], [ 0.4644379, 11.1080952 ], [ 0.4713734, 11.1111374 ], [ 0.475865, 11.1057816 ], [ 0.4785415, 11.0995359 ], [ 0.4796073, 11.1008348 ], [ 0.4839401, 11.1007214 ], [ 0.4856023, 11.1020813 ], [ 0.4907989, 11.1032648 ], [ 0.4941173, 11.0905228 ], [ 0.4972247, 11.0871429 ], [ 0.5013009, 11.0811939 ], [ 0.5033053, 11.0765162 ], [ 0.5079299, 11.0706635 ], [ 0.5105609, 11.0686646 ], [ 0.5180239, 11.0683622 ], [ 0.5218486, 11.0692205 ], [ 0.5261561, 11.0710449 ], [ 0.5282914, 11.0734158 ], [ 0.52898, 11.0777531 ], [ 0.528751, 11.0821085 ], [ 0.5254145, 11.092042 ], [ 0.5247722, 11.0956755 ], [ 0.5249313, 11.1020184 ], [ 0.5237905, 11.1088076 ], [ 0.5234957, 11.1198549 ], [ 0.524042, 11.1311741 ], [ 0.5254743, 11.1377211 ], [ 0.5279362, 11.1433563 ], [ 0.5358468, 11.1558466 ], [ 0.5433753, 11.1688843 ], [ 0.5491585, 11.1784143 ], [ 0.5592853, 11.1936827 ], [ 0.5631235, 11.2024746 ], [ 0.5630789, 11.2061157 ], [ 0.5647662, 11.2099571 ], [ 0.569093, 11.210412 ], [ 0.5737002, 11.2119408 ], [ 0.5752876, 11.2150011 ], [ 0.5750595, 11.2171087 ], [ 0.5654358, 11.2278881 ], [ 0.5645579, 11.2298441 ], [ 0.5652364, 11.2344074 ], [ 0.5674763, 11.2366514 ], [ 0.5712416, 11.2432508 ], [ 0.5726649, 11.2499609 ], [ 0.5707801, 11.2516956 ], [ 0.5688099, 11.2573633 ], [ 0.5665232, 11.258215 ], [ 0.5619479, 11.2577305 ], [ 0.5599887, 11.2587852 ], [ 0.5589055, 11.2714996 ], [ 0.5558394, 11.2767096 ], [ 0.5489174, 11.28337 ], [ 0.5486878, 11.2856054 ], [ 0.5500263, 11.2887449 ], [ 0.5511809, 11.297164 ], [ 0.5498598, 11.3053188 ], [ 0.5514691, 11.3080988 ], [ 0.5518898, 11.3119802 ], [ 0.5498208, 11.3129711 ], [ 0.5451961, 11.3186808 ], [ 0.544525, 11.3210192 ], [ 0.5454534, 11.3276873 ], [ 0.5434822, 11.3318949 ], [ 0.54042, 11.336009 ], [ 0.5375541, 11.3360672 ], [ 0.5358607, 11.3386021 ], [ 0.5377963, 11.3417406 ], [ 0.5413851, 11.34342 ], [ 0.5463053, 11.3435926 ], [ 0.5486875, 11.34552 ], [ 0.5498687, 11.3495283 ], [ 0.5534489, 11.3534451 ], [ 0.5556775, 11.3529072 ], [ 0.5587195, 11.3557577 ], [ 0.5608843, 11.3552017 ], [ 0.5647927, 11.3570032 ], [ 0.568958, 11.3565779 ], [ 0.5709119, 11.3574772 ], [ 0.5750204, 11.357233 ], [ 0.5783378, 11.3585567 ], [ 0.5816615, 11.3586016 ], [ 0.5874525, 11.3619442 ], [ 0.5904637, 11.3659906 ], [ 0.5876364, 11.3725872 ], [ 0.584559, 11.3817749 ], [ 0.5716436, 11.4168835 ], [ 0.5630288, 11.4418592 ], [ 0.5548248, 11.464675 ], [ 0.5519035, 11.4722519 ], [ 0.5493796, 11.4765987 ], [ 0.5393999, 11.4903917 ], [ 0.5359802, 11.496604 ], [ 0.5339143, 11.5025501 ], [ 0.5342092, 11.5115929 ], [ 0.5331901, 11.5228853 ], [ 0.5333862, 11.5302334 ], [ 0.5327709, 11.5385685 ], [ 0.5317608, 11.5460844 ], [ 0.5291605, 11.5604849 ], [ 0.52663, 11.5721588 ], [ 0.5236939, 11.5839109 ], [ 0.518992, 11.6063852 ], [ 0.5171055, 11.6142082 ], [ 0.5163082, 11.6238823 ], [ 0.5177745, 11.6418152 ], [ 0.5161599, 11.6468964 ], [ 0.5154229, 11.6515713 ], [ 0.5171351, 11.6621151 ], [ 0.5168824, 11.6663237 ], [ 0.5153906, 11.6741238 ], [ 0.5123627, 11.6866188 ], [ 0.5085717, 11.6945114 ], [ 0.503669, 11.6916046 ], [ 0.5029914, 11.6898403 ], [ 0.4971057, 11.6845951 ], [ 0.491425, 11.6836824 ], [ 0.4888747, 11.6816797 ], [ 0.4869275, 11.682292 ], [ 0.4774379, 11.6792889 ], [ 0.4607147, 11.6783438 ], [ 0.4600046, 11.6777468 ], [ 0.4482474, 11.6775265 ], [ 0.4439035, 11.6755753 ], [ 0.442454, 11.6768274 ], [ 0.4388185, 11.6755819 ], [ 0.4339565, 11.6761723 ], [ 0.4260761, 11.6791458 ], [ 0.4207096, 11.6826 ], [ 0.4155549, 11.6844902 ], [ 0.4057803, 11.6889191 ], [ 0.3927376, 11.6943245 ], [ 0.382115, 11.7003107 ], [ 0.3703676, 11.705739 ], [ 0.3627433, 11.7109165 ], [ 0.3549516, 11.7147141 ], [ 0.3470416, 11.7198963 ], [ 0.3272078, 11.7304039 ], [ 0.3161279, 11.7351875 ], [ 0.3094394, 11.7396402 ], [ 0.3011416, 11.7469282 ], [ 0.2915072, 11.755868 ], [ 0.2795543, 11.7640448 ], [ 0.2741975, 11.7663927 ], [ 0.2693199, 11.7672701 ], [ 0.263704, 11.7675943 ], [ 0.2484652, 11.7671804 ], [ 0.2374348, 11.7664442 ], [ 0.2167649, 11.765521 ], [ 0.2065703, 11.7656183 ], [ 0.1961774, 11.7660742 ], [ 0.1936348, 11.7677107 ], [ 0.1869831, 11.7740192 ], [ 0.18335, 11.7781448 ], [ 0.1803067, 11.7828646 ], [ 0.1819536, 11.7842894 ], [ 0.1800029, 11.7877903 ], [ 0.176044, 11.7900896 ], [ 0.1736019, 11.7889919 ], [ 0.1716052, 11.7917948 ], [ 0.1681472, 11.7923412 ], [ 0.1661599, 11.791647 ], [ 0.1625984, 11.7881708 ], [ 0.1583335, 11.790638 ], [ 0.1571776, 11.7924461 ], [ 0.1533349, 11.7942753 ], [ 0.1466017, 11.7940769 ], [ 0.1429944, 11.7920399 ], [ 0.1389741, 11.7926617 ], [ 0.1355027, 11.7907801 ], [ 0.1218127, 11.7850971 ], [ 0.1101691, 11.7867136 ], [ 0.1085277, 11.7883425 ], [ 0.0946108, 11.7899933 ], [ 0.0885121, 11.7918758 ], [ 0.0809096, 11.7933693 ], [ 0.0758462, 11.7948837 ], [ 0.0700686, 11.800911 ], [ 0.0647936, 11.8044529 ], [ 0.0622672, 11.8052416 ], [ 0.0549342, 11.7992926 ], [ 0.0488371, 11.7914963 ], [ 0.0469104, 11.7877026 ], [ 0.046202, 11.784296 ], [ 0.0472162, 11.7773943 ], [ 0.0495669, 11.766921 ], [ 0.0475671, 11.7617483 ], [ 0.0427513, 11.7572851 ], [ 0.0363304, 11.7538157 ], [ 0.0202891, 11.7493391 ], [ 0.0170251, 11.7478294 ], [ 0.0159542, 11.7608023 ], [ 0.015035, 11.7674246 ], [ 0.0122517, 11.7824955 ], [ 0.010687, 11.7891998 ], [ 0.0101655, 11.7943497 ], [ 0.0070111, 11.8089647 ], [ 0.0052221, 11.8186102 ], [ 0.0031739, 11.8263245 ], [ 0.0025302, 11.833684 ], [ 0.0007671, 11.8470106 ], [ 0.0007644, 11.8530502 ], [ -0.004169, 11.8556709 ], [ -0.0100713, 11.8650932 ], [ -0.0214646, 11.8765898 ], [ -0.0283431, 11.880415 ], [ -0.0366468, 11.8823204 ], [ -0.0402816, 11.8826294 ], [ -0.0448635, 11.8819361 ], [ -0.0606027, 11.8761873 ], [ -0.0771708, 11.8710966 ], [ -0.0834144, 11.8723459 ], [ -0.0866619, 11.8746681 ], [ -0.0948626, 11.8777637 ], [ -0.1052083, 11.8804302 ], [ -0.1077129, 11.8826532 ], [ -0.1089753, 11.8888159 ], [ -0.1091103, 11.8947048 ], [ -0.1102969, 11.8982983 ], [ -0.1108231, 11.9027071 ], [ -0.1094618, 11.910326 ], [ -0.1110999, 11.9156609 ], [ -0.1162772, 11.9226952 ], [ -0.1193363, 11.9255667 ], [ -0.1238129, 11.9272585 ], [ -0.1261513, 11.9268122 ], [ -0.1311891, 11.9275055 ], [ -0.1394855, 11.9294987 ], [ -0.1422658, 11.9327374 ], [ -0.1439, 11.9385424 ], [ -0.1456494, 11.9419518 ], [ -0.1440582, 11.9430475 ] ] ] ] } },
{ "type": "Feature", "properties": { "region": "Centre-nord", "id_adm": 5.0 }, "geometry": { "type": "MultiPolygon", "coordinates": [ [ [ [ -1.5522547, 12.9903564 ], [ -1.5518224, 12.9827147 ], [ -1.5506145, 12.9787531 ], [ -1.545297, 12.9712744 ], [ -1.5418398, 12.9684134 ], [ -1.5385754, 12.9639778 ], [ -1.5363383, 12.9590864 ], [ -1.5346951, 12.948226 ], [ -1.5360678, 12.9361782 ], [ -1.5385464, 12.9262629 ], [ -1.52974, 12.9225388 ], [ -1.5196164, 12.9200916 ], [ -1.5097752, 12.9183874 ], [ -1.5014321, 12.9162312 ], [ -1.4982449, 12.9149275 ], [ -1.4949722, 12.9123287 ], [ -1.4887366, 12.9009886 ], [ -1.4863261, 12.8942585 ], [ -1.4855018, 12.8895569 ], [ -1.4831806, 12.8851357 ], [ -1.4794271, 12.8845615 ], [ -1.4625411, 12.883647 ], [ -1.4382232, 12.8864613 ], [ -1.4355968, 12.8857126 ], [ -1.4308356, 12.8804436 ], [ -1.4270229, 12.8738861 ], [ -1.4236475, 12.8734131 ], [ -1.4206436, 12.8742189 ], [ -1.4144267, 12.8785162 ], [ -1.4085845, 12.8834486 ], [ -1.4049239, 12.8844404 ], [ -1.404189, 12.887105 ], [ -1.3990307, 12.8885393 ], [ -1.3927301, 12.8879309 ], [ -1.3884847, 12.8862572 ], [ -1.3861438, 12.880785 ], [ -1.3834338, 12.8801527 ], [ -1.3800271, 12.8819599 ], [ -1.3747904, 12.8793478 ], [ -1.3693624, 12.8779469 ], [ -1.3638296, 12.8723011 ], [ -1.3619391, 12.8688507 ], [ -1.3617212, 12.8618259 ], [ -1.3609815, 12.8572693 ], [ -1.3629144, 12.8533449 ], [ -1.3676615, 12.8511028 ], [ -1.3710858, 12.847785 ], [ -1.3735831, 12.8435564 ], [ -1.3734643, 12.8368855 ], [ -1.369971, 12.8377962 ], [ -1.3669776, 12.8351974 ], [ -1.3585424, 12.8337688 ], [ -1.3545948, 12.8350382 ], [ -1.3426543, 12.8397503 ], [ -1.3379651, 12.8400011 ], [ -1.3341211, 12.8393335 ], [ -1.3264449, 12.8359814 ], [ -1.3183022, 12.831974 ], [ -1.3114785, 12.8280745 ], [ -1.2986579, 12.8225708 ], [ -1.2935944, 12.8207006 ], [ -1.2893777, 12.8206816 ], [ -1.2778344, 12.8222618 ], [ -1.263743, 12.8255892 ], [ -1.2550083, 12.8265448 ], [ -1.2479776, 12.8265066 ], [ -1.2392527, 12.8258963 ], [ -1.2314811, 12.8233633 ], [ -1.224461, 12.8201942 ], [ -1.2181988, 12.8168478 ], [ -1.2058649, 12.8078499 ], [ -1.1963208, 12.8042011 ], [ -1.1884651, 12.8005629 ], [ -1.1798617, 12.7956343 ], [ -1.1731368, 12.7912712 ], [ -1.1656493, 12.7879162 ], [ -1.1582597, 12.7851038 ], [ -1.1539332, 12.7822952 ], [ -1.1556152, 12.7789955 ], [ -1.1545633, 12.773386 ], [ -1.1551825, 12.7689838 ], [ -1.1579421, 12.7616825 ], [ -1.1558663, 12.754673 ], [ -1.1517684, 12.7465715 ], [ -1.1508597, 12.7430725 ], [ -1.1515443, 12.7385168 ], [ -1.1510558, 12.7328119 ], [ -1.1529486, 12.7282467 ], [ -1.1511919, 12.7246599 ], [ -1.1513906, 12.7210779 ], [ -1.1499622, 12.7194929 ], [ -1.1521001, 12.7155085 ], [ -1.1582159, 12.7138863 ], [ -1.1633188, 12.7106009 ], [ -1.1582109, 12.703289 ], [ -1.1545839, 12.7008572 ], [ -1.155157, 12.6907072 ], [ -1.154215, 12.6880856 ], [ -1.1503141, 12.6866922 ], [ -1.1443818, 12.6871481 ], [ -1.1356363, 12.6890774 ], [ -1.1271819, 12.6874428 ], [ -1.1231457, 12.6828346 ], [ -1.1262507, 12.673419 ], [ -1.1314486, 12.6682167 ], [ -1.1412243, 12.6622944 ], [ -1.1484452, 12.6592684 ], [ -1.1513548, 12.6556244 ], [ -1.1531612, 12.6500626 ], [ -1.1519271, 12.6455565 ], [ -1.1475234, 12.6450281 ], [ -1.1460916, 12.644022 ], [ -1.1464559, 12.6404505 ], [ -1.1443673, 12.6355219 ], [ -1.1420799, 12.6356783 ], [ -1.1360116, 12.6303053 ], [ -1.1340642, 12.6306267 ], [ -1.1291337, 12.6331701 ], [ -1.1275011, 12.6374846 ], [ -1.1235725, 12.6418638 ], [ -1.1210053, 12.646678 ], [ -1.1199485, 12.6517372 ], [ -1.1212841, 12.6547422 ], [ -1.1209033, 12.6621513 ], [ -1.1161863, 12.6671486 ], [ -1.1130661, 12.6732435 ], [ -1.1130905, 12.6848354 ], [ -1.1126996, 12.6881447 ], [ -1.1109951, 12.690712 ], [ -1.1078969, 12.6920643 ], [ -1.1042324, 12.6925993 ], [ -1.0959852, 12.6917162 ], [ -1.0898116, 12.6896544 ], [ -1.0738956, 12.6855927 ], [ -1.0520819, 12.6811161 ], [ -1.0463836, 12.6784143 ], [ -1.0409514, 12.6772785 ], [ -1.0308303, 12.6768417 ], [ -1.0255911, 12.6757889 ], [ -1.0183873, 12.6735363 ], [ -1.0086313, 12.6736526 ], [ -1.0015663, 12.6752825 ], [ -1.0015672, 12.6764517 ], [ -0.9972445, 12.6793947 ], [ -0.9948984, 12.6758461 ], [ -0.9940292, 12.672061 ], [ -0.9916189, 12.6669264 ], [ -0.9832199, 12.6588001 ], [ -0.9813113, 12.6561594 ], [ -0.978367, 12.65411 ], [ -0.9724434, 12.6558199 ], [ -0.9647239, 12.6564512 ], [ -0.9639775, 12.6485615 ], [ -0.9650382, 12.6447372 ], [ -0.967416, 12.6417818 ], [ -0.9740539, 12.6371565 ], [ -0.9734972, 12.6340475 ], [ -0.9655547, 12.6316366 ], [ -0.9599779, 12.6325321 ], [ -0.9571611, 12.6321287 ], [ -0.9530193, 12.6297951 ], [ -0.9495758, 12.6188002 ], [ -0.9491826, 12.6158085 ], [ -0.9468614, 12.6112051 ], [ -0.9444066, 12.6093788 ], [ -0.9407655, 12.6043253 ], [ -0.935909, 12.6000595 ], [ -0.930728, 12.5963945 ], [ -0.9275092, 12.5913858 ], [ -0.9245384, 12.588726 ], [ -0.9199817, 12.5819902 ], [ -0.9190875, 12.5747938 ], [ -0.9192148, 12.5694475 ], [ -0.9143209, 12.5642042 ], [ -0.9110914, 12.5630274 ], [ -0.8983387, 12.5618286 ], [ -0.8961408, 12.5606604 ], [ -0.886856, 12.5526171 ], [ -0.8823685, 12.5500946 ], [ -0.8745728, 12.5440454 ], [ -0.8718283, 12.5429134 ], [ -0.8682455, 12.5432148 ], [ -0.8621718, 12.5467186 ], [ -0.8560033, 12.5494261 ], [ -0.8517264, 12.5517101 ], [ -0.8460702, 12.5558624 ], [ -0.8438505, 12.558197 ], [ -0.8402347, 12.5660515 ], [ -0.836078, 12.5703983 ], [ -0.8304729, 12.5738134 ], [ -0.8251593, 12.5757084 ], [ -0.8168929, 12.5772591 ], [ -0.8044489, 12.5790071 ], [ -0.7944756, 12.5832167 ], [ -0.7850515, 12.5894127 ], [ -0.782406, 12.5921106 ], [ -0.7837365, 12.5965919 ], [ -0.783571, 12.5996113 ], [ -0.7790088, 12.6047297 ], [ -0.7747484, 12.6061239 ], [ -0.7681811, 12.6058216 ], [ -0.7626885, 12.6065655 ], [ -0.756014, 12.6107388 ], [ -0.7471427, 12.6183167 ], [ -0.7438745, 12.6203499 ], [ -0.7472561, 12.6226311 ], [ -0.7457228, 12.6249056 ], [ -0.7461552, 12.6279402 ], [ -0.7513301, 12.6358376 ], [ -0.7572162, 12.6464844 ], [ -0.7609771, 12.6523218 ], [ -0.7634946, 12.6547384 ], [ -0.7698966, 12.6586599 ], [ -0.775622, 12.6655264 ], [ -0.7797508, 12.6725645 ], [ -0.7811078, 12.6800413 ], [ -0.7783013, 12.6855965 ], [ -0.7753276, 12.6881084 ], [ -0.7708552, 12.6901016 ], [ -0.7616421, 12.6922407 ], [ -0.7584187, 12.6968241 ], [ -0.7535643, 12.6997814 ], [ -0.7420883, 12.7032852 ], [ -0.7346634, 12.7045622 ], [ -0.7273148, 12.7036877 ], [ -0.7233212, 12.702734 ], [ -0.7172206, 12.7027998 ], [ -0.7114378, 12.7054377 ], [ -0.7075406, 12.7057285 ], [ -0.6906418, 12.7032366 ], [ -0.68427, 12.702816 ], [ -0.6775233, 12.7011938 ], [ -0.6780495, 12.6962891 ], [ -0.676628, 12.6936665 ], [ -0.6756555, 12.6893711 ], [ -0.6702886, 12.6879673 ], [ -0.6595239, 12.6832991 ], [ -0.6560596, 12.6791735 ], [ -0.6559753, 12.6769991 ], [ -0.6526133, 12.670331 ], [ -0.6506512, 12.6621866 ], [ -0.6504893, 12.6578121 ], [ -0.6477442, 12.6526165 ], [ -0.6455904, 12.6436424 ], [ -0.6461834, 12.6401424 ], [ -0.6489118, 12.632123 ], [ -0.6547825, 12.6241426 ], [ -0.6562648, 12.620409 ], [ -0.6553479, 12.6054001 ], [ -0.6598749, 12.6009684 ], [ -0.6585845, 12.595953 ], [ -0.6553243, 12.5909424 ], [ -0.6574217, 12.5883589 ], [ -0.6564708, 12.585598 ], [ -0.6529772, 12.5807724 ], [ -0.6527327, 12.5787477 ], [ -0.6539839, 12.5732641 ], [ -0.6519891, 12.5704145 ], [ -0.6496648, 12.5648956 ], [ -0.6485562, 12.558774 ], [ -0.6483008, 12.5544014 ], [ -0.6452704, 12.5534554 ], [ -0.6441944, 12.548748 ], [ -0.6410773, 12.5440588 ], [ -0.638251, 12.544342 ], [ -0.6358595, 12.5411263 ], [ -0.6320628, 12.5414848 ], [ -0.6293437, 12.5412807 ], [ -0.6231422, 12.5385799 ], [ -0.6184407, 12.5357819 ], [ -0.6158134, 12.5352821 ], [ -0.6088867, 12.5377398 ], [ -0.6066312, 12.5365944 ], [ -0.6063351, 12.5335569 ], [ -0.5998629, 12.5351124 ], [ -0.592627, 12.5293541 ], [ -0.5892553, 12.5301447 ], [ -0.5819737, 12.5268002 ], [ -0.5707594, 12.5191612 ], [ -0.5665727, 12.521266 ], [ -0.5638985, 12.5207653 ], [ -0.5605115, 12.5181484 ], [ -0.5587299, 12.5179682 ], [ -0.5521073, 12.5150833 ], [ -0.5469008, 12.5143576 ], [ -0.5469775, 12.510582 ], [ -0.5454559, 12.5098495 ], [ -0.541031, 12.5119305 ], [ -0.5395561, 12.5145473 ], [ -0.5376245, 12.5153914 ], [ -0.5343272, 12.515069 ], [ -0.5344256, 12.5127745 ], [ -0.5289282, 12.5097942 ], [ -0.5232496, 12.5082407 ], [ -0.5137896, 12.509119 ], [ -0.5063513, 12.5025673 ], [ -0.5034398, 12.5012836 ], [ -0.5004282, 12.4985752 ], [ -0.4927359, 12.4972095 ], [ -0.4912617, 12.5003538 ], [ -0.4890035, 12.5012226 ], [ -0.4852963, 12.5001717 ], [ -0.484025, 12.4972334 ], [ -0.4805428, 12.4954853 ], [ -0.4786572, 12.4930029 ], [ -0.473649, 12.4945316 ], [ -0.4657064, 12.4892979 ], [ -0.4627511, 12.4887066 ], [ -0.4592913, 12.4906931 ], [ -0.4546922, 12.4891825 ], [ -0.4503342, 12.4892826 ], [ -0.4437945, 12.4831715 ], [ -0.4393449, 12.4837322 ], [ -0.4356862, 12.4829111 ], [ -0.432648, 12.4839172 ], [ -0.4325414, 12.481719 ], [ -0.4278454, 12.4793339 ], [ -0.4258913, 12.4828377 ], [ -0.4269387, 12.486886 ], [ -0.4231874, 12.486743 ], [ -0.4196704, 12.4906082 ], [ -0.4181844, 12.4892035 ], [ -0.4120407, 12.4880648 ], [ -0.4079715, 12.4901896 ], [ -0.4066215, 12.4924469 ], [ -0.4061253, 12.4972353 ], [ -0.4022525, 12.5015707 ], [ -0.4014218, 12.5047941 ], [ -0.4019973, 12.5081072 ], [ -0.4011601, 12.5096741 ], [ -0.3982575, 12.5106001 ], [ -0.3956787, 12.5137358 ], [ -0.3926999, 12.5154896 ], [ -0.3903084, 12.5153093 ], [ -0.3868491, 12.5175238 ], [ -0.3833354, 12.5179911 ], [ -0.3807295, 12.5221376 ], [ -0.3711243, 12.5235806 ], [ -0.367467, 12.5232639 ], [ -0.3648079, 12.5264912 ], [ -0.3667858, 12.52878 ], [ -0.3629681, 12.5294647 ], [ -0.3574047, 12.527009 ], [ -0.3542698, 12.5284863 ], [ -0.3521226, 12.530838 ], [ -0.3472993, 12.5319958 ], [ -0.3412184, 12.5352278 ], [ -0.3372808, 12.535141 ], [ -0.3346924, 12.5373154 ], [ -0.3337797, 12.544137 ], [ -0.3284115, 12.5450516 ], [ -0.3291534, 12.542841 ], [ -0.3239465, 12.5416508 ], [ -0.3220355, 12.5445528 ], [ -0.317486, 12.5437317 ], [ -0.3149181, 12.5464964 ], [ -0.3136938, 12.5449791 ], [ -0.3109027, 12.5508757 ], [ -0.3088751, 12.5460434 ], [ -0.3055433, 12.546463 ], [ -0.3063086, 12.5507898 ], [ -0.3047297, 12.5547972 ], [ -0.3009675, 12.5566158 ], [ -0.2970629, 12.5559502 ], [ -0.2967107, 12.5537481 ], [ -0.2938135, 12.5535221 ], [ -0.2943144, 12.5511513 ], [ -0.2915951, 12.5503416 ], [ -0.2922333, 12.5467567 ], [ -0.2882939, 12.5460253 ], [ -0.2879285, 12.5487881 ], [ -0.2819504, 12.5500698 ], [ -0.2807928, 12.5455751 ], [ -0.2765748, 12.5456715 ], [ -0.2742186, 12.54319 ], [ -0.2725408, 12.5446177 ], [ -0.2734065, 12.5511532 ], [ -0.2680185, 12.5516672 ], [ -0.2652722, 12.5536699 ], [ -0.2621111, 12.551259 ], [ -0.257356, 12.5588131 ], [ -0.2549716, 12.5607042 ], [ -0.2519153, 12.5577145 ], [ -0.2496167, 12.5571651 ], [ -0.2466227, 12.5588722 ], [ -0.2428258, 12.558876 ], [ -0.2406731, 12.5597525 ], [ -0.2375449, 12.5634851 ], [ -0.2372027, 12.5668592 ], [ -0.2410765, 12.5684528 ], [ -0.2356827, 12.5797911 ], [ -0.2312435, 12.5938454 ], [ -0.2284853, 12.6034479 ], [ -0.2283279, 12.6105871 ], [ -0.2286507, 12.6217403 ], [ -0.2278548, 12.6268463 ], [ -0.2278796, 12.6346321 ], [ -0.2260564, 12.6497269 ], [ -0.2244894, 12.6570826 ], [ -0.2229033, 12.666604 ], [ -0.2208594, 12.6747847 ], [ -0.220096, 12.6814585 ], [ -0.2185042, 12.6863251 ], [ -0.2181402, 12.690238 ], [ -0.2196216, 12.6924639 ], [ -0.2301356, 12.702383 ], [ -0.2446608, 12.7150583 ], [ -0.2494394, 12.7211866 ], [ -0.2548118, 12.7290726 ], [ -0.2578878, 12.7367048 ], [ -0.2588832, 12.7409077 ], [ -0.2587606, 12.7488222 ], [ -0.2530679, 12.7531509 ], [ -0.2463243, 12.7567081 ], [ -0.2437999, 12.7595215 ], [ -0.2390916, 12.7688332 ], [ -0.2368559, 12.7739496 ], [ -0.2297081, 12.7836323 ], [ -0.2271473, 12.7898083 ], [ -0.2222736, 12.7939129 ], [ -0.2198558, 12.8007727 ], [ -0.2168135, 12.8029852 ], [ -0.215933, 12.8065767 ], [ -0.2132513, 12.8107615 ], [ -0.2165381, 12.8121929 ], [ -0.223291, 12.8180456 ], [ -0.2264777, 12.8188076 ], [ -0.230995, 12.8234034 ], [ -0.2324618, 12.8296127 ], [ -0.242907, 12.8372736 ], [ -0.2488825, 12.8409719 ], [ -0.2573415, 12.8451567 ], [ -0.2702542, 12.8501225 ], [ -0.2743671, 12.8521452 ], [ -0.2983914, 12.858923 ], [ -0.3098945, 12.86415 ], [ -0.3188179, 12.8692131 ], [ -0.3245139, 12.8728151 ], [ -0.3321527, 12.8798933 ], [ -0.3390186, 12.889451 ], [ -0.3452776, 12.9002104 ], [ -0.3515297, 12.9087858 ], [ -0.3546278, 12.9143448 ], [ -0.3556319, 12.9176722 ], [ -0.3583274, 12.9227962 ], [ -0.3580851, 12.9296455 ], [ -0.3545786, 12.9460402 ], [ -0.3539354, 12.9616556 ], [ -0.35493, 12.9710999 ], [ -0.356106, 12.9746618 ], [ -0.3613079, 12.9781332 ], [ -0.3738762, 12.9804659 ], [ -0.3775745, 12.9819756 ], [ -0.3849921, 12.9879446 ], [ -0.3876374, 12.9917021 ], [ -0.3906197, 13.0000238 ], [ -0.3891841, 13.0009689 ], [ -0.391174, 13.0212317 ], [ -0.3910026, 13.0255537 ], [ -0.386922, 13.041729 ], [ -0.3838658, 13.0559711 ], [ -0.3771636, 13.0748148 ], [ -0.3735568, 13.0951195 ], [ -0.3694884, 13.1153383 ], [ -0.3671606, 13.1219616 ], [ -0.3621128, 13.1300497 ], [ -0.3571503, 13.1351089 ], [ -0.3502096, 13.1385193 ], [ -0.3450527, 13.139904 ], [ -0.3339009, 13.1506681 ], [ -0.3303492, 13.1567364 ], [ -0.3295261, 13.1632576 ], [ -0.32822, 13.1682186 ], [ -0.3259785, 13.1716223 ], [ -0.3081786, 13.1901932 ], [ -0.3055676, 13.1962614 ], [ -0.3119571, 13.1991053 ], [ -0.3151606, 13.2019424 ], [ -0.3177977, 13.205986 ], [ -0.3194116, 13.2098379 ], [ -0.3195242, 13.2169123 ], [ -0.3186965, 13.2238035 ], [ -0.3196442, 13.2295933 ], [ -0.3190171, 13.2403402 ], [ -0.3223203, 13.2461271 ], [ -0.3284348, 13.251627 ], [ -0.3312648, 13.2549305 ], [ -0.3351382, 13.2628307 ], [ -0.3395711, 13.2684221 ], [ -0.3439993, 13.2754049 ], [ -0.3437211, 13.2773285 ], [ -0.3350113, 13.287077 ], [ -0.3259954, 13.2896595 ], [ -0.321963, 13.2918692 ], [ -0.3197218, 13.2950916 ], [ -0.3145588, 13.2994146 ], [ -0.3102433, 13.3021727 ], [ -0.3070623, 13.3051138 ], [ -0.3050055, 13.3119116 ], [ -0.305298, 13.3166895 ], [ -0.3036395, 13.3287277 ], [ -0.3022045, 13.3307657 ], [ -0.3025379, 13.336051 ], [ -0.2971301, 13.3415728 ], [ -0.296031, 13.3441839 ], [ -0.2909307, 13.3485518 ], [ -0.287369, 13.353343 ], [ -0.2869693, 13.3562241 ], [ -0.2824202, 13.3608589 ], [ -0.2781607, 13.3634272 ], [ -0.2741279, 13.3681583 ], [ -0.2735785, 13.3729372 ], [ -0.2768747, 13.3758755 ], [ -0.2782894, 13.3784504 ], [ -0.2790681, 13.3852596 ], [ -0.2823537, 13.3901062 ], [ -0.2864021, 13.3918505 ], [ -0.3039886, 13.3965168 ], [ -0.3115147, 13.3980713 ], [ -0.3176281, 13.4012842 ], [ -0.3201737, 13.4044943 ], [ -0.3213299, 13.4142294 ], [ -0.3187064, 13.4202976 ], [ -0.3106395, 13.4271021 ], [ -0.3071666, 13.4294891 ], [ -0.3055799, 13.4327097 ], [ -0.3053191, 13.4426279 ], [ -0.3029785, 13.4489698 ], [ -0.3004518, 13.4536543 ], [ -0.2967061, 13.4590769 ], [ -0.2908896, 13.4653358 ], [ -0.2828717, 13.4707747 ], [ -0.2782279, 13.4718809 ], [ -0.2724061, 13.4716101 ], [ -0.2692927, 13.4705181 ], [ -0.2626064, 13.4698114 ], [ -0.2609272, 13.4703541 ], [ -0.257808, 13.4689455 ], [ -0.2439829, 13.4683952 ], [ -0.2402203, 13.4692307 ], [ -0.2376784, 13.4709034 ], [ -0.2324133, 13.4833155 ], [ -0.2318985, 13.4881754 ], [ -0.2289172, 13.4902678 ], [ -0.2261566, 13.4950304 ], [ -0.2299802, 13.5005531 ], [ -0.2311879, 13.5034513 ], [ -0.2350053, 13.5095797 ], [ -0.2385571, 13.5120516 ], [ -0.2467166, 13.5194407 ], [ -0.249246, 13.5267305 ], [ -0.2547711, 13.5357981 ], [ -0.2579169, 13.5391073 ], [ -0.258828, 13.5412426 ], [ -0.258166, 13.545187 ], [ -0.2591842, 13.550272 ], [ -0.2585435, 13.5530949 ], [ -0.2597478, 13.5572147 ], [ -0.2583731, 13.5603371 ], [ -0.2558308, 13.5628147 ], [ -0.2508501, 13.5641069 ], [ -0.2476602, 13.5665855 ], [ -0.2444697, 13.5708189 ], [ -0.2415638, 13.577795 ], [ -0.234441, 13.5889206 ], [ -0.2334312, 13.5958643 ], [ -0.232581, 13.5974827 ], [ -0.2286121, 13.6009283 ], [ -0.2266804, 13.6050129 ], [ -0.2281042, 13.6067743 ], [ -0.227047, 13.6095562 ], [ -0.2280958, 13.611784 ], [ -0.2281262, 13.6157722 ], [ -0.2309494, 13.6181555 ], [ -0.2341465, 13.6244402 ], [ -0.2275343, 13.6309767 ], [ -0.2272492, 13.6350517 ], [ -0.2212861, 13.6430969 ], [ -0.2213854, 13.6483707 ], [ -0.2230929, 13.6512833 ], [ -0.2248694, 13.6521177 ], [ -0.228821, 13.6511936 ], [ -0.2338907, 13.6487093 ], [ -0.2469704, 13.6455822 ], [ -0.2631432, 13.6404533 ], [ -0.2690744, 13.6369648 ], [ -0.2723325, 13.6333923 ], [ -0.277442, 13.6262674 ], [ -0.281172, 13.6252594 ], [ -0.2863503, 13.6281023 ], [ -0.2902186, 13.6340675 ], [ -0.2922948, 13.6354475 ], [ -0.3008061, 13.6372499 ], [ -0.3054437, 13.6422653 ], [ -0.3190533, 13.6414728 ], [ -0.3225005, 13.6427221 ], [ -0.3262323, 13.6477098 ], [ -0.3335382, 13.6498327 ], [ -0.3363588, 13.6490936 ], [ -0.3458568, 13.644249 ], [ -0.3489889, 13.6411448 ], [ -0.3547234, 13.6395779 ], [ -0.3619594, 13.6422148 ], [ -0.3666568, 13.641614 ], [ -0.3668443, 13.6351309 ], [ -0.377704, 13.6389999 ], [ -0.3815636, 13.6406775 ], [ -0.3867482, 13.6457882 ], [ -0.3912938, 13.6527739 ], [ -0.3936285, 13.6542997 ], [ -0.3957573, 13.6578588 ], [ -0.3981223, 13.6645584 ], [ -0.4037086, 13.6784277 ], [ -0.4065675, 13.6893473 ], [ -0.4127067, 13.699913 ], [ -0.4170569, 13.7062445 ], [ -0.4306318, 13.7147713 ], [ -0.4333686, 13.7187157 ], [ -0.4388406, 13.7249594 ], [ -0.4662039, 13.7461367 ], [ -0.47007, 13.7483387 ], [ -0.4713894, 13.7506313 ], [ -0.4699908, 13.7562428 ], [ -0.4697281, 13.7602835 ], [ -0.4741773, 13.7690039 ], [ -0.4770249, 13.7777252 ], [ -0.4779972, 13.7832613 ], [ -0.4768353, 13.7892551 ], [ -0.4702904, 13.8001595 ], [ -0.4701434, 13.8028078 ], [ -0.4675475, 13.806797 ], [ -0.464961, 13.8089228 ], [ -0.4627462, 13.8127527 ], [ -0.466112, 13.8132401 ], [ -0.4690677, 13.8149071 ], [ -0.4755077, 13.8145037 ], [ -0.4784753, 13.8159275 ], [ -0.481372, 13.8188791 ], [ -0.4838337, 13.8227301 ], [ -0.4846924, 13.8276052 ], [ -0.485093, 13.8347635 ], [ -0.4862494, 13.8450508 ], [ -0.4875862, 13.852129 ], [ -0.4896788, 13.8577309 ], [ -0.4929896, 13.8637886 ], [ -0.4985691, 13.8717699 ], [ -0.5029092, 13.8759031 ], [ -0.5078208, 13.8784676 ], [ -0.5189468, 13.8830404 ], [ -0.5267789, 13.8872538 ], [ -0.5407369, 13.8921986 ], [ -0.5498822, 13.8948421 ], [ -0.5526204, 13.8971395 ], [ -0.5534756, 13.900631 ], [ -0.5532136, 13.9075212 ], [ -0.5543561, 13.911006 ], [ -0.5583208, 13.9148626 ], [ -0.5625839, 13.9213734 ], [ -0.5720239, 13.9281616 ], [ -0.5772164, 13.9306288 ], [ -0.5816445, 13.9307184 ], [ -0.5849353, 13.9296112 ], [ -0.5903004, 13.9257383 ], [ -0.5924628, 13.9253712 ], [ -0.5981219, 13.926549 ], [ -0.6079247, 13.9275417 ], [ -0.6109374, 13.9283676 ], [ -0.6127334, 13.9304743 ], [ -0.6144142, 13.9349413 ], [ -0.6260306, 13.9420929 ], [ -0.6281254, 13.94594 ], [ -0.6279728, 13.9493122 ], [ -0.6261513, 13.9527864 ], [ -0.6218212, 13.9569407 ], [ -0.6214458, 13.9593802 ], [ -0.6231175, 13.9658003 ], [ -0.6282587, 13.9699211 ], [ -0.6320018, 13.9710073 ], [ -0.6351286, 13.9745302 ], [ -0.6303333, 13.9778566 ], [ -0.6277218, 13.9766731 ], [ -0.6213474, 13.9823093 ], [ -0.6206659, 13.9905701 ], [ -0.6220888, 13.9939404 ], [ -0.6196557, 13.9992809 ], [ -0.6435936, 13.9996061 ], [ -0.6567883, 14.0000334 ], [ -0.667061, 13.9997435 ], [ -0.6741366, 14.0003643 ], [ -0.6807271, 13.999342 ], [ -0.6869469, 13.9973116 ], [ -0.6899487, 13.9944553 ], [ -0.6940665, 13.9871855 ], [ -0.6987727, 13.984417 ], [ -0.7013097, 13.9816637 ], [ -0.7021266, 13.9744892 ], [ -0.7018076, 13.96383 ], [ -0.7000874, 13.9553823 ], [ -0.700438, 13.95051 ], [ -0.704572, 13.9463701 ], [ -0.7133226, 13.942029 ], [ -0.718502, 13.9411011 ], [ -0.7288747, 13.9438305 ], [ -0.7356582, 13.9438219 ], [ -0.7400854, 13.9430761 ], [ -0.7484739, 13.9428654 ], [ -0.7521417, 13.9410267 ], [ -0.7559952, 13.9370642 ], [ -0.7588927, 13.9311743 ], [ -0.761505, 13.9239979 ], [ -0.7619544, 13.9193153 ], [ -0.7650625, 13.9178333 ], [ -0.7678847, 13.9182844 ], [ -0.7702448, 13.9227753 ], [ -0.7732705, 13.9253635 ], [ -0.7781367, 13.9273262 ], [ -0.7901869, 13.9269114 ], [ -0.7974147, 13.9184732 ], [ -0.8019654, 13.910943 ], [ -0.8075919, 13.9085875 ], [ -0.8171832, 13.9074163 ], [ -0.8223617, 13.9086294 ], [ -0.8255971, 13.9073744 ], [ -0.8280024, 13.9046001 ], [ -0.8307585, 13.9041271 ], [ -0.833095, 13.9017963 ], [ -0.8382234, 13.8947945 ], [ -0.843968, 13.8926382 ], [ -0.8480455, 13.8892994 ], [ -0.8485392, 13.8879013 ], [ -0.8463021, 13.884037 ], [ -0.8486676, 13.879344 ], [ -0.850647, 13.8775616 ], [ -0.8559157, 13.8757448 ], [ -0.8579011, 13.8743238 ], [ -0.8569195, 13.8698912 ], [ -0.8614361, 13.8704376 ], [ -0.8661732, 13.8679094 ], [ -0.87099, 13.8691187 ], [ -0.8753811, 13.8713741 ], [ -0.8795652, 13.8707047 ], [ -0.885385, 13.8660955 ], [ -0.8893846, 13.8653164 ], [ -0.8919295, 13.8634386 ], [ -0.8987055, 13.860774 ], [ -0.9043569, 13.8596554 ], [ -0.9101834, 13.8575163 ], [ -0.9134855, 13.8570471 ], [ -0.9212111, 13.8583164 ], [ -0.931024, 13.8603907 ], [ -0.9388577, 13.8632164 ], [ -0.9455637, 13.8668747 ], [ -0.9587738, 13.8705959 ], [ -0.9641408, 13.870306 ], [ -0.9714794, 13.8690825 ], [ -0.9787387, 13.8685093 ], [ -0.983434, 13.8664675 ], [ -0.9850224, 13.8636131 ], [ -0.9865936, 13.8558903 ], [ -0.9894955, 13.8521137 ], [ -0.990402, 13.8464127 ], [ -0.9901916, 13.841362 ], [ -0.991299, 13.8360243 ], [ -0.9964484, 13.8303118 ], [ -1.0011532, 13.8292828 ], [ -1.0052853, 13.83043 ], [ -1.0104283, 13.8302364 ], [ -1.0234126, 13.8271484 ], [ -1.0263444, 13.8277693 ], [ -1.0331213, 13.8307371 ], [ -1.0362999, 13.8306189 ], [ -1.04758, 13.8250179 ], [ -1.0654305, 13.812891 ], [ -1.0688319, 13.8089733 ], [ -1.0781611, 13.7902718 ], [ -1.0816655, 13.7823915 ], [ -1.0850496, 13.7782011 ], [ -1.0904746, 13.7735662 ], [ -1.0967289, 13.7707376 ], [ -1.1033381, 13.7700195 ], [ -1.1091932, 13.7710781 ], [ -1.114193, 13.7764101 ], [ -1.1179711, 13.7816153 ], [ -1.1214691, 13.7846098 ], [ -1.1242149, 13.7853365 ], [ -1.1325625, 13.781229 ], [ -1.1364256, 13.7772951 ], [ -1.1405977, 13.7741785 ], [ -1.1435512, 13.7730522 ], [ -1.1568013, 13.7697678 ], [ -1.1684453, 13.7682905 ], [ -1.1799511, 13.7680235 ], [ -1.1913108, 13.7687683 ], [ -1.2039888, 13.7717752 ], [ -1.2100894, 13.7722721 ], [ -1.2150304, 13.7717028 ], [ -1.2192667, 13.7698784 ], [ -1.2234377, 13.7667599 ], [ -1.2300211, 13.7629976 ], [ -1.2333082, 13.7631483 ], [ -1.2428769, 13.7658052 ], [ -1.2465421, 13.7662115 ], [ -1.2533544, 13.7655725 ], [ -1.2877455, 13.7572918 ], [ -1.3053896, 13.7517042 ], [ -1.3112329, 13.7504511 ], [ -1.3153545, 13.7504702 ], [ -1.3207463, 13.751729 ], [ -1.351207, 13.7611122 ], [ -1.3609802, 13.7639475 ], [ -1.3765037, 13.7656345 ], [ -1.38906, 13.76789 ], [ -1.4002439, 13.7689133 ], [ -1.4218439, 13.7723761 ], [ -1.4400703, 13.7715521 ], [ -1.4602585, 13.772666 ], [ -1.4673296, 13.7737608 ], [ -1.4767581, 13.7773399 ], [ -1.483327, 13.7820597 ], [ -1.4939297, 13.7910309 ], [ -1.5007242, 13.7985935 ], [ -1.5061361, 13.8065815 ], [ -1.5235767, 13.8391504 ], [ -1.5308771, 13.8561001 ], [ -1.5381476, 13.8702803 ], [ -1.5431058, 13.8786545 ], [ -1.5498126, 13.8927679 ], [ -1.5516654, 13.8932447 ], [ -1.5672081, 13.8897495 ], [ -1.582207, 13.8876562 ], [ -1.5995926, 13.884635 ], [ -1.6264517, 13.8795671 ], [ -1.6331315, 13.8801212 ], [ -1.6554044, 13.8837214 ], [ -1.667094, 13.8852701 ], [ -1.6719437, 13.8867273 ], [ -1.6756874, 13.8887835 ], [ -1.6798534, 13.8898115 ], [ -1.6852208, 13.884057 ], [ -1.6899742, 13.8749151 ], [ -1.6976132, 13.8612261 ], [ -1.7092751, 13.8433142 ], [ -1.7228938, 13.820796 ], [ -1.7317846, 13.8080721 ], [ -1.7407006, 13.7936821 ], [ -1.7453022, 13.7884111 ], [ -1.7486204, 13.7861567 ], [ -1.751989, 13.7849884 ], [ -1.7550561, 13.7768221 ], [ -1.7564141, 13.7716246 ], [ -1.7614059, 13.7640018 ], [ -1.7611748, 13.7597113 ], [ -1.7577305, 13.7531672 ], [ -1.755386, 13.7512913 ], [ -1.7469054, 13.7481432 ], [ -1.7439216, 13.7463264 ], [ -1.7397902, 13.7422962 ], [ -1.7384582, 13.7358809 ], [ -1.738638, 13.7310581 ], [ -1.7361332, 13.7238951 ], [ -1.7324698, 13.7209072 ], [ -1.7375406, 13.7160187 ], [ -1.7392337, 13.7064066 ], [ -1.7402204, 13.7033253 ], [ -1.7427833, 13.6998901 ], [ -1.7468041, 13.6976023 ], [ -1.7568592, 13.6942329 ], [ -1.7751396, 13.6947594 ], [ -1.7811073, 13.694047 ], [ -1.7869643, 13.6911259 ], [ -1.8016119, 13.6772318 ], [ -1.808808, 13.6707506 ], [ -1.8135688, 13.6684294 ], [ -1.8163583, 13.6679449 ], [ -1.8236313, 13.6693916 ], [ -1.8262109, 13.6703911 ], [ -1.8293879, 13.6702518 ], [ -1.8350165, 13.668541 ], [ -1.8427268, 13.6650753 ], [ -1.8514563, 13.6591787 ], [ -1.8650208, 13.6506701 ], [ -1.8752558, 13.6431417 ], [ -1.890807, 13.632885 ], [ -1.9044014, 13.6230888 ], [ -1.9080482, 13.6186876 ], [ -1.9088966, 13.6147814 ], [ -1.9082711, 13.6113033 ], [ -1.9037246, 13.6019058 ], [ -1.9033442, 13.5997047 ], [ -1.9040823, 13.5932179 ], [ -1.9020462, 13.5835238 ], [ -1.9026875, 13.5780773 ], [ -1.9010984, 13.5745955 ], [ -1.891179, 13.5642862 ], [ -1.8865507, 13.5618935 ], [ -1.8833473, 13.557353 ], [ -1.881084, 13.5515232 ], [ -1.8769088, 13.546978 ], [ -1.8685147, 13.5420437 ], [ -1.8664423, 13.539463 ], [ -1.8649036, 13.5354376 ], [ -1.8644824, 13.5319777 ], [ -1.8693118, 13.5278816 ], [ -1.8732218, 13.5268583 ], [ -1.8769616, 13.5243778 ], [ -1.880854, 13.5184116 ], [ -1.879748, 13.514904 ], [ -1.8765165, 13.5082817 ], [ -1.8745837, 13.505558 ], [ -1.8669579, 13.503233 ], [ -1.8617609, 13.4999237 ], [ -1.8594245, 13.4918118 ], [ -1.8551319, 13.475481 ], [ -1.8535547, 13.4673367 ], [ -1.8541253, 13.4635382 ], [ -1.8569095, 13.456871 ], [ -1.8613194, 13.4508715 ], [ -1.8629762, 13.4461002 ], [ -1.8633947, 13.4409161 ], [ -1.8619444, 13.4357224 ], [ -1.8593571, 13.4302979 ], [ -1.8541758, 13.421196 ], [ -1.8521957, 13.4166698 ], [ -1.8520334, 13.4110479 ], [ -1.8536978, 13.4043398 ], [ -1.8545457, 13.3982162 ], [ -1.8534666, 13.3951244 ], [ -1.8537511, 13.3910885 ], [ -1.8486183, 13.3839417 ], [ -1.8467293, 13.3821411 ], [ -1.8425106, 13.3754778 ], [ -1.8425232, 13.3723907 ], [ -1.8440789, 13.3650751 ], [ -1.8437818, 13.3630648 ], [ -1.8407892, 13.3597832 ], [ -1.8411163, 13.3566713 ], [ -1.8478209, 13.3523121 ], [ -1.847011, 13.3467331 ], [ -1.8453611, 13.3407335 ], [ -1.8383931, 13.3371801 ], [ -1.8321351, 13.3364449 ], [ -1.827729, 13.3351574 ], [ -1.82038, 13.3321447 ], [ -1.8184906, 13.3305969 ], [ -1.8169867, 13.3275394 ], [ -1.8142964, 13.3251104 ], [ -1.8129381, 13.3226051 ], [ -1.8104011, 13.3211546 ], [ -1.8071647, 13.3166857 ], [ -1.8055289, 13.3098173 ], [ -1.805504, 13.3047209 ], [ -1.8072271, 13.301733 ], [ -1.8062308, 13.2967777 ], [ -1.801433, 13.2920752 ], [ -1.7973515, 13.2929964 ], [ -1.7937139, 13.2960567 ], [ -1.7824585, 13.3031254 ], [ -1.7756013, 13.30655 ], [ -1.7666563, 13.3073025 ], [ -1.7647126, 13.3056278 ], [ -1.7674704, 13.298708 ], [ -1.7669632, 13.294117 ], [ -1.7682439, 13.2887468 ], [ -1.7679331, 13.2857943 ], [ -1.7659582, 13.2828064 ], [ -1.7638048, 13.2719707 ], [ -1.762187, 13.2697906 ], [ -1.7649754, 13.2642374 ], [ -1.7644284, 13.2603426 ], [ -1.7558868, 13.2601566 ], [ -1.7484878, 13.2566261 ], [ -1.7474539, 13.2541771 ], [ -1.7507989, 13.250329 ], [ -1.7541004, 13.2500639 ], [ -1.7559261, 13.2511501 ], [ -1.7582583, 13.2484465 ], [ -1.7575003, 13.2441883 ], [ -1.7551934, 13.2411089 ], [ -1.7531137, 13.232563 ], [ -1.7495689, 13.2251234 ], [ -1.7449714, 13.2238245 ], [ -1.7419766, 13.2174835 ], [ -1.7387841, 13.2141275 ], [ -1.7365781, 13.2071381 ], [ -1.7375743, 13.1950502 ], [ -1.7382709, 13.1922026 ], [ -1.7409625, 13.1896181 ], [ -1.7438431, 13.1882114 ], [ -1.7453306, 13.1840916 ], [ -1.7437923, 13.1808167 ], [ -1.7406005, 13.1773701 ], [ -1.737535, 13.1725397 ], [ -1.733263, 13.168889 ], [ -1.7344732, 13.1668949 ], [ -1.7394691, 13.1635523 ], [ -1.7450612, 13.1611996 ], [ -1.7495849, 13.1558371 ], [ -1.7511022, 13.1490555 ], [ -1.7480772, 13.143465 ], [ -1.7459329, 13.141427 ], [ -1.742896, 13.1385794 ], [ -1.7410604, 13.1336374 ], [ -1.7366031, 13.1281118 ], [ -1.730725, 13.1242628 ], [ -1.7251002, 13.1237726 ], [ -1.7216666, 13.1187954 ], [ -1.7207315, 13.1130075 ], [ -1.7168249, 13.108489 ], [ -1.7156006, 13.1012783 ], [ -1.7128644, 13.0974903 ], [ -1.7037922, 13.0830889 ], [ -1.7007948, 13.0799236 ], [ -1.6937829, 13.0799789 ], [ -1.6725996, 13.074131 ], [ -1.6637567, 13.0726547 ], [ -1.661285, 13.0737734 ], [ -1.6522337, 13.0753822 ], [ -1.6472379, 13.0750027 ], [ -1.637136, 13.0663872 ], [ -1.6303329, 13.0634546 ], [ -1.6262162, 13.0666637 ], [ -1.6206859, 13.0679731 ], [ -1.6144414, 13.066102 ], [ -1.6094044, 13.0628529 ], [ -1.6096233, 13.0596409 ], [ -1.606757, 13.0545473 ], [ -1.6082547, 13.0523834 ], [ -1.6079972, 13.0464716 ], [ -1.6040823, 13.0424051 ], [ -1.5998213, 13.0430336 ], [ -1.5961561, 13.0408316 ], [ -1.5947982, 13.0371046 ], [ -1.5943358, 13.0316172 ], [ -1.5948459, 13.025547 ], [ -1.5994459, 13.0235176 ], [ -1.5960728, 13.018322 ], [ -1.5948973, 13.0188494 ], [ -1.5936193, 13.0232954 ], [ -1.5915397, 13.0255108 ], [ -1.5861974, 13.0170097 ], [ -1.5853937, 13.0133219 ], [ -1.5835304, 13.0110121 ], [ -1.5824128, 13.0073223 ], [ -1.5768371, 13.0050383 ], [ -1.5756236, 13.0057735 ], [ -1.5700524, 13.0044394 ], [ -1.5633285, 13.006465 ], [ -1.5616821, 13.0051527 ], [ -1.5592765, 13.0010452 ], [ -1.5649904, 13.0010462 ], [ -1.5625477, 12.9983149 ], [ -1.553852, 12.9940491 ], [ -1.5522547, 12.9903564 ] ] ] ] } },
{ "type": "Feature", "properties": { "region": "Centre-ouest", "id_adm": 6.0 }, "geometry": { "type": "MultiPolygon", "coordinates": [ [ [ [ -1.9551207, 12.6865864 ], [ -1.9631083, 12.6812687 ], [ -1.9742799, 12.6753292 ], [ -1.9800051, 12.6734142 ], [ -1.9842281, 12.673892 ], [ -1.9871278, 12.6757412 ], [ -1.9874971, 12.6784763 ], [ -1.9831378, 12.6914854 ], [ -1.9800298, 12.6969318 ], [ -1.9851086, 12.7010527 ], [ -1.9858775, 12.7028751 ], [ -1.9925795, 12.7072182 ], [ -1.99568, 12.7069588 ], [ -2.0069597, 12.7049198 ], [ -2.0164344, 12.7047844 ], [ -2.0273063, 12.7033587 ], [ -2.035934, 12.7026749 ], [ -2.0513382, 12.7063799 ], [ -2.0596004, 12.7076225 ], [ -2.0675712, 12.7076778 ], [ -2.071883, 12.7064629 ], [ -2.0785813, 12.703001 ], [ -2.0799792, 12.6981268 ], [ -2.0788715, 12.6951714 ], [ -2.0795529, 12.6923952 ], [ -2.0892069, 12.6907539 ], [ -2.0920453, 12.688447 ], [ -2.0956917, 12.6908855 ], [ -2.099829, 12.6892796 ], [ -2.1067672, 12.6888142 ], [ -2.1174924, 12.6934586 ], [ -2.1311359, 12.7004843 ], [ -2.1449411, 12.7059698 ], [ -2.1504698, 12.708559 ], [ -2.1534495, 12.7086229 ], [ -2.1585422, 12.7050009 ], [ -2.1606717, 12.701993 ], [ -2.1608894, 12.6999111 ], [ -2.182349, 12.6993999 ], [ -2.2043977, 12.6994686 ], [ -2.2470877, 12.6853552 ], [ -2.2886462, 12.6721554 ], [ -2.3039987, 12.6662769 ], [ -2.3293631, 12.658123 ], [ -2.4118369, 12.6350117 ], [ -2.4578974, 12.6232338 ], [ -2.4848564, 12.616436 ], [ -2.4855435, 12.6199312 ], [ -2.4849904, 12.6341076 ], [ -2.4857399, 12.6466208 ], [ -2.485348, 12.6572037 ], [ -2.4852579, 12.6699047 ], [ -2.4782271, 12.6710501 ], [ -2.474196, 12.6708965 ], [ -2.4550698, 12.6730385 ], [ -2.4484334, 12.6754694 ], [ -2.4450424, 12.6792736 ], [ -2.4414957, 12.6821537 ], [ -2.4383039, 12.6882849 ], [ -2.4375772, 12.6992826 ], [ -2.4381528, 12.7031136 ], [ -2.4524813, 12.7028732 ], [ -2.4635444, 12.7020636 ], [ -2.4745071, 12.7004385 ], [ -2.4850998, 12.6994457 ], [ -2.4949441, 12.6993113 ], [ -2.5029442, 12.6982679 ], [ -2.5089679, 12.6989765 ], [ -2.5131586, 12.6973 ], [ -2.517818, 12.6969013 ], [ -2.5238919, 12.6940794 ], [ -2.5267239, 12.6943197 ], [ -2.5290883, 12.6920614 ], [ -2.5319712, 12.6962395 ], [ -2.5374851, 12.7076845 ], [ -2.5377028, 12.7196436 ], [ -2.5361516, 12.7372322 ], [ -2.5346682, 12.7519674 ], [ -2.5338438, 12.7547274 ], [ -2.5303059, 12.7579708 ], [ -2.5217006, 12.7619839 ], [ -2.5016832, 12.7703924 ], [ -2.4940259, 12.7758722 ], [ -2.4970891, 12.7836733 ], [ -2.5060709, 12.8046036 ], [ -2.5083733, 12.8088455 ], [ -2.5102539, 12.8107586 ], [ -2.5128505, 12.8235741 ], [ -2.5239432, 12.833518 ], [ -2.5314822, 12.8356504 ], [ -2.5396039, 12.8370504 ], [ -2.546514, 12.8407021 ], [ -2.5517685, 12.8421755 ], [ -2.5551996, 12.8417044 ], [ -2.558157, 12.8383503 ], [ -2.5588615, 12.8354549 ], [ -2.5666592, 12.8286419 ], [ -2.5690279, 12.8229694 ], [ -2.5685601, 12.8200722 ], [ -2.5701702, 12.8159828 ], [ -2.5742631, 12.8118973 ], [ -2.5919802, 12.7964182 ], [ -2.6446562, 12.7523451 ], [ -2.6448696, 12.7503986 ], [ -2.648536, 12.7462568 ], [ -2.6535847, 12.7443991 ], [ -2.6606207, 12.7373924 ], [ -2.6650715, 12.7318935 ], [ -2.6714692, 12.7264881 ], [ -2.6821294, 12.7209435 ], [ -2.6879561, 12.7121954 ], [ -2.6900544, 12.7043676 ], [ -2.6901782, 12.6967258 ], [ -2.6922841, 12.6918583 ], [ -2.6958539, 12.6927681 ], [ -2.7010388, 12.6930456 ], [ -2.7078862, 12.6891699 ], [ -2.7084408, 12.6866264 ], [ -2.71048, 12.6859856 ], [ -2.7196596, 12.6861868 ], [ -2.7199371, 12.6839056 ], [ -2.7258713, 12.6781807 ], [ -2.7261498, 12.6729031 ], [ -2.7291129, 12.6677189 ], [ -2.7352772, 12.6620398 ], [ -2.738461, 12.6571817 ], [ -2.7425849, 12.6557913 ], [ -2.7497823, 12.6479311 ], [ -2.7566278, 12.6430759 ], [ -2.7617576, 12.6376944 ], [ -2.7666571, 12.6300573 ], [ -2.7704308, 12.6222477 ], [ -2.7733097, 12.6151705 ], [ -2.7730517, 12.6135769 ], [ -2.7676682, 12.5982447 ], [ -2.7569664, 12.5743961 ], [ -2.7462094, 12.555789 ], [ -2.7400994, 12.5433159 ], [ -2.7336302, 12.5317659 ], [ -2.7294197, 12.5223188 ], [ -2.7271168, 12.5158882 ], [ -2.7261415, 12.5106544 ], [ -2.7400017, 12.498682 ], [ -2.7517397, 12.4895763 ], [ -2.7562947, 12.4849453 ], [ -2.758508, 12.4809647 ], [ -2.7570064, 12.4764538 ], [ -2.7568879, 12.4696274 ], [ -2.7574787, 12.465807 ], [ -2.7600698, 12.4619894 ], [ -2.7685602, 12.456665 ], [ -2.7745068, 12.4476976 ], [ -2.7802317, 12.4412842 ], [ -2.7823975, 12.4428787 ], [ -2.7882233, 12.4368544 ], [ -2.8005097, 12.427557 ], [ -2.8222878, 12.4103718 ], [ -2.8351433, 12.4007025 ], [ -2.8450124, 12.3937197 ], [ -2.8532407, 12.3874407 ], [ -2.8485038, 12.3854647 ], [ -2.841316, 12.3852968 ], [ -2.8370492, 12.3824148 ], [ -2.8347452, 12.3799868 ], [ -2.8315473, 12.3729773 ], [ -2.8284597, 12.3650255 ], [ -2.8285699, 12.359539 ], [ -2.8269942, 12.3564415 ], [ -2.826828, 12.3529654 ], [ -2.8290761, 12.3474979 ], [ -2.8286796, 12.3435507 ], [ -2.8294625, 12.3411245 ], [ -2.8318763, 12.3392525 ], [ -2.8372107, 12.3378162 ], [ -2.8447018, 12.3415689 ], [ -2.8521094, 12.3419628 ], [ -2.8557026, 12.3403082 ], [ -2.8573325, 12.3354473 ], [ -2.8630624, 12.3311501 ], [ -2.8709011, 12.3241739 ], [ -2.8758378, 12.317441 ], [ -2.8779185, 12.3118105 ], [ -2.8836918, 12.3014193 ], [ -2.8846478, 12.2944126 ], [ -2.8868933, 12.2865181 ], [ -2.8896439, 12.273962 ], [ -2.8874035, 12.2666178 ], [ -2.883754, 12.2603235 ], [ -2.8792026, 12.2553511 ], [ -2.8756652, 12.2524252 ], [ -2.8724871, 12.2511196 ], [ -2.8686187, 12.2506199 ], [ -2.8646388, 12.2464256 ], [ -2.8594716, 12.2444849 ], [ -2.8530698, 12.2400084 ], [ -2.8460782, 12.2322092 ], [ -2.8437204, 12.2308855 ], [ -2.8405795, 12.2270174 ], [ -2.8363702, 12.2231483 ], [ -2.8335607, 12.2155867 ], [ -2.829803, 12.2106686 ], [ -2.8295999, 12.2054529 ], [ -2.8288631, 12.2030439 ], [ -2.8291206, 12.1982365 ], [ -2.8285584, 12.193655 ], [ -2.8265507, 12.1899958 ], [ -2.8237786, 12.1814928 ], [ -2.8207858, 12.1747093 ], [ -2.8233724, 12.1619625 ], [ -2.822958, 12.1598434 ], [ -2.8198087, 12.1525536 ], [ -2.8137412, 12.1501856 ], [ -2.8074806, 12.146143 ], [ -2.8039267, 12.140871 ], [ -2.7958164, 12.1273289 ], [ -2.7947578, 12.1216516 ], [ -2.7955129, 12.1170712 ], [ -2.7979252, 12.1103277 ], [ -2.8038628, 12.1006622 ], [ -2.8067718, 12.0933218 ], [ -2.8070018, 12.0833988 ], [ -2.807591, 12.0729961 ], [ -2.8094318, 12.0678186 ], [ -2.813463, 12.0648069 ], [ -2.8173931, 12.0644474 ], [ -2.8198874, 12.0622225 ], [ -2.8212495, 12.0630293 ], [ -2.8293128, 12.071373 ], [ -2.831145, 12.0756025 ], [ -2.8352597, 12.0780954 ], [ -2.8369718, 12.0799437 ], [ -2.8380308, 12.083765 ], [ -2.842505, 12.0888109 ], [ -2.8465648, 12.0924616 ], [ -2.8524566, 12.095643 ], [ -2.8705828, 12.1017923 ], [ -2.8764741, 12.1016779 ], [ -2.880883, 12.1001225 ], [ -2.8850615, 12.09758 ], [ -2.8937685, 12.0947418 ], [ -2.9016292, 12.0928802 ], [ -2.9068475, 12.090374 ], [ -2.9105098, 12.0874691 ], [ -2.9160221, 12.0840845 ], [ -2.9197021, 12.0795317 ], [ -2.9239538, 12.0773153 ], [ -2.9302933, 12.0724649 ], [ -2.9329305, 12.0631123 ], [ -2.9332509, 12.059391 ], [ -2.9315834, 12.0560322 ], [ -2.9259028, 12.0518293 ], [ -2.9240055, 12.0483513 ], [ -2.918206, 12.0449457 ], [ -2.9140341, 12.0380898 ], [ -2.9125226, 12.0329018 ], [ -2.9122629, 12.0275412 ], [ -2.9084699, 12.0237465 ], [ -2.9028001, 12.0211639 ], [ -2.8988605, 12.0185003 ], [ -2.8964486, 12.0156555 ], [ -2.8935583, 12.0136356 ], [ -2.8889751, 12.0118952 ], [ -2.8821471, 12.0118923 ], [ -2.8769655, 12.0094538 ], [ -2.8747294, 12.0096884 ], [ -2.8683796, 12.0077114 ], [ -2.8592498, 12.0012236 ], [ -2.8595431, 11.9997559 ], [ -2.8550706, 11.9931087 ], [ -2.8535423, 11.9888248 ], [ -2.851306, 11.9861078 ], [ -2.8517189, 11.9795074 ], [ -2.853245, 11.9729166 ], [ -2.855655, 11.9689255 ], [ -2.8600614, 11.9657497 ], [ -2.862591, 11.9626818 ], [ -2.8684945, 11.958149 ], [ -2.8739877, 11.951642 ], [ -2.8787429, 11.9466743 ], [ -2.8824491, 11.9415245 ], [ -2.8839748, 11.936264 ], [ -2.8833847, 11.9318094 ], [ -2.8803284, 11.9250994 ], [ -2.8730319, 11.9183865 ], [ -2.8619099, 11.9172487 ], [ -2.8590486, 11.9153728 ], [ -2.8544021, 11.909584 ], [ -2.8487074, 11.9058781 ], [ -2.8431234, 11.9039097 ], [ -2.837714, 11.8985825 ], [ -2.8342459, 11.8960361 ], [ -2.8314309, 11.8927383 ], [ -2.8281374, 11.886426 ], [ -2.8269045, 11.8823233 ], [ -2.8263152, 11.8747988 ], [ -2.8275473, 11.8714495 ], [ -2.8322465, 11.8648529 ], [ -2.839879, 11.8557215 ], [ -2.8414054, 11.8530064 ], [ -2.8432245, 11.8403406 ], [ -2.843868, 11.838603 ], [ -2.8486857, 11.8319511 ], [ -2.8527958, 11.8283682 ], [ -2.8614302, 11.8247337 ], [ -2.8676002, 11.8232794 ], [ -2.8739445, 11.8195877 ], [ -2.8777599, 11.8168192 ], [ -2.8847477, 11.8133459 ], [ -2.8947337, 11.811965 ], [ -2.9046657, 11.8143415 ], [ -2.9202986, 11.8146038 ], [ -2.9237297, 11.8137245 ], [ -2.9260163, 11.8113747 ], [ -2.9273281, 11.8040552 ], [ -2.9273262, 11.7998905 ], [ -2.9257421, 11.7940493 ], [ -2.9243224, 11.7856016 ], [ -2.9222059, 11.7821875 ], [ -2.9171011, 11.7773237 ], [ -2.9085209, 11.7728662 ], [ -2.8988829, 11.7654648 ], [ -2.8922429, 11.7595587 ], [ -2.887728, 11.7574196 ], [ -2.8790843, 11.752264 ], [ -2.8745058, 11.7512207 ], [ -2.869422, 11.7521591 ], [ -2.8658187, 11.7542219 ], [ -2.8591254, 11.7523708 ], [ -2.8446736, 11.7553692 ], [ -2.840215, 11.7577925 ], [ -2.8376868, 11.7579632 ], [ -2.8334575, 11.7569189 ], [ -2.8252935, 11.7579002 ], [ -2.8190143, 11.7580681 ], [ -2.812202, 11.7605534 ], [ -2.8067684, 11.7611465 ], [ -2.8007464, 11.7597303 ], [ -2.7924631, 11.7544088 ], [ -2.7842169, 11.7483988 ], [ -2.779547, 11.7427731 ], [ -2.7723124, 11.7386379 ], [ -2.7647567, 11.7309446 ], [ -2.7606661, 11.7292843 ], [ -2.74279, 11.7117109 ], [ -2.7326808, 11.7029371 ], [ -2.7267082, 11.6954165 ], [ -2.7244296, 11.6916561 ], [ -2.7225394, 11.6795855 ], [ -2.7227707, 11.6744156 ], [ -2.7198071, 11.6567297 ], [ -2.7163839, 11.6405191 ], [ -2.7157161, 11.629735 ], [ -2.7127891, 11.6159153 ], [ -2.712451, 11.6094685 ], [ -2.7107337, 11.6064329 ], [ -2.7075274, 11.6045189 ], [ -2.6990659, 11.6011686 ], [ -2.6898425, 11.5964508 ], [ -2.6823843, 11.58986 ], [ -2.6793628, 11.5864697 ], [ -2.6745894, 11.5768213 ], [ -2.6731489, 11.5724106 ], [ -2.670609, 11.5611715 ], [ -2.6703551, 11.5536108 ], [ -2.6706443, 11.5439234 ], [ -2.6730132, 11.5252743 ], [ -2.6742742, 11.5198164 ], [ -2.6762791, 11.5138063 ], [ -2.6769974, 11.5098324 ], [ -2.6760998, 11.5034752 ], [ -2.6747601, 11.5001688 ], [ -2.672107, 11.4970512 ], [ -2.6604013, 11.4860725 ], [ -2.6541765, 11.4812298 ], [ -2.642966, 11.4742079 ], [ -2.6349778, 11.4703035 ], [ -2.6193779, 11.4642344 ], [ -2.60868, 11.4618301 ], [ -2.6022813, 11.4583712 ], [ -2.5888908, 11.4466629 ], [ -2.583797, 11.4426355 ], [ -2.5711012, 11.4366407 ], [ -2.5628474, 11.4344912 ], [ -2.5499184, 11.4338455 ], [ -2.5457041, 11.4330425 ], [ -2.5397663, 11.4292841 ], [ -2.5363629, 11.425458 ], [ -2.5310848, 11.4233665 ], [ -2.5268648, 11.4193125 ], [ -2.5205355, 11.4123573 ], [ -2.5193722, 11.4093494 ], [ -2.5217149, 11.4080858 ], [ -2.5288854, 11.3989534 ], [ -2.5405519, 11.392643 ], [ -2.5464878, 11.3870668 ], [ -2.5507126, 11.3856878 ], [ -2.5578768, 11.3822317 ], [ -2.5584574, 11.3794527 ], [ -2.5604606, 11.3775997 ], [ -2.5598748, 11.3751726 ], [ -2.5611627, 11.3720503 ], [ -2.5639815, 11.3717108 ], [ -2.5678539, 11.3742609 ], [ -2.5723062, 11.3748474 ], [ -2.575356, 11.3725338 ], [ -2.5766523, 11.3704538 ], [ -2.5790579, 11.370059 ], [ -2.5855105, 11.3722591 ], [ -2.5904951, 11.3729095 ], [ -2.5921392, 11.372097 ], [ -2.6018155, 11.3729172 ], [ -2.6107302, 11.3729925 ], [ -2.6143668, 11.3713226 ], [ -2.6180565, 11.3728304 ], [ -2.623225, 11.3736429 ], [ -2.6270957, 11.3642769 ], [ -2.628154, 11.3597698 ], [ -2.6286273, 11.3508606 ], [ -2.6296861, 11.3456564 ], [ -2.6294339, 11.3372803 ], [ -2.6315787, 11.3266897 ], [ -2.6343985, 11.3235693 ], [ -2.6444023, 11.3269777 ], [ -2.6552618, 11.3270817 ], [ -2.6587136, 11.3264074 ], [ -2.6793299, 11.3287401 ], [ -2.6922545, 11.3294792 ], [ -2.7039409, 11.3275814 ], [ -2.7079332, 11.3307095 ], [ -2.7193055, 11.3360453 ], [ -2.7228305, 11.3361568 ], [ -2.7290444, 11.3403282 ], [ -2.7413537, 11.3472843 ], [ -2.7438965, 11.3478031 ], [ -2.7533898, 11.3420982 ], [ -2.7609272, 11.3371525 ], [ -2.7687306, 11.3307219 ], [ -2.7730916, 11.3265419 ], [ -2.7777183, 11.3204155 ], [ -2.7843924, 11.3030186 ], [ -2.7865953, 11.2982941 ], [ -2.7892754, 11.2946739 ], [ -2.7953057, 11.2890015 ], [ -2.8058331, 11.2822094 ], [ -2.8072464, 11.2778006 ], [ -2.8110456, 11.2689571 ], [ -2.8105495, 11.2630177 ], [ -2.8092737, 11.260807 ], [ -2.8079793, 11.2537441 ], [ -2.8099706, 11.2502775 ], [ -2.8107958, 11.241024 ], [ -2.8094232, 11.2381239 ], [ -2.8057482, 11.2344561 ], [ -2.8040411, 11.2311049 ], [ -2.8009942, 11.220808 ], [ -2.8025808, 11.2033968 ], [ -2.8023973, 11.2005625 ], [ -2.7994699, 11.1916513 ], [ -2.7978272, 11.1819248 ], [ -2.7978821, 11.1749258 ], [ -2.7968268, 11.1677542 ], [ -2.794368, 11.1626635 ], [ -2.7929001, 11.155899 ], [ -2.7907898, 11.1484909 ], [ -2.7903218, 11.1394634 ], [ -2.7897348, 11.1370182 ], [ -2.781671, 11.1402264 ], [ -2.7747724, 11.1424932 ], [ -2.766855, 11.1458817 ], [ -2.7554789, 11.1503086 ], [ -2.7401848, 11.1556826 ], [ -2.7347808, 11.1578503 ], [ -2.7321839, 11.1604471 ], [ -2.734246, 11.1712236 ], [ -2.7362726, 11.177392 ], [ -2.7383997, 11.1854887 ], [ -2.7388299, 11.1915731 ], [ -2.7371776, 11.1953745 ], [ -2.7342134, 11.1982517 ], [ -2.7280653, 11.2010708 ], [ -2.7192748, 11.202157 ], [ -2.7135675, 11.2021065 ], [ -2.7080438, 11.2012224 ], [ -2.7017591, 11.199523 ], [ -2.6956494, 11.1958761 ], [ -2.688669, 11.1896572 ], [ -2.6769657, 11.1784983 ], [ -2.6651063, 11.1697283 ], [ -2.6627405, 11.1668921 ], [ -2.6588445, 11.1596346 ], [ -2.655333, 11.1544876 ], [ -2.6507025, 11.149457 ], [ -2.6443846, 11.1436901 ], [ -2.6310325, 11.1347456 ], [ -2.6278408, 11.1334829 ], [ -2.6197522, 11.1292076 ], [ -2.6158922, 11.1257353 ], [ -2.6115472, 11.1207857 ], [ -2.6095414, 11.1156311 ], [ -2.6093149, 11.1111126 ], [ -2.6106322, 11.1017876 ], [ -2.6108735, 11.0970802 ], [ -2.6134684, 11.0831308 ], [ -2.6174829, 11.0717545 ], [ -2.6197784, 11.0671215 ], [ -2.6239021, 11.0569496 ], [ -2.6259303, 11.0543537 ], [ -2.6296546, 11.052475 ], [ -2.6372213, 11.0514078 ], [ -2.6462998, 11.0526323 ], [ -2.6506097, 11.0536156 ], [ -2.6603401, 11.0539074 ], [ -2.6721337, 11.0546455 ], [ -2.6760318, 11.0531559 ], [ -2.6802509, 11.0524635 ], [ -2.6827092, 11.0507727 ], [ -2.683327, 11.0411854 ], [ -2.6840522, 11.0388765 ], [ -2.6879156, 11.0317373 ], [ -2.6920714, 11.0262632 ], [ -2.6961625, 11.0228186 ], [ -2.7030501, 11.0193577 ], [ -2.711231, 11.0142231 ], [ -2.7159367, 11.0072651 ], [ -2.7178484, 11.0028495 ], [ -2.7116765, 11.00273 ], [ -2.6894465, 11.0045851 ], [ -2.6671159, 11.0018553 ], [ -2.6352869, 10.9966655 ], [ -2.633098, 10.9966665 ], [ -2.6295974, 10.996668 ], [ -2.629598, 11.0000013 ], [ -2.5861077, 10.9966621 ], [ -2.5809421, 10.9965159 ], [ -2.5013052, 10.9901142 ], [ -2.4789855, 10.9881812 ], [ -2.3291322, 10.9864127 ], [ -2.2703012, 10.9917309 ], [ -2.2211206, 10.9912092 ], [ -2.1281823, 10.9837403 ], [ -2.0011126, 10.983741 ], [ -1.9945222, 10.9837935 ], [ -1.7505785, 10.985734 ], [ -1.750604, 10.9767094 ], [ -1.6957102, 10.976699 ], [ -1.6957114, 10.989745 ], [ -1.5844438, 10.9897323 ], [ -1.5844471, 11.0213753 ], [ -1.4276667, 11.0213717 ], [ -1.4297926, 11.0254908 ], [ -1.4322419, 11.0270476 ], [ -1.4329996, 11.0318346 ], [ -1.4296861, 11.0347223 ], [ -1.4249732, 11.0369062 ], [ -1.4214433, 11.0370054 ], [ -1.4208276, 11.0432749 ], [ -1.423165, 11.0473509 ], [ -1.4224457, 11.0502529 ], [ -1.4194351, 11.0509882 ], [ -1.4199436, 11.0560417 ], [ -1.4238338, 11.0553656 ], [ -1.4265362, 11.05585 ], [ -1.4313792, 11.0513411 ], [ -1.431941, 11.0447817 ], [ -1.4357175, 11.0409088 ], [ -1.4413174, 11.0391998 ], [ -1.444366, 11.0401392 ], [ -1.446942, 11.0442171 ], [ -1.4518696, 11.0472651 ], [ -1.4564508, 11.0478687 ], [ -1.4615444, 11.0527735 ], [ -1.4650618, 11.0555248 ], [ -1.4665275, 11.0578499 ], [ -1.467214, 11.0622072 ], [ -1.4709713, 11.0625792 ], [ -1.4753051, 11.0673628 ], [ -1.4777099, 11.0688229 ], [ -1.4853879, 11.0762396 ], [ -1.4863118, 11.0808964 ], [ -1.484184, 11.0830851 ], [ -1.4801767, 11.0831823 ], [ -1.4784091, 11.0848026 ], [ -1.4761491, 11.0899057 ], [ -1.4759014, 11.0919952 ], [ -1.4776633, 11.0937424 ], [ -1.4881289, 11.0950718 ], [ -1.4909596, 11.0935745 ], [ -1.4974413, 11.0917511 ], [ -1.4992129, 11.0892076 ], [ -1.5029769, 11.0902672 ], [ -1.506605, 11.0951643 ], [ -1.5084139, 11.0966854 ], [ -1.512179, 11.0975275 ], [ -1.5197798, 11.095583 ], [ -1.5242642, 11.0911884 ], [ -1.528864, 11.089817 ], [ -1.5335102, 11.0904732 ], [ -1.5369779, 11.0900831 ], [ -1.5412086, 11.0913887 ], [ -1.5452034, 11.094305 ], [ -1.5469463, 11.0984955 ], [ -1.5459392, 11.1002922 ], [ -1.5413969, 11.1032391 ], [ -1.5417379, 11.1049786 ], [ -1.5476651, 11.1107016 ], [ -1.5525377, 11.1121187 ], [ -1.5592788, 11.105299 ], [ -1.5626287, 11.1046181 ], [ -1.5657353, 11.1073036 ], [ -1.5676808, 11.1069603 ], [ -1.5704401, 11.109417 ], [ -1.5697104, 11.115098 ], [ -1.5699177, 11.1203861 ], [ -1.5648453, 11.12286 ], [ -1.5650702, 11.1261196 ], [ -1.5695304, 11.129735 ], [ -1.5732441, 11.1298523 ], [ -1.5748147, 11.1315069 ], [ -1.577172, 11.1314001 ], [ -1.5798913, 11.128046 ], [ -1.5841286, 11.1279488 ], [ -1.5874175, 11.1287794 ], [ -1.5902477, 11.1273985 ], [ -1.592617, 11.1243868 ], [ -1.5938027, 11.1214867 ], [ -1.5994483, 11.1223278 ], [ -1.6005069, 11.1236267 ], [ -1.6045563, 11.1246414 ], [ -1.6079142, 11.1265678 ], [ -1.6096638, 11.1293459 ], [ -1.6103208, 11.1347713 ], [ -1.6092123, 11.1390114 ], [ -1.6126915, 11.1427746 ], [ -1.6207783, 11.1456547 ], [ -1.6267612, 11.1495209 ], [ -1.6298218, 11.1502323 ], [ -1.6326398, 11.1519833 ], [ -1.6394593, 11.1530647 ], [ -1.6393296, 11.1557341 ], [ -1.6368468, 11.1596699 ], [ -1.6381204, 11.1646719 ], [ -1.6450672, 11.1637716 ], [ -1.6480724, 11.1622829 ], [ -1.6536033, 11.1622448 ], [ -1.6585402, 11.1640139 ], [ -1.6624284, 11.164258 ], [ -1.6642436, 11.1668825 ], [ -1.6629548, 11.1680803 ], [ -1.66192, 11.1724119 ], [ -1.6576321, 11.1806297 ], [ -1.6512796, 11.1889563 ], [ -1.6439099, 11.1969242 ], [ -1.6371897, 11.2052488 ], [ -1.6284285, 11.2146044 ], [ -1.6249245, 11.2190504 ], [ -1.6219175, 11.2254181 ], [ -1.6218737, 11.2294645 ], [ -1.6238686, 11.2330313 ], [ -1.625358, 11.2413931 ], [ -1.6250162, 11.2442427 ], [ -1.6251184, 11.2530689 ], [ -1.6223272, 11.2717581 ], [ -1.6182866, 11.2771244 ], [ -1.6147695, 11.2800951 ], [ -1.6046466, 11.2850437 ], [ -1.599195, 11.2897797 ], [ -1.5971938, 11.2943954 ], [ -1.5970029, 11.3028584 ], [ -1.5977145, 11.3082743 ], [ -1.6025709, 11.325614 ], [ -1.6015505, 11.3349142 ], [ -1.5980586, 11.3426285 ], [ -1.5945019, 11.3482056 ], [ -1.5902675, 11.3533897 ], [ -1.5876389, 11.3608627 ], [ -1.5827043, 11.3796577 ], [ -1.5796025, 11.3860245 ], [ -1.5764427, 11.3886881 ], [ -1.5733634, 11.3940134 ], [ -1.5643239, 11.3999519 ], [ -1.5534134, 11.4033289 ], [ -1.5468426, 11.3923979 ], [ -1.5423524, 11.3906555 ], [ -1.5234457, 11.3902159 ], [ -1.5187802, 11.3907986 ], [ -1.5145046, 11.3924875 ], [ -1.5091609, 11.3989592 ], [ -1.5052373, 11.408 ], [ -1.5005646, 11.4162216 ], [ -1.4975514, 11.4227686 ], [ -1.4924626, 11.427494 ], [ -1.4881911, 11.4301062 ], [ -1.4828936, 11.4322596 ], [ -1.4776824, 11.4335814 ], [ -1.471916, 11.435832 ], [ -1.4660211, 11.443965 ], [ -1.4583228, 11.4489841 ], [ -1.4494917, 11.4527292 ], [ -1.4429939, 11.4561701 ], [ -1.4356699, 11.461462 ], [ -1.4269288, 11.4654779 ], [ -1.4142368, 11.4663048 ], [ -1.4080029, 11.4681892 ], [ -1.4040148, 11.4707928 ], [ -1.3998584, 11.4758739 ], [ -1.3971084, 11.4805841 ], [ -1.3921895, 11.4838333 ], [ -1.3883479, 11.4827614 ], [ -1.3851779, 11.483242 ], [ -1.381037, 11.4887848 ], [ -1.3730717, 11.4952755 ], [ -1.3685018, 11.5056944 ], [ -1.3649875, 11.5088511 ], [ -1.3600056, 11.5153217 ], [ -1.3572841, 11.523243 ], [ -1.3543283, 11.5266657 ], [ -1.3502212, 11.5271492 ], [ -1.3454517, 11.5260811 ], [ -1.3403858, 11.5237255 ], [ -1.3356199, 11.5237522 ], [ -1.3318875, 11.5246086 ], [ -1.3258604, 11.5287828 ], [ -1.3104908, 11.5458708 ], [ -1.3127177, 11.5485001 ], [ -1.3163725, 11.548521 ], [ -1.3223556, 11.5528555 ], [ -1.3263481, 11.5568247 ], [ -1.3269213, 11.5596151 ], [ -1.3317719, 11.5663776 ], [ -1.3343638, 11.5677319 ], [ -1.337345, 11.5719852 ], [ -1.3359187, 11.5743027 ], [ -1.3371841, 11.5799942 ], [ -1.3388197, 11.5833797 ], [ -1.343392, 11.5872345 ], [ -1.3470445, 11.5913734 ], [ -1.3507881, 11.5938931 ], [ -1.3531899, 11.5965767 ], [ -1.3545369, 11.6007843 ], [ -1.3574063, 11.6018686 ], [ -1.363454, 11.6010981 ], [ -1.3674835, 11.6016369 ], [ -1.3718133, 11.6009197 ], [ -1.3759722, 11.6013317 ], [ -1.379063, 11.6004171 ], [ -1.3824836, 11.6014957 ], [ -1.3895587, 11.5973358 ], [ -1.3937815, 11.5959568 ], [ -1.3937322, 11.5984907 ], [ -1.3957229, 11.6026649 ], [ -1.3965676, 11.6100922 ], [ -1.3951508, 11.6123915 ], [ -1.3955979, 11.6148024 ], [ -1.3989104, 11.6155262 ], [ -1.4049094, 11.6153879 ], [ -1.4104795, 11.6146498 ], [ -1.4175683, 11.6170511 ], [ -1.4196008, 11.6203032 ], [ -1.4240533, 11.6208706 ], [ -1.4255449, 11.6220369 ], [ -1.4248055, 11.6267128 ], [ -1.4227688, 11.6299238 ], [ -1.4238054, 11.632102 ], [ -1.4265255, 11.633791 ], [ -1.4327439, 11.6320601 ], [ -1.4385021, 11.6324091 ], [ -1.439495, 11.6341524 ], [ -1.4383322, 11.6390152 ], [ -1.4434931, 11.641324 ], [ -1.4463724, 11.6405344 ], [ -1.4515345, 11.6407251 ], [ -1.4563987, 11.6436386 ], [ -1.4568459, 11.6519146 ], [ -1.454352, 11.6566162 ], [ -1.4538153, 11.6593103 ], [ -1.4548711, 11.6652088 ], [ -1.4547249, 11.6707659 ], [ -1.4564286, 11.6737528 ], [ -1.4608359, 11.6762743 ], [ -1.4612918, 11.6789474 ], [ -1.4600794, 11.6864891 ], [ -1.4633552, 11.691268 ], [ -1.4651263, 11.6917477 ], [ -1.4670237, 11.6888533 ], [ -1.4712241, 11.6866674 ], [ -1.4765232, 11.6872206 ], [ -1.4830753, 11.6851015 ], [ -1.4857961, 11.6829166 ], [ -1.4894584, 11.6817684 ], [ -1.4909893, 11.6825371 ], [ -1.4933275, 11.6874819 ], [ -1.4952899, 11.6961994 ], [ -1.4976275, 11.6993532 ], [ -1.4955982, 11.7049179 ], [ -1.4962919, 11.707881 ], [ -1.5003947, 11.7128363 ], [ -1.5033498, 11.7116928 ], [ -1.5057012, 11.7139139 ], [ -1.5120127, 11.7122641 ], [ -1.5160924, 11.7103662 ], [ -1.5210406, 11.7114334 ], [ -1.5252768, 11.7134371 ], [ -1.5286995, 11.7125225 ], [ -1.5315462, 11.7089348 ], [ -1.5357773, 11.7120981 ], [ -1.5378842, 11.7155933 ], [ -1.537931, 11.7194767 ], [ -1.5396239, 11.7230883 ], [ -1.538425, 11.7260418 ], [ -1.5420798, 11.7266493 ], [ -1.5436045, 11.7288561 ], [ -1.5496272, 11.726099 ], [ -1.5530586, 11.7253113 ], [ -1.5550573, 11.7263622 ], [ -1.5571619, 11.7304373 ], [ -1.5620931, 11.7354584 ], [ -1.5626696, 11.7380781 ], [ -1.5618126, 11.7447529 ], [ -1.5586245, 11.7465925 ], [ -1.5597259, 11.7489786 ], [ -1.5630208, 11.7520733 ], [ -1.5679635, 11.7545967 ], [ -1.58056, 11.7597656 ], [ -1.5876306, 11.7612581 ], [ -1.5971094, 11.7649078 ], [ -1.5975691, 11.7670012 ], [ -1.6006204, 11.771307 ], [ -1.6016643, 11.7743349 ], [ -1.6048433, 11.7767859 ], [ -1.608376, 11.7781973 ], [ -1.6101319, 11.7802973 ], [ -1.6173476, 11.7802782 ], [ -1.6193591, 11.7827864 ], [ -1.619432, 11.78724 ], [ -1.6216775, 11.7887897 ], [ -1.6272835, 11.7869616 ], [ -1.6316634, 11.7837334 ], [ -1.6365116, 11.7827969 ], [ -1.6402315, 11.7813034 ], [ -1.6443973, 11.78088 ], [ -1.6471436, 11.7814093 ], [ -1.6493102, 11.7842436 ], [ -1.6536714, 11.7855139 ], [ -1.6549172, 11.7909689 ], [ -1.6526729, 11.7913113 ], [ -1.6499491, 11.7941952 ], [ -1.6524584, 11.7986784 ], [ -1.6558111, 11.8015461 ], [ -1.6556818, 11.8038721 ], [ -1.6596843, 11.8074846 ], [ -1.6613129, 11.8115568 ], [ -1.6662527, 11.8153 ], [ -1.6656576, 11.816927 ], [ -1.6693056, 11.8196144 ], [ -1.6737928, 11.8193998 ], [ -1.6769139, 11.8205738 ], [ -1.6795479, 11.8239622 ], [ -1.6828547, 11.8246746 ], [ -1.6887313, 11.8287668 ], [ -1.6919221, 11.8286638 ], [ -1.6936728, 11.8322744 ], [ -1.69661, 11.8357735 ], [ -1.6973088, 11.8380394 ], [ -1.6956249, 11.8452282 ], [ -1.6986721, 11.8511715 ], [ -1.7013735, 11.8539085 ], [ -1.6998245, 11.8572779 ], [ -1.7013531, 11.8590231 ], [ -1.7044287, 11.8578787 ], [ -1.7082018, 11.8594074 ], [ -1.7101947, 11.8623133 ], [ -1.7149019, 11.8647795 ], [ -1.7171373, 11.8668804 ], [ -1.7203175, 11.867239 ], [ -1.7240862, 11.8699265 ], [ -1.7257326, 11.8721428 ], [ -1.7258338, 11.8744698 ], [ -1.7281809, 11.8785992 ], [ -1.7309999, 11.8819885 ], [ -1.7332249, 11.8868141 ], [ -1.7358117, 11.8884554 ], [ -1.7416041, 11.8863907 ], [ -1.7465549, 11.8879156 ], [ -1.7535009, 11.891902 ], [ -1.7637311, 11.9005384 ], [ -1.77074, 11.9051046 ], [ -1.7750279, 11.9094229 ], [ -1.778313, 11.9162903 ], [ -1.7820226, 11.9179268 ], [ -1.7870138, 11.9236422 ], [ -1.7859368, 11.9288063 ], [ -1.7878134, 11.9311953 ], [ -1.7875106, 11.9334574 ], [ -1.7841302, 11.9372168 ], [ -1.7845992, 11.9397173 ], [ -1.7876503, 11.942872 ], [ -1.7877624, 11.9449005 ], [ -1.7838062, 11.9451723 ], [ -1.7842741, 11.9479628 ], [ -1.7878129, 11.9486208 ], [ -1.7910382, 11.9520025 ], [ -1.7954038, 11.9529533 ], [ -1.8010535, 11.9574499 ], [ -1.802227, 11.9609947 ], [ -1.8057013, 11.9617701 ], [ -1.8127382, 11.9593019 ], [ -1.8197936, 11.9618206 ], [ -1.8231529, 11.9613371 ], [ -1.8275018, 11.9567938 ], [ -1.8302082, 11.9562254 ], [ -1.8367562, 11.956624 ], [ -1.8399611, 11.958168 ], [ -1.8450114, 11.9581251 ], [ -1.8463963, 11.9566374 ], [ -1.8473355, 11.9485397 ], [ -1.8503889, 11.9460354 ], [ -1.8636438, 11.943347 ], [ -1.8665917, 11.9393673 ], [ -1.8685882, 11.933835 ], [ -1.877068, 11.9231882 ], [ -1.8893352, 11.9157238 ], [ -1.8938082, 11.914773 ], [ -1.8997122, 11.9149952 ], [ -1.9114738, 11.9212427 ], [ -1.9205536, 11.9292536 ], [ -1.9248788, 11.9314251 ], [ -1.9310309, 11.937623 ], [ -1.9341075, 11.9362221 ], [ -1.9353774, 11.933176 ], [ -1.9350713, 11.9310656 ], [ -1.9378483, 11.9284601 ], [ -1.9536794, 11.9220753 ], [ -1.9684675, 11.9227734 ], [ -1.9735323, 11.9238329 ], [ -1.978995, 11.9271851 ], [ -1.9827822, 11.9310188 ], [ -1.984256, 11.936429 ], [ -1.9837687, 11.9425011 ], [ -1.9846351, 11.9449759 ], [ -1.9874924, 11.9491873 ], [ -1.9878213, 11.9530449 ], [ -1.9889802, 11.9561625 ], [ -1.9917245, 11.9582548 ], [ -1.9970801, 11.9607821 ], [ -2.0014296, 11.96451 ], [ -2.0027065, 11.9684429 ], [ -2.0134258, 11.9707356 ], [ -2.0170996, 11.9728403 ], [ -2.0219233, 11.9781618 ], [ -2.0230632, 11.9816608 ], [ -2.0266581, 11.9857016 ], [ -2.0321276, 11.9905643 ], [ -2.0371165, 11.9929352 ], [ -2.0421841, 11.9936409 ], [ -2.0444694, 11.9956322 ], [ -2.0429771, 11.9995642 ], [ -2.0448668, 12.0015898 ], [ -2.0542555, 12.0067911 ], [ -2.0533559, 12.0126905 ], [ -2.0303156, 12.025773 ], [ -2.0054126, 12.0395985 ], [ -2.002768, 12.040802 ], [ -2.0011222, 12.0433855 ], [ -1.9940964, 12.0480576 ], [ -1.9902534, 12.0498905 ], [ -1.9794852, 12.0564775 ], [ -1.9715062, 12.0655632 ], [ -1.9623157, 12.0734501 ], [ -1.9607717, 12.0756979 ], [ -1.9614705, 12.0817928 ], [ -1.966547, 12.0859137 ], [ -1.9664907, 12.0892086 ], [ -1.9763123, 12.100688 ], [ -1.9778543, 12.1050749 ], [ -1.9811997, 12.1066446 ], [ -1.9870498, 12.1169224 ], [ -1.9883664, 12.1198521 ], [ -1.9868551, 12.1234131 ], [ -1.9836324, 12.1207209 ], [ -1.980005, 12.1209974 ], [ -1.9706697, 12.1245203 ], [ -1.9631724, 12.1289635 ], [ -1.961315, 12.1312284 ], [ -1.9565344, 12.1322699 ], [ -1.9485946, 12.1310263 ], [ -1.9445081, 12.1308565 ], [ -1.940572, 12.1325884 ], [ -1.9370928, 12.1353807 ], [ -1.9324374, 12.1430941 ], [ -1.9301115, 12.1477833 ], [ -1.9302596, 12.1503639 ], [ -1.9286243, 12.1549826 ], [ -1.9259844, 12.1571541 ], [ -1.9229885, 12.1583462 ], [ -1.9082944, 12.1588488 ], [ -1.8906963, 12.1579542 ], [ -1.8785329, 12.1587467 ], [ -1.8579395, 12.1588602 ], [ -1.8440886, 12.1578875 ], [ -1.8351961, 12.1578588 ], [ -1.8293918, 12.1592102 ], [ -1.8291327, 12.1822195 ], [ -1.8284609, 12.1896667 ], [ -1.8292594, 12.2029133 ], [ -1.8279301, 12.21138 ], [ -1.8240618, 12.2191849 ], [ -1.8203973, 12.2241383 ], [ -1.8172113, 12.226614 ], [ -1.812987, 12.2285233 ], [ -1.8030616, 12.2307882 ], [ -1.795279, 12.2337046 ], [ -1.7916239, 12.2359877 ], [ -1.7887915, 12.242239 ], [ -1.7880071, 12.2546549 ], [ -1.789742, 12.268096 ], [ -1.7883996, 12.2771053 ], [ -1.7878098, 12.2867613 ], [ -1.7878891, 12.2924738 ], [ -1.7890853, 12.2975302 ], [ -1.7890729, 12.3007526 ], [ -1.7919235, 12.3043137 ], [ -1.7996372, 12.3079681 ], [ -1.8100189, 12.3100328 ], [ -1.81788, 12.3137426 ], [ -1.8201131, 12.3176174 ], [ -1.8201016, 12.3206501 ], [ -1.818128, 12.3237734 ], [ -1.8146555, 12.3261576 ], [ -1.7982539, 12.3300495 ], [ -1.7913153, 12.3330593 ], [ -1.7887837, 12.3350668 ], [ -1.7889496, 12.3397655 ], [ -1.7920326, 12.3429022 ], [ -1.8002365, 12.3535118 ], [ -1.8033148, 12.3579426 ], [ -1.8101294, 12.3658848 ], [ -1.8159226, 12.371151 ], [ -1.8619299, 12.3640451 ], [ -1.8900397, 12.3609314 ], [ -1.9239651, 12.3542347 ], [ -1.9452304, 12.350626 ], [ -1.9508522, 12.3499966 ], [ -1.9554477, 12.3476238 ], [ -1.9611765, 12.3423052 ], [ -1.9675745, 12.3322001 ], [ -1.972837, 12.3255939 ], [ -1.9834394, 12.3168173 ], [ -1.9827456, 12.3148232 ], [ -1.985742, 12.3110323 ], [ -1.990689, 12.3078642 ], [ -1.9943904, 12.3083315 ], [ -1.9973214, 12.3077354 ], [ -2.0029852, 12.3080463 ], [ -2.0029874, 12.3104086 ], [ -2.0102425, 12.3084259 ], [ -2.0139112, 12.3044834 ], [ -2.0141475, 12.3025198 ], [ -2.0121582, 12.2993898 ], [ -2.0118079, 12.2963734 ], [ -2.0182898, 12.2972126 ], [ -2.0254762, 12.2965412 ], [ -2.030302, 12.2967939 ], [ -2.0372503, 12.2987833 ], [ -2.0425441, 12.2996168 ], [ -2.0498533, 12.297905 ], [ -2.0585625, 12.2994385 ], [ -2.0635092, 12.3025875 ], [ -2.0700858, 12.3092098 ], [ -2.0734155, 12.3109684 ], [ -2.0762823, 12.3135319 ], [ -2.0822659, 12.3149729 ], [ -2.0860913, 12.3274517 ], [ -2.0845568, 12.3293839 ], [ -2.0755141, 12.3379889 ], [ -2.0646224, 12.3487148 ], [ -2.0542815, 12.3598042 ], [ -2.0452466, 12.3682184 ], [ -2.0393913, 12.3761635 ], [ -2.0391512, 12.3826084 ], [ -2.0392971, 12.39254 ], [ -2.0378189, 12.4126129 ], [ -2.0368133, 12.4161129 ], [ -2.0332801, 12.4205446 ], [ -2.0251741, 12.4285898 ], [ -2.0103545, 12.4440241 ], [ -2.009069, 12.4485369 ], [ -2.0100503, 12.4560814 ], [ -2.0095184, 12.4612303 ], [ -2.0077636, 12.4653788 ], [ -2.0031104, 12.470892 ], [ -1.9975793, 12.4712334 ], [ -1.9927924, 12.4723196 ], [ -1.988395, 12.4725838 ], [ -1.9773272, 12.4749403 ], [ -1.9630719, 12.4795923 ], [ -1.9549221, 12.4802036 ], [ -1.9494861, 12.4795485 ], [ -1.9371177, 12.4793177 ], [ -1.9264272, 12.4816742 ], [ -1.9224006, 12.4812956 ], [ -1.9140654, 12.4795141 ], [ -1.901057, 12.4725723 ], [ -1.8959181, 12.4687853 ], [ -1.885546, 12.4594545 ], [ -1.8791931, 12.4525299 ], [ -1.8728327, 12.447814 ], [ -1.8681529, 12.4473419 ], [ -1.8622431, 12.4480505 ], [ -1.8567079, 12.4495926 ], [ -1.8489263, 12.4530621 ], [ -1.8417002, 12.455801 ], [ -1.8313783, 12.4607258 ], [ -1.8191775, 12.4676781 ], [ -1.8139244, 12.4700441 ], [ -1.8039683, 12.4778299 ], [ -1.796735, 12.4821234 ], [ -1.7900683, 12.4876242 ], [ -1.7877221, 12.4888992 ], [ -1.7907929, 12.4955387 ], [ -1.7935851, 12.5004215 ], [ -1.7959131, 12.506135 ], [ -1.7999092, 12.5143452 ], [ -1.8148141, 12.5431967 ], [ -1.8178751, 12.5526791 ], [ -1.8211113, 12.567049 ], [ -1.8225996, 12.5708218 ], [ -1.824749, 12.5729494 ], [ -1.8310062, 12.581069 ], [ -1.834457, 12.5877104 ], [ -1.838993, 12.604929 ], [ -1.8422576, 12.6097231 ], [ -1.8446919, 12.6122227 ], [ -1.8501273, 12.6136227 ], [ -1.8577189, 12.6130037 ], [ -1.8636295, 12.6131201 ], [ -1.8782243, 12.6215467 ], [ -1.883932, 12.626812 ], [ -1.8887047, 12.6305981 ], [ -1.8947926, 12.632823 ], [ -1.905371, 12.6379271 ], [ -1.9195124, 12.6422949 ], [ -1.9281299, 12.6466484 ], [ -1.9321558, 12.6479502 ], [ -1.9414304, 12.651762 ], [ -1.9415085, 12.655899 ], [ -1.9397265, 12.6592054 ], [ -1.9321927, 12.6693945 ], [ -1.9280567, 12.673152 ], [ -1.9255151, 12.6772785 ], [ -1.9269036, 12.6811495 ], [ -1.9302841, 12.682539 ], [ -1.9347653, 12.6857443 ], [ -1.9356996, 12.6876583 ], [ -1.9389383, 12.6900969 ], [ -1.9467607, 12.6928082 ], [ -1.9551207, 12.6865864 ] ] ] ] } },
{ "type": "Feature", "properties": { "region": "Centre-sud", "id_adm": 7.0 }, "geometry": { "type": "MultiPolygon", "coordinates": [ [ [ [ -2.0421841, 11.9936409 ], [ -2.0371165, 11.9929352 ], [ -2.0321276, 11.9905643 ], [ -2.0266581, 11.9857016 ], [ -2.0230632, 11.9816608 ], [ -2.0219233, 11.9781618 ], [ -2.0170996, 11.9728403 ], [ -2.0134258, 11.9707356 ], [ -2.0027065, 11.9684429 ], [ -2.0014296, 11.96451 ], [ -1.9970801, 11.9607821 ], [ -1.9917245, 11.9582548 ], [ -1.9889802, 11.9561625 ], [ -1.9878213, 11.9530449 ], [ -1.9874924, 11.9491873 ], [ -1.9846351, 11.9449759 ], [ -1.9837687, 11.9425011 ], [ -1.984256, 11.936429 ], [ -1.9827822, 11.9310188 ], [ -1.978995, 11.9271851 ], [ -1.9735323, 11.9238329 ], [ -1.9684675, 11.9227734 ], [ -1.9536794, 11.9220753 ], [ -1.9378483, 11.9284601 ], [ -1.9350713, 11.9310656 ], [ -1.9353774, 11.933176 ], [ -1.9341075, 11.9362221 ], [ -1.9310309, 11.937623 ], [ -1.9248788, 11.9314251 ], [ -1.9205536, 11.9292536 ], [ -1.9114738, 11.9212427 ], [ -1.8997122, 11.9149952 ], [ -1.8938082, 11.914773 ], [ -1.8893352, 11.9157238 ], [ -1.877068, 11.9231882 ], [ -1.8685882, 11.933835 ], [ -1.8665917, 11.9393673 ], [ -1.8636438, 11.943347 ], [ -1.8503889, 11.9460354 ], [ -1.8473355, 11.9485397 ], [ -1.8463963, 11.9566374 ], [ -1.8450114, 11.9581251 ], [ -1.8399611, 11.958168 ], [ -1.8367562, 11.956624 ], [ -1.8302082, 11.9562254 ], [ -1.8275018, 11.9567938 ], [ -1.8231529, 11.9613371 ], [ -1.8197936, 11.9618206 ], [ -1.8127382, 11.9593019 ], [ -1.8057013, 11.9617701 ], [ -1.802227, 11.9609947 ], [ -1.8010535, 11.9574499 ], [ -1.7954038, 11.9529533 ], [ -1.7910382, 11.9520025 ], [ -1.7878129, 11.9486208 ], [ -1.7842741, 11.9479628 ], [ -1.7838062, 11.9451723 ], [ -1.7877624, 11.9449005 ], [ -1.7876503, 11.942872 ], [ -1.7845992, 11.9397173 ], [ -1.7841302, 11.9372168 ], [ -1.7875106, 11.9334574 ], [ -1.7878134, 11.9311953 ], [ -1.7859368, 11.9288063 ], [ -1.7870138, 11.9236422 ], [ -1.7820226, 11.9179268 ], [ -1.778313, 11.9162903 ], [ -1.7750279, 11.9094229 ], [ -1.77074, 11.9051046 ], [ -1.7637311, 11.9005384 ], [ -1.7535009, 11.891902 ], [ -1.7465549, 11.8879156 ], [ -1.7416041, 11.8863907 ], [ -1.7358117, 11.8884554 ], [ -1.7332249, 11.8868141 ], [ -1.7309999, 11.8819885 ], [ -1.7281809, 11.8785992 ], [ -1.7258338, 11.8744698 ], [ -1.7257326, 11.8721428 ], [ -1.7240862, 11.8699265 ], [ -1.7203175, 11.867239 ], [ -1.7171373, 11.8668804 ], [ -1.7149019, 11.8647795 ], [ -1.7101947, 11.8623133 ], [ -1.7082018, 11.8594074 ], [ -1.7044287, 11.8578787 ], [ -1.7013531, 11.8590231 ], [ -1.6998245, 11.8572779 ], [ -1.7013735, 11.8539085 ], [ -1.6986721, 11.8511715 ], [ -1.6956249, 11.8452282 ], [ -1.6973088, 11.8380394 ], [ -1.69661, 11.8357735 ], [ -1.6936728, 11.8322744 ], [ -1.6919221, 11.8286638 ], [ -1.6887313, 11.8287668 ], [ -1.6828547, 11.8246746 ], [ -1.6795479, 11.8239622 ], [ -1.6769139, 11.8205738 ], [ -1.6737928, 11.8193998 ], [ -1.6693056, 11.8196144 ], [ -1.6656576, 11.816927 ], [ -1.6662527, 11.8153 ], [ -1.6613129, 11.8115568 ], [ -1.6596843, 11.8074846 ], [ -1.6556818, 11.8038721 ], [ -1.6558111, 11.8015461 ], [ -1.6524584, 11.7986784 ], [ -1.6499491, 11.7941952 ], [ -1.6526729, 11.7913113 ], [ -1.6549172, 11.7909689 ], [ -1.6536714, 11.7855139 ], [ -1.6493102, 11.7842436 ], [ -1.6471436, 11.7814093 ], [ -1.6443973, 11.78088 ], [ -1.6402315, 11.7813034 ], [ -1.6365116, 11.7827969 ], [ -1.6316634, 11.7837334 ], [ -1.6272835, 11.7869616 ], [ -1.6216775, 11.7887897 ], [ -1.619432, 11.78724 ], [ -1.6193591, 11.7827864 ], [ -1.6173476, 11.7802782 ], [ -1.6101319, 11.7802973 ], [ -1.608376, 11.7781973 ], [ -1.6048433, 11.7767859 ], [ -1.6016643, 11.7743349 ], [ -1.6006204, 11.771307 ], [ -1.5975691, 11.7670012 ], [ -1.5971094, 11.7649078 ], [ -1.5876306, 11.7612581 ], [ -1.58056, 11.7597656 ], [ -1.5679635, 11.7545967 ], [ -1.5630208, 11.7520733 ], [ -1.5597259, 11.7489786 ], [ -1.5586245, 11.7465925 ], [ -1.5618126, 11.7447529 ], [ -1.5626696, 11.7380781 ], [ -1.5620931, 11.7354584 ], [ -1.5571619, 11.7304373 ], [ -1.5550573, 11.7263622 ], [ -1.5530586, 11.7253113 ], [ -1.5496272, 11.726099 ], [ -1.5436045, 11.7288561 ], [ -1.5420798, 11.7266493 ], [ -1.538425, 11.7260418 ], [ -1.5396239, 11.7230883 ], [ -1.537931, 11.7194767 ], [ -1.5378842, 11.7155933 ], [ -1.5357773, 11.7120981 ], [ -1.5315462, 11.7089348 ], [ -1.5286995, 11.7125225 ], [ -1.5252768, 11.7134371 ], [ -1.5210406, 11.7114334 ], [ -1.5160924, 11.7103662 ], [ -1.5120127, 11.7122641 ], [ -1.5057012, 11.7139139 ], [ -1.5033498, 11.7116928 ], [ -1.5003947, 11.7128363 ], [ -1.4962919, 11.707881 ], [ -1.4955982, 11.7049179 ], [ -1.4976275, 11.6993532 ], [ -1.4952899, 11.6961994 ], [ -1.4933275, 11.6874819 ], [ -1.4909893, 11.6825371 ], [ -1.4894584, 11.6817684 ], [ -1.4857961, 11.6829166 ], [ -1.4830753, 11.6851015 ], [ -1.4765232, 11.6872206 ], [ -1.4712241, 11.6866674 ], [ -1.4670237, 11.6888533 ], [ -1.4651263, 11.6917477 ], [ -1.4633552, 11.691268 ], [ -1.4600794, 11.6864891 ], [ -1.4612918, 11.6789474 ], [ -1.4608359, 11.6762743 ], [ -1.4564286, 11.6737528 ], [ -1.4547249, 11.6707659 ], [ -1.4548711, 11.6652088 ], [ -1.4538153, 11.6593103 ], [ -1.454352, 11.6566162 ], [ -1.4568459, 11.6519146 ], [ -1.4563987, 11.6436386 ], [ -1.4515345, 11.6407251 ], [ -1.4463724, 11.6405344 ], [ -1.4434931, 11.641324 ], [ -1.4383322, 11.6390152 ], [ -1.439495, 11.6341524 ], [ -1.4385021, 11.6324091 ], [ -1.4327439, 11.6320601 ], [ -1.4265255, 11.633791 ], [ -1.4238054, 11.632102 ], [ -1.4227688, 11.6299238 ], [ -1.4248055, 11.6267128 ], [ -1.4255449, 11.6220369 ], [ -1.4240533, 11.6208706 ], [ -1.4196008, 11.6203032 ], [ -1.4175683, 11.6170511 ], [ -1.4104795, 11.6146498 ], [ -1.4049094, 11.6153879 ], [ -1.3989104, 11.6155262 ], [ -1.3955979, 11.6148024 ], [ -1.3951508, 11.6123915 ], [ -1.3965676, 11.6100922 ], [ -1.3957229, 11.6026649 ], [ -1.3937322, 11.5984907 ], [ -1.3937815, 11.5959568 ], [ -1.3895587, 11.5973358 ], [ -1.3824836, 11.6014957 ], [ -1.379063, 11.6004171 ], [ -1.3759722, 11.6013317 ], [ -1.3718133, 11.6009197 ], [ -1.3674835, 11.6016369 ], [ -1.363454, 11.6010981 ], [ -1.3574063, 11.6018686 ], [ -1.3545369, 11.6007843 ], [ -1.3531899, 11.5965767 ], [ -1.3507881, 11.5938931 ], [ -1.3470445, 11.5913734 ], [ -1.343392, 11.5872345 ], [ -1.3388197, 11.5833797 ], [ -1.3371841, 11.5799942 ], [ -1.3359187, 11.5743027 ], [ -1.337345, 11.5719852 ], [ -1.3343638, 11.5677319 ], [ -1.3317719, 11.5663776 ], [ -1.3269213, 11.5596151 ], [ -1.3263481, 11.5568247 ], [ -1.3223556, 11.5528555 ], [ -1.3163725, 11.548521 ], [ -1.3127177, 11.5485001 ], [ -1.3104908, 11.5458708 ], [ -1.3258604, 11.5287828 ], [ -1.3318875, 11.5246086 ], [ -1.3356199, 11.5237522 ], [ -1.3403858, 11.5237255 ], [ -1.3454517, 11.5260811 ], [ -1.3502212, 11.5271492 ], [ -1.3543283, 11.5266657 ], [ -1.3572841, 11.523243 ], [ -1.3600056, 11.5153217 ], [ -1.3649875, 11.5088511 ], [ -1.3685018, 11.5056944 ], [ -1.3730717, 11.4952755 ], [ -1.381037, 11.4887848 ], [ -1.3851779, 11.483242 ], [ -1.3883479, 11.4827614 ], [ -1.3921895, 11.4838333 ], [ -1.3971084, 11.4805841 ], [ -1.3998584, 11.4758739 ], [ -1.4040148, 11.4707928 ], [ -1.4080029, 11.4681892 ], [ -1.4142368, 11.4663048 ], [ -1.4269288, 11.4654779 ], [ -1.4356699, 11.461462 ], [ -1.4429939, 11.4561701 ], [ -1.4494917, 11.4527292 ], [ -1.4583228, 11.4489841 ], [ -1.4660211, 11.443965 ], [ -1.471916, 11.435832 ], [ -1.4776824, 11.4335814 ], [ -1.4828936, 11.4322596 ], [ -1.4881911, 11.4301062 ], [ -1.4924626, 11.427494 ], [ -1.4975514, 11.4227686 ], [ -1.5005646, 11.4162216 ], [ -1.5052373, 11.408 ], [ -1.5091609, 11.3989592 ], [ -1.5145046, 11.3924875 ], [ -1.5187802, 11.3907986 ], [ -1.5234457, 11.3902159 ], [ -1.5423524, 11.3906555 ], [ -1.5468426, 11.3923979 ], [ -1.5534134, 11.4033289 ], [ -1.5643239, 11.3999519 ], [ -1.5733634, 11.3940134 ], [ -1.5764427, 11.3886881 ], [ -1.5796025, 11.3860245 ], [ -1.5827043, 11.3796577 ], [ -1.5876389, 11.3608627 ], [ -1.5902675, 11.3533897 ], [ -1.5945019, 11.3482056 ], [ -1.5980586, 11.3426285 ], [ -1.6015505, 11.3349142 ], [ -1.6025709, 11.325614 ], [ -1.5977145, 11.3082743 ], [ -1.5970029, 11.3028584 ], [ -1.5971938, 11.2943954 ], [ -1.599195, 11.2897797 ], [ -1.6046466, 11.2850437 ], [ -1.6147695, 11.2800951 ], [ -1.6182866, 11.2771244 ], [ -1.6223272, 11.2717581 ], [ -1.6251184, 11.2530689 ], [ -1.6250162, 11.2442427 ], [ -1.625358, 11.2413931 ], [ -1.6238686, 11.2330313 ], [ -1.6218737, 11.2294645 ], [ -1.6219175, 11.2254181 ], [ -1.6249245, 11.2190504 ], [ -1.6284285, 11.2146044 ], [ -1.6371897, 11.2052488 ], [ -1.6439099, 11.1969242 ], [ -1.6512796, 11.1889563 ], [ -1.6576321, 11.1806297 ], [ -1.66192, 11.1724119 ], [ -1.6629548, 11.1680803 ], [ -1.6642436, 11.1668825 ], [ -1.6624284, 11.164258 ], [ -1.6585402, 11.1640139 ], [ -1.6536033, 11.1622448 ], [ -1.6480724, 11.1622829 ], [ -1.6450672, 11.1637716 ], [ -1.6381204, 11.1646719 ], [ -1.6368468, 11.1596699 ], [ -1.6393296, 11.1557341 ], [ -1.6394593, 11.1530647 ], [ -1.6326398, 11.1519833 ], [ -1.6298218, 11.1502323 ], [ -1.6267612, 11.1495209 ], [ -1.6207783, 11.1456547 ], [ -1.6126915, 11.1427746 ], [ -1.6092123, 11.1390114 ], [ -1.6103208, 11.1347713 ], [ -1.6096638, 11.1293459 ], [ -1.6079142, 11.1265678 ], [ -1.6045563, 11.1246414 ], [ -1.6005069, 11.1236267 ], [ -1.5994483, 11.1223278 ], [ -1.5938027, 11.1214867 ], [ -1.592617, 11.1243868 ], [ -1.5902477, 11.1273985 ], [ -1.5874175, 11.1287794 ], [ -1.5841286, 11.1279488 ], [ -1.5798913, 11.128046 ], [ -1.577172, 11.1314001 ], [ -1.5748147, 11.1315069 ], [ -1.5732441, 11.1298523 ], [ -1.5695304, 11.129735 ], [ -1.5650702, 11.1261196 ], [ -1.5648453, 11.12286 ], [ -1.5699177, 11.1203861 ], [ -1.5697104, 11.115098 ], [ -1.5704401, 11.109417 ], [ -1.5676808, 11.1069603 ], [ -1.5657353, 11.1073036 ], [ -1.5626287, 11.1046181 ], [ -1.5592788, 11.105299 ], [ -1.5525377, 11.1121187 ], [ -1.5476651, 11.1107016 ], [ -1.5417379, 11.1049786 ], [ -1.5413969, 11.1032391 ], [ -1.5459392, 11.1002922 ], [ -1.5469463, 11.0984955 ], [ -1.5452034, 11.094305 ], [ -1.5412086, 11.0913887 ], [ -1.5369779, 11.0900831 ], [ -1.5335102, 11.0904732 ], [ -1.528864, 11.089817 ], [ -1.5242642, 11.0911884 ], [ -1.5197798, 11.095583 ], [ -1.512179, 11.0975275 ], [ -1.5084139, 11.0966854 ], [ -1.506605, 11.0951643 ], [ -1.5029769, 11.0902672 ], [ -1.4992129, 11.0892076 ], [ -1.4974413, 11.0917511 ], [ -1.4909596, 11.0935745 ], [ -1.4881289, 11.0950718 ], [ -1.4776633, 11.0937424 ], [ -1.4759014, 11.0919952 ], [ -1.4761491, 11.0899057 ], [ -1.4784091, 11.0848026 ], [ -1.4801767, 11.0831823 ], [ -1.484184, 11.0830851 ], [ -1.4863118, 11.0808964 ], [ -1.4853879, 11.0762396 ], [ -1.4777099, 11.0688229 ], [ -1.4753051, 11.0673628 ], [ -1.4709713, 11.0625792 ], [ -1.467214, 11.0622072 ], [ -1.4665275, 11.0578499 ], [ -1.4650618, 11.0555248 ], [ -1.4615444, 11.0527735 ], [ -1.4564508, 11.0478687 ], [ -1.4518696, 11.0472651 ], [ -1.446942, 11.0442171 ], [ -1.444366, 11.0401392 ], [ -1.4413174, 11.0391998 ], [ -1.4357175, 11.0409088 ], [ -1.431941, 11.0447817 ], [ -1.4313792, 11.0513411 ], [ -1.4265362, 11.05585 ], [ -1.4238338, 11.0553656 ], [ -1.4199436, 11.0560417 ], [ -1.4194351, 11.0509882 ], [ -1.4224457, 11.0502529 ], [ -1.423165, 11.0473509 ], [ -1.4208276, 11.0432749 ], [ -1.4214433, 11.0370054 ], [ -1.4249732, 11.0369062 ], [ -1.4296861, 11.0347223 ], [ -1.4329996, 11.0318346 ], [ -1.4322419, 11.0270476 ], [ -1.4297926, 11.0254908 ], [ -1.4276667, 11.0213717 ], [ -1.426415, 11.0213716 ], [ -1.4246327, 11.019519 ], [ -1.4239197, 11.0165386 ], [ -1.4009797, 10.9964227 ], [ -1.3898943, 10.9865249 ], [ -1.3869552, 10.9864775 ], [ -1.3214308, 10.9900764 ], [ -1.3172965, 10.9899277 ], [ -1.3018894, 10.990701 ], [ -1.231963, 10.9885595 ], [ -1.2076033, 10.9885 ], [ -1.1817463, 10.9882739 ], [ -1.1644756, 10.9882026 ], [ -1.1539343, 10.9876866 ], [ -1.1146556, 10.9858231 ], [ -1.1149421, 11.0038206 ], [ -1.1090879, 11.0040964 ], [ -1.092552, 11.0042037 ], [ -1.0832036, 11.0047401 ], [ -1.0682748, 11.0048993 ], [ -1.0575641, 11.0053597 ], [ -1.0277458, 11.0074762 ], [ -1.0081747, 11.0084875 ], [ -0.9997276, 11.0081603 ], [ -0.9997871, 10.9979584 ], [ -0.9763197, 10.9984343 ], [ -0.9545774, 11.0023306 ], [ -0.939795, 11.002747 ], [ -0.9163275, 11.0024199 ], [ -0.9167142, 10.9802909 ], [ -0.9111418, 10.9803197 ], [ -0.888815, 10.9803622 ], [ -0.8882205, 10.9766144 ], [ -0.8890039, 10.9746816 ], [ -0.8876886, 10.971196 ], [ -0.8887911, 10.9678283 ], [ -0.8885944, 10.9649364 ], [ -0.8918709, 10.9645938 ], [ -0.8933657, 10.9624111 ], [ -0.8700119, 10.9666022 ], [ -0.8693718, 10.9706212 ], [ -0.8628632, 10.984314 ], [ -0.8550743, 10.9980424 ], [ -0.8438469, 10.9981914 ], [ -0.8284436, 10.9980496 ], [ -0.8273269, 11.0064868 ], [ -0.8151496, 11.0057955 ], [ -0.8075632, 11.005831 ], [ -0.8075986, 10.9978369 ], [ -0.796538, 10.9975178 ], [ -0.7799649, 10.9975178 ], [ -0.7535542, 10.9971279 ], [ -0.7168636, 10.9970307 ], [ -0.6842015, 10.9973617 ], [ -0.6850821, 10.9964343 ], [ -0.6795303, 10.9999762 ], [ -0.6789315, 11.0030212 ], [ -0.6843423, 11.0075045 ], [ -0.6870408, 11.0107288 ], [ -0.6919397, 11.0073004 ], [ -0.692721, 11.0030451 ], [ -0.6972433, 10.9997225 ], [ -0.7000936, 10.999609 ], [ -0.703874, 11.0040712 ], [ -0.7046442, 11.010519 ], [ -0.7058579, 11.012537 ], [ -0.7043354, 11.0153484 ], [ -0.7027007, 11.0158691 ], [ -0.6981606, 11.0255795 ], [ -0.6990902, 11.0276041 ], [ -0.6971574, 11.0314074 ], [ -0.6968623, 11.0355673 ], [ -0.694693, 11.0416946 ], [ -0.6929867, 11.0445309 ], [ -0.6889071, 11.0447712 ], [ -0.6874344, 11.0418015 ], [ -0.6855285, 11.0417871 ], [ -0.6838812, 11.044054 ], [ -0.6821135, 11.0439138 ], [ -0.6803982, 11.0467329 ], [ -0.6815175, 11.0516901 ], [ -0.6804683, 11.056179 ], [ -0.6813292, 11.0588093 ], [ -0.6855565, 11.0623255 ], [ -0.6858824, 11.0641737 ], [ -0.6904241, 11.0685787 ], [ -0.692437, 11.0858116 ], [ -0.695538, 11.0918159 ], [ -0.7023269, 11.0947819 ], [ -0.7071285, 11.0988359 ], [ -0.7098956, 11.1041594 ], [ -0.7138649, 11.1040812 ], [ -0.7161807, 11.1019363 ], [ -0.7199043, 11.1042175 ], [ -0.724531, 11.1045237 ], [ -0.7264459, 11.1033258 ], [ -0.7336434, 11.1043215 ], [ -0.7355632, 11.1063538 ], [ -0.7368677, 11.1111956 ], [ -0.7400396, 11.1137705 ], [ -0.741467, 11.1167679 ], [ -0.7380286, 11.1182165 ], [ -0.7338833, 11.122447 ], [ -0.7326109, 11.1248074 ], [ -0.7329548, 11.1280584 ], [ -0.728801, 11.1321526 ], [ -0.7291341, 11.1369324 ], [ -0.7258324, 11.1384544 ], [ -0.724498, 11.1430855 ], [ -0.7219344, 11.1439352 ], [ -0.7216494, 11.1466475 ], [ -0.7231503, 11.1483049 ], [ -0.7271138, 11.1491585 ], [ -0.7279884, 11.1512289 ], [ -0.7254564, 11.1540957 ], [ -0.7265979, 11.1560135 ], [ -0.7315879, 11.1582136 ], [ -0.7369055, 11.1594934 ], [ -0.7430204, 11.1568708 ], [ -0.7488003, 11.1562634 ], [ -0.7536882, 11.1573772 ], [ -0.7565231, 11.161027 ], [ -0.7570472, 11.1634464 ], [ -0.7601583, 11.1669626 ], [ -0.759728, 11.1695108 ], [ -0.7572429, 11.1748571 ], [ -0.7564207, 11.1797009 ], [ -0.7576804, 11.1818094 ], [ -0.7570705, 11.183814 ], [ -0.759701, 11.1852627 ], [ -0.7596817, 11.1880407 ], [ -0.761463, 11.1889858 ], [ -0.7611894, 11.1914177 ], [ -0.7630537, 11.1936216 ], [ -0.7639537, 11.1986866 ], [ -0.7616231, 11.2028761 ], [ -0.7636408, 11.2067642 ], [ -0.7591984, 11.2139692 ], [ -0.756287, 11.2172585 ], [ -0.7522704, 11.2199059 ], [ -0.7417181, 11.2235174 ], [ -0.7396603, 11.2253475 ], [ -0.7368345, 11.2307549 ], [ -0.736071, 11.2349739 ], [ -0.7342785, 11.2394753 ], [ -0.7300702, 11.241931 ], [ -0.7259372, 11.246686 ], [ -0.7249037, 11.2501707 ], [ -0.7270005, 11.2596502 ], [ -0.7297595, 11.2662859 ], [ -0.7343903, 11.2728357 ], [ -0.7384806, 11.2754374 ], [ -0.7441381, 11.2808008 ], [ -0.7459942, 11.2842169 ], [ -0.7462544, 11.287612 ], [ -0.7453046, 11.2909155 ], [ -0.7403747, 11.2980261 ], [ -0.7361132, 11.3001013 ], [ -0.7332427, 11.3051825 ], [ -0.7289435, 11.3086596 ], [ -0.7237859, 11.3103209 ], [ -0.7156433, 11.311244 ], [ -0.7063253, 11.3098145 ], [ -0.6997947, 11.3110571 ], [ -0.6924862, 11.3183641 ], [ -0.6903126, 11.3246088 ], [ -0.6870072, 11.3325806 ], [ -0.6866053, 11.3373632 ], [ -0.6883348, 11.3454571 ], [ -0.6877552, 11.3506994 ], [ -0.6860569, 11.3533554 ], [ -0.6804289, 11.3602142 ], [ -0.6721889, 11.3666897 ], [ -0.6676986, 11.3684998 ], [ -0.654827, 11.3697996 ], [ -0.6450806, 11.3776464 ], [ -0.6410698, 11.3790894 ], [ -0.6383449, 11.3815546 ], [ -0.6356989, 11.3881559 ], [ -0.6359612, 11.392293 ], [ -0.63789, 11.3980989 ], [ -0.6376659, 11.4047108 ], [ -0.6354902, 11.4109449 ], [ -0.6321107, 11.4137764 ], [ -0.627817, 11.4149447 ], [ -0.6242741, 11.4151058 ], [ -0.6150595, 11.4118547 ], [ -0.6100056, 11.4068556 ], [ -0.6080066, 11.4067039 ], [ -0.6067914, 11.4036446 ], [ -0.6039067, 11.4005451 ], [ -0.6028501, 11.3971529 ], [ -0.5960343, 11.3934507 ], [ -0.5946477, 11.3912325 ], [ -0.5841293, 11.3870926 ], [ -0.5770466, 11.3859482 ], [ -0.5691184, 11.3873663 ], [ -0.5624649, 11.3923769 ], [ -0.5599196, 11.397603 ], [ -0.5603667, 11.4002657 ], [ -0.5627899, 11.4012995 ], [ -0.571576, 11.3981342 ], [ -0.5749372, 11.3977003 ], [ -0.5773527, 11.3985434 ], [ -0.5787364, 11.401125 ], [ -0.5794272, 11.4114256 ], [ -0.581537, 11.4174137 ], [ -0.586524, 11.4262667 ], [ -0.5891231, 11.4295006 ], [ -0.5937614, 11.4336643 ], [ -0.5955058, 11.4394684 ], [ -0.5904251, 11.4462385 ], [ -0.5814503, 11.4545965 ], [ -0.5795156, 11.4579363 ], [ -0.57268, 11.4613714 ], [ -0.5695553, 11.4608021 ], [ -0.565596, 11.4625158 ], [ -0.5637001, 11.4655666 ], [ -0.5623453, 11.4709921 ], [ -0.5607105, 11.4723263 ], [ -0.5581182, 11.4787273 ], [ -0.5593445, 11.4838133 ], [ -0.5627084, 11.4831724 ], [ -0.5662453, 11.4815283 ], [ -0.5709167, 11.4826622 ], [ -0.5736765, 11.4853268 ], [ -0.5833667, 11.491333 ], [ -0.5874147, 11.4924078 ], [ -0.592963, 11.4929419 ], [ -0.5930098, 11.4975567 ], [ -0.5959832, 11.5011272 ], [ -0.6001425, 11.5008993 ], [ -0.6027875, 11.5030479 ], [ -0.6097337, 11.5044346 ], [ -0.6131753, 11.5068426 ], [ -0.616257, 11.5071125 ], [ -0.6189082, 11.5084734 ], [ -0.6220229, 11.5116377 ], [ -0.6260766, 11.5168371 ], [ -0.630544, 11.5183754 ], [ -0.6358166, 11.519043 ], [ -0.6431789, 11.5237446 ], [ -0.6475645, 11.5252008 ], [ -0.6509529, 11.5298605 ], [ -0.6536289, 11.5388927 ], [ -0.657717, 11.5457392 ], [ -0.6642077, 11.552948 ], [ -0.6757199, 11.5638704 ], [ -0.6908879, 11.5734291 ], [ -0.6931155, 11.5751028 ], [ -0.6975895, 11.5759525 ], [ -0.6999744, 11.5737648 ], [ -0.7036636, 11.5677862 ], [ -0.7110261, 11.5591593 ], [ -0.7121553, 11.5541916 ], [ -0.7139714, 11.5494289 ], [ -0.7197049, 11.5412502 ], [ -0.7214279, 11.5416346 ], [ -0.7237028, 11.5443668 ], [ -0.7275386, 11.5445604 ], [ -0.7325683, 11.5434418 ], [ -0.7377868, 11.545392 ], [ -0.7378166, 11.5475998 ], [ -0.7441785, 11.5539103 ], [ -0.7485666, 11.5589848 ], [ -0.7603918, 11.5665407 ], [ -0.7633851, 11.5677767 ], [ -0.7659585, 11.5699415 ], [ -0.7690347, 11.5711412 ], [ -0.7725933, 11.5755024 ], [ -0.7726808, 11.5824795 ], [ -0.7716599, 11.583992 ], [ -0.7754288, 11.5884809 ], [ -0.7829136, 11.5895433 ], [ -0.7856131, 11.5933828 ], [ -0.7875914, 11.5928011 ], [ -0.7900237, 11.5955067 ], [ -0.7938585, 11.5933914 ], [ -0.7990245, 11.5951777 ], [ -0.8023074, 11.5931854 ], [ -0.8029652, 11.5949545 ], [ -0.8064992, 11.5964022 ], [ -0.8080667, 11.6019783 ], [ -0.8105637, 11.6007671 ], [ -0.8132717, 11.6034746 ], [ -0.8219428, 11.6095943 ], [ -0.838854, 11.6258736 ], [ -0.8446133, 11.6309567 ], [ -0.8501874, 11.6376133 ], [ -0.8752037, 11.6590729 ], [ -0.8909953, 11.6760836 ], [ -0.8986133, 11.6850348 ], [ -0.9027039, 11.6886473 ], [ -0.9016284, 11.698204 ], [ -0.9007068, 11.7174978 ], [ -0.9004667, 11.7284355 ], [ -0.8994721, 11.742219 ], [ -0.8987291, 11.7607899 ], [ -0.8989689, 11.7686911 ], [ -0.8981817, 11.777607 ], [ -0.8963007, 11.779891 ], [ -0.8900357, 11.7809668 ], [ -0.8871414, 11.7809448 ], [ -0.8766842, 11.7796907 ], [ -0.8721948, 11.7817831 ], [ -0.8660116, 11.7856092 ], [ -0.8582566, 11.7855597 ], [ -0.8535747, 11.7875595 ], [ -0.8490753, 11.7910271 ], [ -0.8445713, 11.796422 ], [ -0.8374097, 11.8085194 ], [ -0.8300676, 11.8187685 ], [ -0.8269582, 11.8243637 ], [ -0.8251523, 11.8314247 ], [ -0.8227975, 11.8355513 ], [ -0.8218271, 11.8414249 ], [ -0.8222826, 11.844532 ], [ -0.8241569, 11.8484459 ], [ -0.8259197, 11.8486862 ], [ -0.8334983, 11.8530598 ], [ -0.8336155, 11.8572235 ], [ -0.8315287, 11.8598585 ], [ -0.8286889, 11.8611031 ], [ -0.8285125, 11.8638973 ], [ -0.8253753, 11.8719807 ], [ -0.8262911, 11.8737249 ], [ -0.8280268, 11.8777552 ], [ -0.8348488, 11.8800793 ], [ -0.8406275, 11.8843308 ], [ -0.8461586, 11.8846722 ], [ -0.8514879, 11.8810844 ], [ -0.8521167, 11.8792706 ], [ -0.8552066, 11.8777742 ], [ -0.8632818, 11.8758001 ], [ -0.8657253, 11.8786144 ], [ -0.8708565, 11.8809252 ], [ -0.8728163, 11.8793564 ], [ -0.878791, 11.8819714 ], [ -0.8858096, 11.8891449 ], [ -0.8914751, 11.8926716 ], [ -0.8936545, 11.8965063 ], [ -0.8939581, 11.8977938 ], [ -0.8898452, 11.9035988 ], [ -0.8896323, 11.9116955 ], [ -0.8891509, 11.9147949 ], [ -0.8902613, 11.9163961 ], [ -0.8888125, 11.9184752 ], [ -0.8897251, 11.9207535 ], [ -0.8879371, 11.9227123 ], [ -0.8876807, 11.9264927 ], [ -0.8863578, 11.9289799 ], [ -0.8881881, 11.9314919 ], [ -0.8900274, 11.931406 ], [ -0.8936223, 11.9340115 ], [ -0.891915, 11.9362516 ], [ -0.8873205, 11.9385242 ], [ -0.8886877, 11.9415207 ], [ -0.8911358, 11.9424896 ], [ -0.8929085, 11.9466743 ], [ -0.8917779, 11.9492445 ], [ -0.8982298, 11.9561968 ], [ -0.897747, 11.959487 ], [ -0.9007788, 11.9598351 ], [ -0.9053149, 11.9646835 ], [ -0.9087829, 11.9631443 ], [ -0.9104919, 11.9659615 ], [ -0.9099074, 11.9706812 ], [ -0.9117847, 11.9717894 ], [ -0.9113328, 11.9759483 ], [ -0.9153686, 11.98139 ], [ -0.9157662, 11.9850302 ], [ -0.9257895, 11.9837208 ], [ -0.927929, 11.9855099 ], [ -0.9315401, 11.9859171 ], [ -0.9347013, 11.9889088 ], [ -0.9371833, 11.9890356 ], [ -0.9409202, 11.9912443 ], [ -0.9429891, 11.9966345 ], [ -0.9453233, 11.9995584 ], [ -0.9469057, 11.9995556 ], [ -0.9497031, 12.0026731 ], [ -0.9581718, 12.0059042 ], [ -0.9635036, 12.009202 ], [ -0.9658455, 12.0095148 ], [ -0.9672199, 12.0122271 ], [ -0.9727553, 12.0142765 ], [ -0.9740186, 12.0167513 ], [ -0.9781764, 12.0209255 ], [ -0.9772636, 12.0239754 ], [ -0.981539, 12.0264902 ], [ -0.9814915, 12.0336294 ], [ -0.9830964, 12.035697 ], [ -0.9882206, 12.0392208 ], [ -0.9886187, 12.0428581 ], [ -0.9916729, 12.0446882 ], [ -0.9904772, 12.048008 ], [ -0.9941558, 12.0522299 ], [ -0.9963416, 12.0572872 ], [ -1.000977, 12.0599689 ], [ -1.0009768, 12.0611334 ], [ -1.0064783, 12.0635433 ], [ -1.0123768, 12.0673857 ], [ -1.0122927, 12.0703449 ], [ -1.0150243, 12.0732145 ], [ -1.015753, 12.0784407 ], [ -1.0187039, 12.0801544 ], [ -1.020684, 12.082612 ], [ -1.0265064, 12.0869246 ], [ -1.0283201, 12.0923128 ], [ -1.0261905, 12.1013193 ], [ -1.0265852, 12.1042356 ], [ -1.0222974, 12.1126204 ], [ -1.0234109, 12.1139593 ], [ -1.0224359, 12.1194716 ], [ -1.0255584, 12.124507 ], [ -1.0257338, 12.1299562 ], [ -1.0284863, 12.1297674 ], [ -1.0303367, 12.1310024 ], [ -1.0307248, 12.1349421 ], [ -1.0329151, 12.1376629 ], [ -1.032236, 12.14573 ], [ -1.0376285, 12.1526642 ], [ -1.0378464, 12.1545019 ], [ -1.0438877, 12.1593781 ], [ -1.0513281, 12.1642542 ], [ -1.0578376, 12.1679735 ], [ -1.0628986, 12.1694489 ], [ -1.0650704, 12.1722965 ], [ -1.0720612, 12.1782389 ], [ -1.0726676, 12.1772366 ], [ -1.0778774, 12.1742687 ], [ -1.0909871, 12.1692562 ], [ -1.0951504, 12.1658287 ], [ -1.1024256, 12.1636162 ], [ -1.1033782, 12.1599855 ], [ -1.1073917, 12.1583481 ], [ -1.1115165, 12.1536798 ], [ -1.1148638, 12.1482277 ], [ -1.1182473, 12.1472378 ], [ -1.1213456, 12.1447611 ], [ -1.1229005, 12.1448174 ], [ -1.1262649, 12.1424418 ], [ -1.1299831, 12.145318 ], [ -1.1312162, 12.1453266 ], [ -1.1339984, 12.1507111 ], [ -1.1358705, 12.151557 ], [ -1.1388018, 12.1552057 ], [ -1.1417134, 12.1546278 ], [ -1.1454831, 12.1566439 ], [ -1.1487215, 12.1568203 ], [ -1.1502572, 12.1584959 ], [ -1.1554831, 12.1601963 ], [ -1.1571763, 12.1617279 ], [ -1.160097, 12.1596661 ], [ -1.1656423, 12.1618481 ], [ -1.1658827, 12.1631613 ], [ -1.1736927, 12.1607161 ], [ -1.1762246, 12.1620359 ], [ -1.181394, 12.1594725 ], [ -1.1867459, 12.158658 ], [ -1.1958851, 12.1600933 ], [ -1.1978999, 12.1586676 ], [ -1.2071577, 12.157217 ], [ -1.2125919, 12.15804 ], [ -1.2227287, 12.1573181 ], [ -1.225497, 12.1576443 ], [ -1.2296811, 12.1550922 ], [ -1.2384717, 12.1548138 ], [ -1.246927, 12.1583881 ], [ -1.2526054, 12.1599627 ], [ -1.2610792, 12.1572208 ], [ -1.2647548, 12.1534424 ], [ -1.274352, 12.1424799 ], [ -1.2784936, 12.139185 ], [ -1.282358, 12.1376972 ], [ -1.2884963, 12.1425867 ], [ -1.2904792, 12.146699 ], [ -1.2939869, 12.1513453 ], [ -1.2949239, 12.1549168 ], [ -1.3124682, 12.1544647 ], [ -1.3164057, 12.1531038 ], [ -1.322516, 12.148263 ], [ -1.3290918, 12.1424112 ], [ -1.3323766, 12.1408663 ], [ -1.3390291, 12.139431 ], [ -1.3429562, 12.1399069 ], [ -1.3590621, 12.1364107 ], [ -1.3696425, 12.1352701 ], [ -1.3748031, 12.1322603 ], [ -1.3779017, 12.1293373 ], [ -1.3850572, 12.1197128 ], [ -1.3891006, 12.115591 ], [ -1.4024245, 12.1070166 ], [ -1.4066312, 12.106761 ], [ -1.408214, 12.1085348 ], [ -1.4078096, 12.1119623 ], [ -1.4090394, 12.1161509 ], [ -1.4176985, 12.1251526 ], [ -1.4214922, 12.1318626 ], [ -1.4219356, 12.1369152 ], [ -1.4239581, 12.1444759 ], [ -1.4283191, 12.1536961 ], [ -1.4322113, 12.1610765 ], [ -1.4396335, 12.176569 ], [ -1.4412884, 12.1823711 ], [ -1.4413487, 12.1903725 ], [ -1.4419559, 12.1922216 ], [ -1.4450214, 12.1922035 ], [ -1.4492815, 12.1943998 ], [ -1.4531617, 12.1916428 ], [ -1.4590758, 12.192627 ], [ -1.4654164, 12.192997 ], [ -1.4693817, 12.1916075 ], [ -1.4727526, 12.1931105 ], [ -1.4780517, 12.1937561 ], [ -1.485332, 12.1977243 ], [ -1.4898759, 12.2040491 ], [ -1.4941758, 12.2020454 ], [ -1.5024216, 12.2007065 ], [ -1.5205951, 12.1966505 ], [ -1.528273, 12.194665 ], [ -1.5350242, 12.1920309 ], [ -1.5400938, 12.1887369 ], [ -1.5443214, 12.1843424 ], [ -1.5493098, 12.1767292 ], [ -1.5532879, 12.1666307 ], [ -1.5564905, 12.1608467 ], [ -1.5617672, 12.1524115 ], [ -1.5669458, 12.1432333 ], [ -1.5698607, 12.1398449 ], [ -1.5793291, 12.1343641 ], [ -1.5883336, 12.1296225 ], [ -1.5946236, 12.1246853 ], [ -1.5984788, 12.1208305 ], [ -1.6054169, 12.1170015 ], [ -1.6105686, 12.1133432 ], [ -1.6162896, 12.1099691 ], [ -1.628391, 12.1017389 ], [ -1.6358932, 12.0970783 ], [ -1.6398304, 12.0953503 ], [ -1.6490012, 12.0941925 ], [ -1.6554606, 12.0944052 ], [ -1.6613561, 12.093049 ], [ -1.6655686, 12.0892582 ], [ -1.6665153, 12.0851717 ], [ -1.6683813, 12.0813065 ], [ -1.6728775, 12.0756435 ], [ -1.6741284, 12.0714045 ], [ -1.677389, 12.0662699 ], [ -1.6823438, 12.0608349 ], [ -1.6854458, 12.0561523 ], [ -1.6851386, 12.0547838 ], [ -1.6895674, 12.0518541 ], [ -1.692194, 12.0508528 ], [ -1.7007684, 12.0601807 ], [ -1.7069128, 12.0697775 ], [ -1.7169752, 12.082325 ], [ -1.7257347, 12.0918341 ], [ -1.7365859, 12.0916033 ], [ -1.744079, 12.0910864 ], [ -1.7773824, 12.091671 ], [ -1.7901086, 12.0920897 ], [ -1.7936572, 12.0931101 ], [ -1.7973869, 12.0973625 ], [ -1.7993395, 12.1018791 ], [ -1.8108727, 12.123908 ], [ -1.8165463, 12.1353378 ], [ -1.8211133, 12.142437 ], [ -1.8251184, 12.1497231 ], [ -1.8266034, 12.1539564 ], [ -1.8293918, 12.1592102 ], [ -1.8351961, 12.1578588 ], [ -1.8440886, 12.1578875 ], [ -1.8579395, 12.1588602 ], [ -1.8785329, 12.1587467 ], [ -1.8906963, 12.1579542 ], [ -1.9082944, 12.1588488 ], [ -1.9229885, 12.1583462 ], [ -1.9259844, 12.1571541 ], [ -1.9286243, 12.1549826 ], [ -1.9302596, 12.1503639 ], [ -1.9301115, 12.1477833 ], [ -1.9324374, 12.1430941 ], [ -1.9370928, 12.1353807 ], [ -1.940572, 12.1325884 ], [ -1.9445081, 12.1308565 ], [ -1.9485946, 12.1310263 ], [ -1.9565344, 12.1322699 ], [ -1.961315, 12.1312284 ], [ -1.9631724, 12.1289635 ], [ -1.9706697, 12.1245203 ], [ -1.980005, 12.1209974 ], [ -1.9836324, 12.1207209 ], [ -1.9868551, 12.1234131 ], [ -1.9883664, 12.1198521 ], [ -1.9870498, 12.1169224 ], [ -1.9811997, 12.1066446 ], [ -1.9778543, 12.1050749 ], [ -1.9763123, 12.100688 ], [ -1.9664907, 12.0892086 ], [ -1.966547, 12.0859137 ], [ -1.9614705, 12.0817928 ], [ -1.9607717, 12.0756979 ], [ -1.9623157, 12.0734501 ], [ -1.9715062, 12.0655632 ], [ -1.9794852, 12.0564775 ], [ -1.9902534, 12.0498905 ], [ -1.9940964, 12.0480576 ], [ -2.0011222, 12.0433855 ], [ -2.002768, 12.040802 ], [ -2.0054126, 12.0395985 ], [ -2.0303156, 12.025773 ], [ -2.0533559, 12.0126905 ], [ -2.0542555, 12.0067911 ], [ -2.0448668, 12.0015898 ], [ -2.0429771, 11.9995642 ], [ -2.0444694, 11.9956322 ], [ -2.0421841, 11.9936409 ] ] ] ] } },
{ "type": "Feature", "properties": { "region": "Centre", "id_adm": 3.0 }, "geometry": { "type": "MultiPolygon", "coordinates": [ [ [ [ -1.8266034, 12.1539564 ], [ -1.8251184, 12.1497231 ], [ -1.8211133, 12.142437 ], [ -1.8165463, 12.1353378 ], [ -1.8108727, 12.123908 ], [ -1.7993395, 12.1018791 ], [ -1.7973869, 12.0973625 ], [ -1.7936572, 12.0931101 ], [ -1.7901086, 12.0920897 ], [ -1.7773824, 12.091671 ], [ -1.744079, 12.0910864 ], [ -1.7365859, 12.0916033 ], [ -1.7257347, 12.0918341 ], [ -1.7169752, 12.082325 ], [ -1.7069128, 12.0697775 ], [ -1.7007684, 12.0601807 ], [ -1.692194, 12.0508528 ], [ -1.6895674, 12.0518541 ], [ -1.6851386, 12.0547838 ], [ -1.6854458, 12.0561523 ], [ -1.6823438, 12.0608349 ], [ -1.677389, 12.0662699 ], [ -1.6741284, 12.0714045 ], [ -1.6728775, 12.0756435 ], [ -1.6683813, 12.0813065 ], [ -1.6665153, 12.0851717 ], [ -1.6655686, 12.0892582 ], [ -1.6613561, 12.093049 ], [ -1.6554606, 12.0944052 ], [ -1.6490012, 12.0941925 ], [ -1.6398304, 12.0953503 ], [ -1.6358932, 12.0970783 ], [ -1.628391, 12.1017389 ], [ -1.6162896, 12.1099691 ], [ -1.6105686, 12.1133432 ], [ -1.6054169, 12.1170015 ], [ -1.5984788, 12.1208305 ], [ -1.5946236, 12.1246853 ], [ -1.5883336, 12.1296225 ], [ -1.5793291, 12.1343641 ], [ -1.5698607, 12.1398449 ], [ -1.5669458, 12.1432333 ], [ -1.5617672, 12.1524115 ], [ -1.5564905, 12.1608467 ], [ -1.5532879, 12.1666307 ], [ -1.5493098, 12.1767292 ], [ -1.5443214, 12.1843424 ], [ -1.5400938, 12.1887369 ], [ -1.5350242, 12.1920309 ], [ -1.528273, 12.194665 ], [ -1.5205951, 12.1966505 ], [ -1.5024216, 12.2007065 ], [ -1.4941758, 12.2020454 ], [ -1.4898759, 12.2040491 ], [ -1.485332, 12.1977243 ], [ -1.4780517, 12.1937561 ], [ -1.4727526, 12.1931105 ], [ -1.4693817, 12.1916075 ], [ -1.4654164, 12.192997 ], [ -1.4590758, 12.192627 ], [ -1.4531617, 12.1916428 ], [ -1.4492815, 12.1943998 ], [ -1.4450214, 12.1922035 ], [ -1.4419559, 12.1922216 ], [ -1.4413487, 12.1903725 ], [ -1.4412884, 12.1823711 ], [ -1.4396335, 12.176569 ], [ -1.4322113, 12.1610765 ], [ -1.4283191, 12.1536961 ], [ -1.4239581, 12.1444759 ], [ -1.4219356, 12.1369152 ], [ -1.4214922, 12.1318626 ], [ -1.4176985, 12.1251526 ], [ -1.4090394, 12.1161509 ], [ -1.4078096, 12.1119623 ], [ -1.408214, 12.1085348 ], [ -1.4066312, 12.106761 ], [ -1.4024245, 12.1070166 ], [ -1.3891006, 12.115591 ], [ -1.3850572, 12.1197128 ], [ -1.3779017, 12.1293373 ], [ -1.3748031, 12.1322603 ], [ -1.3696425, 12.1352701 ], [ -1.3590621, 12.1364107 ], [ -1.3429562, 12.1399069 ], [ -1.3390291, 12.139431 ], [ -1.3323766, 12.1408663 ], [ -1.3290918, 12.1424112 ], [ -1.322516, 12.148263 ], [ -1.3164057, 12.1531038 ], [ -1.3124682, 12.1544647 ], [ -1.2949239, 12.1549168 ], [ -1.2939869, 12.1513453 ], [ -1.2904792, 12.146699 ], [ -1.2884963, 12.1425867 ], [ -1.282358, 12.1376972 ], [ -1.2784936, 12.139185 ], [ -1.274352, 12.1424799 ], [ -1.2647548, 12.1534424 ], [ -1.2610792, 12.1572208 ], [ -1.2526054, 12.1599627 ], [ -1.246927, 12.1583881 ], [ -1.2384717, 12.1548138 ], [ -1.2296811, 12.1550922 ], [ -1.225497, 12.1576443 ], [ -1.2227287, 12.1573181 ], [ -1.2125919, 12.15804 ], [ -1.2071577, 12.157217 ], [ -1.1978999, 12.1586676 ], [ -1.1958851, 12.1600933 ], [ -1.1867459, 12.158658 ], [ -1.181394, 12.1594725 ], [ -1.1762246, 12.1620359 ], [ -1.1736927, 12.1607161 ], [ -1.1658827, 12.1631613 ], [ -1.1656423, 12.1618481 ], [ -1.160097, 12.1596661 ], [ -1.1571763, 12.1617279 ], [ -1.1554831, 12.1601963 ], [ -1.1502572, 12.1584959 ], [ -1.1487215, 12.1568203 ], [ -1.1454831, 12.1566439 ], [ -1.1417134, 12.1546278 ], [ -1.1388018, 12.1552057 ], [ -1.1358705, 12.151557 ], [ -1.1339984, 12.1507111 ], [ -1.1312162, 12.1453266 ], [ -1.1299831, 12.145318 ], [ -1.1262649, 12.1424418 ], [ -1.1229005, 12.1448174 ], [ -1.1213456, 12.1447611 ], [ -1.1182473, 12.1472378 ], [ -1.1148638, 12.1482277 ], [ -1.1115165, 12.1536798 ], [ -1.1073917, 12.1583481 ], [ -1.1033782, 12.1599855 ], [ -1.1024256, 12.1636162 ], [ -1.0951504, 12.1658287 ], [ -1.0909871, 12.1692562 ], [ -1.0778774, 12.1742687 ], [ -1.0726676, 12.1772366 ], [ -1.0720612, 12.1782389 ], [ -1.0744501, 12.1833572 ], [ -1.0737458, 12.1855059 ], [ -1.0652722, 12.1949749 ], [ -1.0652314, 12.2012091 ], [ -1.0724381, 12.2068796 ], [ -1.0723989, 12.2128878 ], [ -1.0706445, 12.2179794 ], [ -1.0726874, 12.2223015 ], [ -1.0740606, 12.2234516 ], [ -1.0791292, 12.2239389 ], [ -1.0846062, 12.2253447 ], [ -1.0917068, 12.2247877 ], [ -1.0930825, 12.2255487 ], [ -1.0949972, 12.2298326 ], [ -1.0947452, 12.2332335 ], [ -1.09045, 12.2383528 ], [ -1.0889299, 12.2414103 ], [ -1.0948588, 12.2513151 ], [ -1.0993744, 12.254858 ], [ -1.0984664, 12.2643261 ], [ -1.09793, 12.2661505 ], [ -1.1040596, 12.2692881 ], [ -1.1088419, 12.2700815 ], [ -1.1122354, 12.2691994 ], [ -1.1151664, 12.2701254 ], [ -1.1191876, 12.2675734 ], [ -1.1225272, 12.2664843 ], [ -1.1229364, 12.2687397 ], [ -1.1314613, 12.2644281 ], [ -1.1362492, 12.2614203 ], [ -1.1410352, 12.2601681 ], [ -1.1450506, 12.2613897 ], [ -1.1473752, 12.2636042 ], [ -1.1466523, 12.2761154 ], [ -1.150583, 12.2791643 ], [ -1.1555263, 12.2778406 ], [ -1.1575484, 12.2754288 ], [ -1.1622276, 12.2750893 ], [ -1.1668767, 12.2796278 ], [ -1.1628588, 12.2831573 ], [ -1.1609161, 12.28613 ], [ -1.1614568, 12.290966 ], [ -1.1680372, 12.2914543 ], [ -1.1703743, 12.2946911 ], [ -1.1710584, 12.3016644 ], [ -1.1725926, 12.305213 ], [ -1.1750462, 12.3045235 ], [ -1.181197, 12.3000584 ], [ -1.1838276, 12.2945375 ], [ -1.1899384, 12.2935467 ], [ -1.1952101, 12.2972736 ], [ -1.1990323, 12.3031816 ], [ -1.1964917, 12.3090649 ], [ -1.19848, 12.3106985 ], [ -1.2008145, 12.3159714 ], [ -1.199445, 12.3185692 ], [ -1.2024198, 12.3200092 ], [ -1.2068242, 12.3256311 ], [ -1.2093533, 12.3261909 ], [ -1.2121295, 12.3285351 ], [ -1.215933, 12.3300266 ], [ -1.2209151, 12.3346109 ], [ -1.2256578, 12.3361626 ], [ -1.2288821, 12.3359938 ], [ -1.2341603, 12.331151 ], [ -1.2369647, 12.3303633 ], [ -1.2420167, 12.3325596 ], [ -1.2474903, 12.3335543 ], [ -1.2529585, 12.338603 ], [ -1.2527395, 12.3429365 ], [ -1.2549207, 12.3478832 ], [ -1.2588406, 12.3469124 ], [ -1.2616431, 12.3448944 ], [ -1.266343, 12.3443995 ], [ -1.2701774, 12.3470306 ], [ -1.2705572, 12.3482189 ], [ -1.2748299, 12.3515129 ], [ -1.2778814, 12.3525734 ], [ -1.2812941, 12.3549118 ], [ -1.280785, 12.3616781 ], [ -1.2791733, 12.3664007 ], [ -1.2740446, 12.3739977 ], [ -1.2733859, 12.381115 ], [ -1.2718129, 12.3870239 ], [ -1.2727262, 12.3883877 ], [ -1.2719252, 12.3945999 ], [ -1.2667587, 12.4006386 ], [ -1.2607571, 12.402998 ], [ -1.2572811, 12.4050932 ], [ -1.252094, 12.4114037 ], [ -1.250752, 12.4171057 ], [ -1.2492963, 12.4263811 ], [ -1.2484983, 12.4365931 ], [ -1.2491068, 12.4442263 ], [ -1.2495093, 12.4570169 ], [ -1.2486875, 12.4711742 ], [ -1.2510277, 12.4881125 ], [ -1.2549473, 12.4921837 ], [ -1.2598953, 12.4953375 ], [ -1.268865, 12.4994411 ], [ -1.2737348, 12.5002966 ], [ -1.2929467, 12.4991169 ], [ -1.2990282, 12.5008116 ], [ -1.3080872, 12.5055571 ], [ -1.3182839, 12.5096579 ], [ -1.3314856, 12.5104742 ], [ -1.3477966, 12.5090914 ], [ -1.3564272, 12.5066557 ], [ -1.3614088, 12.5041065 ], [ -1.3668665, 12.5004568 ], [ -1.3726976, 12.4942293 ], [ -1.3868364, 12.4770107 ], [ -1.3908749, 12.4749174 ], [ -1.396126, 12.4734735 ], [ -1.409541, 12.4704227 ], [ -1.4251111, 12.467555 ], [ -1.4312949, 12.4674101 ], [ -1.444886, 12.4658241 ], [ -1.4515316, 12.4654827 ], [ -1.4549888, 12.4687252 ], [ -1.4566565, 12.4723186 ], [ -1.4595941, 12.4851246 ], [ -1.4625484, 12.4965448 ], [ -1.4621361, 12.5031681 ], [ -1.4549326, 12.5218973 ], [ -1.4494485, 12.5324459 ], [ -1.4492424, 12.536581 ], [ -1.4510115, 12.540184 ], [ -1.4543678, 12.5435066 ], [ -1.4650124, 12.5509272 ], [ -1.4684713, 12.5540695 ], [ -1.4705141, 12.5583172 ], [ -1.4721719, 12.5639286 ], [ -1.4750279, 12.5660448 ], [ -1.4770137, 12.5688887 ], [ -1.4893839, 12.5709152 ], [ -1.4988748, 12.566371 ], [ -1.5150245, 12.5592756 ], [ -1.5259085, 12.5561953 ], [ -1.5337023, 12.5534782 ], [ -1.5528419, 12.5473108 ], [ -1.5625029, 12.5453358 ], [ -1.5699105, 12.5461082 ], [ -1.5749629, 12.5478735 ], [ -1.5797137, 12.5548954 ], [ -1.5818442, 12.5605097 ], [ -1.5830326, 12.5684261 ], [ -1.5826266, 12.5762444 ], [ -1.5804254, 12.5873652 ], [ -1.5749271, 12.60151 ], [ -1.5634106, 12.6205902 ], [ -1.5630285, 12.6233492 ], [ -1.5659938, 12.6317377 ], [ -1.5682962, 12.6399317 ], [ -1.5690136, 12.6479368 ], [ -1.5717895, 12.6574287 ], [ -1.5744838, 12.6628733 ], [ -1.5781219, 12.6676722 ], [ -1.5846599, 12.6735907 ], [ -1.5861834, 12.6809397 ], [ -1.5943689, 12.6818886 ], [ -1.5966774, 12.6832676 ], [ -1.6017705, 12.6848154 ], [ -1.6058275, 12.6850901 ], [ -1.6083543, 12.6792746 ], [ -1.6071231, 12.6743717 ], [ -1.6092499, 12.6712236 ], [ -1.6111354, 12.6664457 ], [ -1.6127505, 12.6602907 ], [ -1.6126051, 12.6499891 ], [ -1.6152662, 12.6409788 ], [ -1.6160355, 12.6362047 ], [ -1.6200099, 12.6262865 ], [ -1.6244658, 12.613883 ], [ -1.626727, 12.6114149 ], [ -1.6324564, 12.608675 ], [ -1.6363056, 12.6077709 ], [ -1.6409909, 12.6075144 ], [ -1.6463357, 12.6081848 ], [ -1.65484, 12.6075764 ], [ -1.6649889, 12.6082706 ], [ -1.6761471, 12.6059284 ], [ -1.6820683, 12.6034689 ], [ -1.6889265, 12.5997286 ], [ -1.6973805, 12.5935974 ], [ -1.7111853, 12.586668 ], [ -1.7178582, 12.5829163 ], [ -1.7268703, 12.5797377 ], [ -1.731096, 12.576807 ], [ -1.7279494, 12.5642824 ], [ -1.7260009, 12.5584803 ], [ -1.7256584, 12.5500155 ], [ -1.7238358, 12.536212 ], [ -1.724534, 12.5236063 ], [ -1.7244666, 12.5155144 ], [ -1.7239324, 12.5087948 ], [ -1.7225446, 12.5034485 ], [ -1.7179798, 12.4952431 ], [ -1.7123793, 12.4900665 ], [ -1.7037778, 12.4841414 ], [ -1.696678, 12.4784126 ], [ -1.6942464, 12.4759121 ], [ -1.6927639, 12.4713068 ], [ -1.6961857, 12.459918 ], [ -1.6969603, 12.4511786 ], [ -1.6966954, 12.4462976 ], [ -1.6942891, 12.4401312 ], [ -1.6861811, 12.4270306 ], [ -1.6853492, 12.4233418 ], [ -1.6927556, 12.4216309 ], [ -1.7138541, 12.4177599 ], [ -1.7238808, 12.4151373 ], [ -1.7377579, 12.4127054 ], [ -1.7472196, 12.4107218 ], [ -1.7521933, 12.4088984 ], [ -1.7566112, 12.4055157 ], [ -1.7616901, 12.3980799 ], [ -1.7640487, 12.3934927 ], [ -1.7719445, 12.3842325 ], [ -1.7757972, 12.3814802 ], [ -1.7834934, 12.378293 ], [ -1.7917386, 12.3760223 ], [ -1.8088853, 12.3732386 ], [ -1.8159226, 12.371151 ], [ -1.8101294, 12.3658848 ], [ -1.8033148, 12.3579426 ], [ -1.8002365, 12.3535118 ], [ -1.7920326, 12.3429022 ], [ -1.7889496, 12.3397655 ], [ -1.7887837, 12.3350668 ], [ -1.7913153, 12.3330593 ], [ -1.7982539, 12.3300495 ], [ -1.8146555, 12.3261576 ], [ -1.818128, 12.3237734 ], [ -1.8201016, 12.3206501 ], [ -1.8201131, 12.3176174 ], [ -1.81788, 12.3137426 ], [ -1.8100189, 12.3100328 ], [ -1.7996372, 12.3079681 ], [ -1.7919235, 12.3043137 ], [ -1.7890729, 12.3007526 ], [ -1.7890853, 12.2975302 ], [ -1.7878891, 12.2924738 ], [ -1.7878098, 12.2867613 ], [ -1.7883996, 12.2771053 ], [ -1.789742, 12.268096 ], [ -1.7880071, 12.2546549 ], [ -1.7887915, 12.242239 ], [ -1.7916239, 12.2359877 ], [ -1.795279, 12.2337046 ], [ -1.8030616, 12.2307882 ], [ -1.812987, 12.2285233 ], [ -1.8172113, 12.226614 ], [ -1.8203973, 12.2241383 ], [ -1.8240618, 12.2191849 ], [ -1.8279301, 12.21138 ], [ -1.8292594, 12.2029133 ], [ -1.8284609, 12.1896667 ], [ -1.8291327, 12.1822195 ], [ -1.8293918, 12.1592102 ], [ -1.8266034, 12.1539564 ] ] ] ] } },
{ "type": "Feature", "properties": { "region": "Est", "id_adm": 8.0 }, "geometry": { "type": "MultiPolygon", "coordinates": [ [ [ [ -0.1077338, 12.2507219 ], [ -0.1027085, 12.2471704 ], [ -0.0960902, 12.2385349 ], [ -0.0936188, 12.2321987 ], [ -0.0897153, 12.2237291 ], [ -0.0812574, 12.2115269 ], [ -0.0777725, 12.2085447 ], [ -0.0637885, 12.2068357 ], [ -0.0602887, 12.2055559 ], [ -0.0565675, 12.2028933 ], [ -0.0520401, 12.1962595 ], [ -0.051141, 12.1921501 ], [ -0.0516346, 12.1843233 ], [ -0.0477049, 12.1687126 ], [ -0.0464256, 12.1652451 ], [ -0.0450569, 12.1562939 ], [ -0.0433361, 12.1550789 ], [ -0.0347304, 12.154254 ], [ -0.0300021, 12.1542978 ], [ -0.0231911, 12.1517401 ], [ -0.0193982, 12.1458073 ], [ -0.0085557, 12.1248255 ], [ -0.005719, 12.117795 ], [ -0.0034889, 12.1160212 ], [ -0.0046299, 12.1135607 ], [ -0.0075656, 12.1109228 ], [ -0.0132086, 12.1046734 ], [ -0.0170882, 12.1043062 ], [ -0.0210585, 12.1022339 ], [ -0.0322719, 12.0978146 ], [ -0.0396127, 12.0981359 ], [ -0.0497958, 12.1005859 ], [ -0.0545606, 12.0947437 ], [ -0.0558176, 12.0885305 ], [ -0.0562811, 12.0830994 ], [ -0.0584729, 12.0767021 ], [ -0.0601426, 12.0737114 ], [ -0.0640864, 12.074687 ], [ -0.0706239, 12.0778131 ], [ -0.0753953, 12.0778084 ], [ -0.0799453, 12.081809 ], [ -0.0824272, 12.0825891 ], [ -0.0907581, 12.0838709 ], [ -0.0968939, 12.0862122 ], [ -0.1013929, 12.0863514 ], [ -0.1039503, 12.0838575 ], [ -0.1068061, 12.0844994 ], [ -0.1088145, 12.083622 ], [ -0.1146935, 12.0787382 ], [ -0.1182414, 12.0765257 ], [ -0.1244449, 12.070858 ], [ -0.1256663, 12.069149 ], [ -0.1228461, 12.0594444 ], [ -0.1187998, 12.0555382 ], [ -0.1187048, 12.0493212 ], [ -0.1192419, 12.046792 ], [ -0.1220549, 12.0408297 ], [ -0.1253737, 12.0359335 ], [ -0.1287095, 12.0290089 ], [ -0.1295654, 12.0221071 ], [ -0.1289143, 12.0056076 ], [ -0.1283911, 11.9995995 ], [ -0.1303706, 11.9996014 ], [ -0.1283648, 11.9914236 ], [ -0.12839, 11.9879332 ], [ -0.135574, 11.9779778 ], [ -0.1388992, 11.9706593 ], [ -0.1391008, 11.9679031 ], [ -0.1374016, 11.9584265 ], [ -0.1382906, 11.952096 ], [ -0.1393376, 11.9493485 ], [ -0.1440582, 11.9430475 ], [ -0.1456494, 11.9419518 ], [ -0.1439, 11.9385424 ], [ -0.1422658, 11.9327374 ], [ -0.1394855, 11.9294987 ], [ -0.1311891, 11.9275055 ], [ -0.1261513, 11.9268122 ], [ -0.1238129, 11.9272585 ], [ -0.1193363, 11.9255667 ], [ -0.1162772, 11.9226952 ], [ -0.1110999, 11.9156609 ], [ -0.1094618, 11.910326 ], [ -0.1108231, 11.9027071 ], [ -0.1102969, 11.8982983 ], [ -0.1091103, 11.8947048 ], [ -0.1089753, 11.8888159 ], [ -0.1077129, 11.8826532 ], [ -0.1052083, 11.8804302 ], [ -0.0948626, 11.8777637 ], [ -0.0866619, 11.8746681 ], [ -0.0834144, 11.8723459 ], [ -0.0771708, 11.8710966 ], [ -0.0606027, 11.8761873 ], [ -0.0448635, 11.8819361 ], [ -0.0402816, 11.8826294 ], [ -0.0366468, 11.8823204 ], [ -0.0283431, 11.880415 ], [ -0.0214646, 11.8765898 ], [ -0.0100713, 11.8650932 ], [ -0.004169, 11.8556709 ], [ 0.0007644, 11.8530502 ], [ 0.0007671, 11.8470106 ], [ 0.0025302, 11.833684 ], [ 0.0031739, 11.8263245 ], [ 0.0052221, 11.8186102 ], [ 0.0070111, 11.8089647 ], [ 0.0101655, 11.7943497 ], [ 0.010687, 11.7891998 ], [ 0.0122517, 11.7824955 ], [ 0.015035, 11.7674246 ], [ 0.0159542, 11.7608023 ], [ 0.0170251, 11.7478294 ], [ 0.0202891, 11.7493391 ], [ 0.0363304, 11.7538157 ], [ 0.0427513, 11.7572851 ], [ 0.0475671, 11.7617483 ], [ 0.0495669, 11.766921 ], [ 0.0472162, 11.7773943 ], [ 0.046202, 11.784296 ], [ 0.0469104, 11.7877026 ], [ 0.0488371, 11.7914963 ], [ 0.0549342, 11.7992926 ], [ 0.0622672, 11.8052416 ], [ 0.0647936, 11.8044529 ], [ 0.0700686, 11.800911 ], [ 0.0758462, 11.7948837 ], [ 0.0809096, 11.7933693 ], [ 0.0885121, 11.7918758 ], [ 0.0946108, 11.7899933 ], [ 0.1085277, 11.7883425 ], [ 0.1101691, 11.7867136 ], [ 0.1218127, 11.7850971 ], [ 0.1355027, 11.7907801 ], [ 0.1389741, 11.7926617 ], [ 0.1429944, 11.7920399 ], [ 0.1466017, 11.7940769 ], [ 0.1533349, 11.7942753 ], [ 0.1571776, 11.7924461 ], [ 0.1583335, 11.790638 ], [ 0.1625984, 11.7881708 ], [ 0.1661599, 11.791647 ], [ 0.1681472, 11.7923412 ], [ 0.1716052, 11.7917948 ], [ 0.1736019, 11.7889919 ], [ 0.176044, 11.7900896 ], [ 0.1800029, 11.7877903 ], [ 0.1819536, 11.7842894 ], [ 0.1803067, 11.7828646 ], [ 0.18335, 11.7781448 ], [ 0.1869831, 11.7740192 ], [ 0.1936348, 11.7677107 ], [ 0.1961774, 11.7660742 ], [ 0.2065703, 11.7656183 ], [ 0.2167649, 11.765521 ], [ 0.2374348, 11.7664442 ], [ 0.2484652, 11.7671804 ], [ 0.263704, 11.7675943 ], [ 0.2693199, 11.7672701 ], [ 0.2741975, 11.7663927 ], [ 0.2795543, 11.7640448 ], [ 0.2915072, 11.755868 ], [ 0.3011416, 11.7469282 ], [ 0.3094394, 11.7396402 ], [ 0.3161279, 11.7351875 ], [ 0.3272078, 11.7304039 ], [ 0.3470416, 11.7198963 ], [ 0.3549516, 11.7147141 ], [ 0.3627433, 11.7109165 ], [ 0.3703676, 11.705739 ], [ 0.382115, 11.7003107 ], [ 0.3927376, 11.6943245 ], [ 0.4057803, 11.6889191 ], [ 0.4155549, 11.6844902 ], [ 0.4207096, 11.6826 ], [ 0.4260761, 11.6791458 ], [ 0.4339565, 11.6761723 ], [ 0.4388185, 11.6755819 ], [ 0.442454, 11.6768274 ], [ 0.4439035, 11.6755753 ], [ 0.4482474, 11.6775265 ], [ 0.4600046, 11.6777468 ], [ 0.4607147, 11.6783438 ], [ 0.4774379, 11.6792889 ], [ 0.4869275, 11.682292 ], [ 0.4888747, 11.6816797 ], [ 0.491425, 11.6836824 ], [ 0.4971057, 11.6845951 ], [ 0.5029914, 11.6898403 ], [ 0.503669, 11.6916046 ], [ 0.5085717, 11.6945114 ], [ 0.5123627, 11.6866188 ], [ 0.5153906, 11.6741238 ], [ 0.5168824, 11.6663237 ], [ 0.5171351, 11.6621151 ], [ 0.5154229, 11.6515713 ], [ 0.5161599, 11.6468964 ], [ 0.5177745, 11.6418152 ], [ 0.5163082, 11.6238823 ], [ 0.5171055, 11.6142082 ], [ 0.518992, 11.6063852 ], [ 0.5236939, 11.5839109 ], [ 0.52663, 11.5721588 ], [ 0.5291605, 11.5604849 ], [ 0.5317608, 11.5460844 ], [ 0.5327709, 11.5385685 ], [ 0.5333862, 11.5302334 ], [ 0.5331901, 11.5228853 ], [ 0.5342092, 11.5115929 ], [ 0.5339143, 11.5025501 ], [ 0.5359802, 11.496604 ], [ 0.5393999, 11.4903917 ], [ 0.5493796, 11.4765987 ], [ 0.5519035, 11.4722519 ], [ 0.5548248, 11.464675 ], [ 0.5630288, 11.4418592 ], [ 0.5716436, 11.4168835 ], [ 0.584559, 11.3817749 ], [ 0.5876364, 11.3725872 ], [ 0.5904637, 11.3659906 ], [ 0.5874525, 11.3619442 ], [ 0.5816615, 11.3586016 ], [ 0.5783378, 11.3585567 ], [ 0.5750204, 11.357233 ], [ 0.5709119, 11.3574772 ], [ 0.568958, 11.3565779 ], [ 0.5647927, 11.3570032 ], [ 0.5608843, 11.3552017 ], [ 0.5587195, 11.3557577 ], [ 0.5556775, 11.3529072 ], [ 0.5534489, 11.3534451 ], [ 0.5498687, 11.3495283 ], [ 0.5486875, 11.34552 ], [ 0.5463053, 11.3435926 ], [ 0.5413851, 11.34342 ], [ 0.5377963, 11.3417406 ], [ 0.5358607, 11.3386021 ], [ 0.5375541, 11.3360672 ], [ 0.54042, 11.336009 ], [ 0.5434822, 11.3318949 ], [ 0.5454534, 11.3276873 ], [ 0.544525, 11.3210192 ], [ 0.5451961, 11.3186808 ], [ 0.5498208, 11.3129711 ], [ 0.5518898, 11.3119802 ], [ 0.5514691, 11.3080988 ], [ 0.5498598, 11.3053188 ], [ 0.5511809, 11.297164 ], [ 0.5500263, 11.2887449 ], [ 0.5486878, 11.2856054 ], [ 0.5489174, 11.28337 ], [ 0.5558394, 11.2767096 ], [ 0.5589055, 11.2714996 ], [ 0.5599887, 11.2587852 ], [ 0.5619479, 11.2577305 ], [ 0.5665232, 11.258215 ], [ 0.5688099, 11.2573633 ], [ 0.5707801, 11.2516956 ], [ 0.5726649, 11.2499609 ], [ 0.5712416, 11.2432508 ], [ 0.5674763, 11.2366514 ], [ 0.5652364, 11.2344074 ], [ 0.5645579, 11.2298441 ], [ 0.5654358, 11.2278881 ], [ 0.5750595, 11.2171087 ], [ 0.5752876, 11.2150011 ], [ 0.5737002, 11.2119408 ], [ 0.569093, 11.210412 ], [ 0.5647662, 11.2099571 ], [ 0.5630789, 11.2061157 ], [ 0.5631235, 11.2024746 ], [ 0.5592853, 11.1936827 ], [ 0.5491585, 11.1784143 ], [ 0.5433753, 11.1688843 ], [ 0.5358468, 11.1558466 ], [ 0.5279362, 11.1433563 ], [ 0.5254743, 11.1377211 ], [ 0.524042, 11.1311741 ], [ 0.5234957, 11.1198549 ], [ 0.5237905, 11.1088076 ], [ 0.5249313, 11.1020184 ], [ 0.5247722, 11.0956755 ], [ 0.5254145, 11.092042 ], [ 0.528751, 11.0821085 ], [ 0.52898, 11.0777531 ], [ 0.5282914, 11.0734158 ], [ 0.5261561, 11.0710449 ], [ 0.5218486, 11.0692205 ], [ 0.5180239, 11.0683622 ], [ 0.5105609, 11.0686646 ], [ 0.5079299, 11.0706635 ], [ 0.5033053, 11.0765162 ], [ 0.5013009, 11.0811939 ], [ 0.4972247, 11.0871429 ], [ 0.4941173, 11.0905228 ], [ 0.4907989, 11.1032648 ], [ 0.4856023, 11.1020813 ], [ 0.4839401, 11.1007214 ], [ 0.4796073, 11.1008348 ], [ 0.4785415, 11.0995359 ], [ 0.475865, 11.1057816 ], [ 0.4713734, 11.1111374 ], [ 0.4644379, 11.1080952 ], [ 0.4575931, 11.1080151 ], [ 0.4531459, 11.1034794 ], [ 0.4523697, 11.1010332 ], [ 0.4530297, 11.0939302 ], [ 0.449668, 11.0848866 ], [ 0.44687, 11.0755596 ], [ 0.441678, 11.0626354 ], [ 0.4393127, 11.0560761 ], [ 0.4376059, 11.0497055 ], [ 0.4310011, 11.0389738 ], [ 0.4269073, 11.0250998 ], [ 0.505101, 11.009234 ], [ 0.5039811, 11.0062169 ], [ 0.5016123, 11.0047641 ], [ 0.5023481, 11.0004726 ], [ 0.5040469, 10.9986084 ], [ 0.4988153, 10.9943058 ], [ 0.4977837, 10.9883024 ], [ 0.5010303, 10.9875739 ], [ 0.5054067, 10.990973 ], [ 0.50776, 10.9911582 ], [ 0.5102648, 10.9879675 ], [ 0.5100465, 10.9818122 ], [ 0.5111918, 10.9781837 ], [ 0.5153456, 10.9744068 ], [ 0.5173604, 10.9712769 ], [ 0.5146763, 10.9709353 ], [ 0.5135134, 10.9656452 ], [ 0.5109806, 10.9635349 ], [ 0.5094519, 10.9602796 ], [ 0.5109664, 10.9535114 ], [ 0.510122, 10.9493631 ], [ 0.5082979, 10.9476357 ], [ 0.5070438, 10.9422218 ], [ 0.5043678, 10.9392571 ], [ 0.5034375, 10.9366917 ], [ 0.500318, 10.932484 ], [ 0.5657198, 10.9596163 ], [ 0.663108, 11.000018 ], [ 0.708344, 11.0 ], [ 0.730956, 11.0001 ], [ 0.749955, 11.0 ], [ 0.858204, 11.0 ], [ 0.9166666, 11.0 ], [ 0.9465029, 11.023077 ], [ 0.9448598, 11.026531 ], [ 0.9489358, 11.0311992 ], [ 0.9454609, 11.0345831 ], [ 0.9490563, 11.0372285 ], [ 0.9513551, 11.0372109 ], [ 0.9544626, 11.0398867 ], [ 0.9575025, 11.0442568 ], [ 0.96468, 11.0487416 ], [ 0.9654198, 11.0515085 ], [ 0.9685398, 11.0538191 ], [ 0.9717748, 11.0540857 ], [ 0.9738376, 11.0567054 ], [ 0.9753426, 11.0630274 ], [ 0.977348, 11.0660488 ], [ 0.9765356, 11.0688046 ], [ 0.9770979, 11.0750202 ], [ 0.974989, 11.0762024 ], [ 0.9743771, 11.0797077 ], [ 0.9762351, 11.0821766 ], [ 0.9764061, 11.0866953 ], [ 0.9780842, 11.0889629 ], [ 0.980517, 11.088814 ], [ 0.9841234, 11.0902659 ], [ 0.9856649, 11.0929297 ], [ 0.9884802, 11.0926685 ], [ 0.9860977, 11.0879456 ], [ 0.9877913, 11.0862974 ], [ 0.9907407, 11.0861427 ], [ 0.9966511, 11.0882891 ], [ 1.002758, 11.0888949 ], [ 1.0075561, 11.0873659 ], [ 1.0131973, 11.0874032 ], [ 1.0132791, 11.0829946 ], [ 1.0152502, 11.0811443 ], [ 1.0161957, 11.0778132 ], [ 1.0156547, 11.0744731 ], [ 1.0182976, 11.0695532 ], [ 1.0184919, 11.067394 ], [ 1.0204568, 11.0630984 ], [ 1.0270191, 11.0526819 ], [ 1.030886, 11.0527707 ], [ 1.0374041, 11.0516661 ], [ 1.0440947, 11.0544691 ], [ 1.0504505, 11.0556554 ], [ 1.0556697, 11.0588147 ], [ 1.0626308, 11.058556 ], [ 1.0643833, 11.0621198 ], [ 1.0707094, 11.0617954 ], [ 1.0728873, 11.0584334 ], [ 1.0732477, 11.0559382 ], [ 1.0827231, 11.0555436 ], [ 1.0872837, 11.0529812 ], [ 1.0894971, 11.050472 ], [ 1.096631, 11.0477061 ], [ 1.0984209, 11.0459803 ], [ 1.0992667, 11.043082 ], [ 1.10235, 11.0398413 ], [ 1.1056657, 11.0323753 ], [ 1.1089445, 11.0305342 ], [ 1.110077, 11.0317962 ], [ 1.1146148, 11.0322597 ], [ 1.1127181, 11.034298 ], [ 1.1123205, 11.0366142 ], [ 1.1168126, 11.0376171 ], [ 1.1186221, 11.0430358 ], [ 1.1175719, 11.0478223 ], [ 1.1154937, 11.045369 ], [ 1.1137126, 11.0452721 ], [ 1.1120342, 11.0485146 ], [ 1.116633, 11.0538073 ], [ 1.1156572, 11.0556629 ], [ 1.1127236, 11.0556439 ], [ 1.1123643, 11.0509565 ], [ 1.1096, 11.0514288 ], [ 1.1066569, 11.0547101 ], [ 1.1028288, 11.0556275 ], [ 1.0976892, 11.0621066 ], [ 1.0997941, 11.0641156 ], [ 1.1009431, 11.0678034 ], [ 1.1003561, 11.0697918 ], [ 1.0976738, 11.071839 ], [ 1.0970642, 11.0750956 ], [ 1.0976295, 11.0781098 ], [ 1.100911, 11.0821292 ], [ 1.098946, 11.0848238 ], [ 1.095761, 11.0860944 ], [ 1.0926229, 11.0900005 ], [ 1.0915341, 11.0942171 ], [ 1.0879551, 11.09351 ], [ 1.089412, 11.0995142 ], [ 1.0913463, 11.1010447 ], [ 1.0946928, 11.101666 ], [ 1.0954613, 11.1037652 ], [ 1.0904418, 11.1056731 ], [ 1.0867079, 11.106264 ], [ 1.0856487, 11.109697 ], [ 1.0892618, 11.1121474 ], [ 1.0897896, 11.1145618 ], [ 1.0871888, 11.1161741 ], [ 1.0868294, 11.1212744 ], [ 1.0844399, 11.1220589 ], [ 1.0820039, 11.1211114 ], [ 1.0812475, 11.1240352 ], [ 1.0757262, 11.1311365 ], [ 1.0703441, 11.1322228 ], [ 1.0667539, 11.1356562 ], [ 1.0631511, 11.134703 ], [ 1.0637974, 11.1315361 ], [ 1.0662375, 11.1311467 ], [ 1.0689243, 11.1288465 ], [ 1.0687156, 11.1271876 ], [ 1.0638654, 11.1258775 ], [ 1.0602701, 11.1236465 ], [ 1.0590366, 11.1197112 ], [ 1.0561722, 11.1191382 ], [ 1.0547948, 11.1211394 ], [ 1.0578697, 11.1233665 ], [ 1.0567084, 11.129594 ], [ 1.0533483, 11.1292987 ], [ 1.050519, 11.1306965 ], [ 1.0508105, 11.1332554 ], [ 1.0544779, 11.132714 ], [ 1.0561976, 11.1351091 ], [ 1.0539636, 11.1385153 ], [ 1.0570315, 11.1433461 ], [ 1.0546955, 11.1461049 ], [ 1.0606395, 11.1481605 ], [ 1.0608572, 11.1502169 ], [ 1.0679678, 11.1503923 ], [ 1.0715883, 11.151257 ], [ 1.0770163, 11.1500972 ], [ 1.0806271, 11.1484474 ], [ 1.0834276, 11.1511666 ], [ 1.0859812, 11.151358 ], [ 1.0901553, 11.1488639 ], [ 1.0922365, 11.1494517 ], [ 1.0943504, 11.1517526 ], [ 1.0974851, 11.1518242 ], [ 1.1002528, 11.1530607 ], [ 1.1009654, 11.1568064 ], [ 1.1035675, 11.1590522 ], [ 1.104906, 11.1637366 ], [ 1.1088091, 11.1668924 ], [ 1.1096893, 11.1698423 ], [ 1.111801, 11.1730921 ], [ 1.1150997, 11.1748538 ], [ 1.1171586, 11.1770662 ], [ 1.1271161, 11.1783314 ], [ 1.1334228, 11.178287 ], [ 1.1367499, 11.1749311 ], [ 1.1393443, 11.1774076 ], [ 1.1425996, 11.176867 ], [ 1.1423178, 11.1728533 ], [ 1.1454469, 11.1708091 ], [ 1.1487513, 11.1697192 ], [ 1.1485903, 11.166256 ], [ 1.1504618, 11.1663946 ], [ 1.1527754, 11.1639527 ], [ 1.1567892, 11.163312 ], [ 1.1598435, 11.1651247 ], [ 1.1608437, 11.1699657 ], [ 1.1646815, 11.169559 ], [ 1.1614154, 11.1757698 ], [ 1.1574197, 11.1737177 ], [ 1.1534405, 11.1821496 ], [ 1.1543694, 11.1851359 ], [ 1.1576088, 11.186256 ], [ 1.155403, 11.1891376 ], [ 1.1546271, 11.1927315 ], [ 1.1510835, 11.1925985 ], [ 1.1524128, 11.1969817 ], [ 1.1548168, 11.202404 ], [ 1.1529479, 11.204329 ], [ 1.1548866, 11.2080991 ], [ 1.1545554, 11.2101276 ], [ 1.1503123, 11.2131027 ], [ 1.1547381, 11.2132479 ], [ 1.1559313, 11.2182769 ], [ 1.1600153, 11.2243669 ], [ 1.1599448, 11.226767 ], [ 1.15761, 11.2314139 ], [ 1.1542892, 11.2346834 ], [ 1.1507097, 11.2345375 ], [ 1.1510606, 11.2375623 ], [ 1.1486564, 11.239261 ], [ 1.1437208, 11.2395056 ], [ 1.1409822, 11.241362 ], [ 1.1397276, 11.2438318 ], [ 1.1332137, 11.2454558 ], [ 1.1298201, 11.2474825 ], [ 1.1320349, 11.25091 ], [ 1.1379918, 11.2521843 ], [ 1.1379535, 11.2538887 ], [ 1.1336706, 11.2530953 ], [ 1.1311345, 11.2560703 ], [ 1.1319752, 11.2602148 ], [ 1.133528, 11.2612694 ], [ 1.1378632, 11.2599305 ], [ 1.1392304, 11.2605432 ], [ 1.1369616, 11.2639971 ], [ 1.1402345, 11.2669026 ], [ 1.1396732, 11.2716261 ], [ 1.143551, 11.2736819 ], [ 1.1446886, 11.2770446 ], [ 1.1482001, 11.2806058 ], [ 1.1502855, 11.2782283 ], [ 1.1521968, 11.2807399 ], [ 1.1574669, 11.2844858 ], [ 1.1597244, 11.2845248 ], [ 1.1629641, 11.281889 ], [ 1.1704801, 11.2830346 ], [ 1.1687185, 11.2795549 ], [ 1.1709434, 11.278605 ], [ 1.1730625, 11.2808134 ], [ 1.1763242, 11.2787073 ], [ 1.175142, 11.2766953 ], [ 1.1763448, 11.2747812 ], [ 1.1758638, 11.2712378 ], [ 1.1737801, 11.2695212 ], [ 1.1734989, 11.2674322 ], [ 1.1772302, 11.2642378 ], [ 1.1785592, 11.2644347 ], [ 1.1801791, 11.2687899 ], [ 1.1826407, 11.2675051 ], [ 1.1846573, 11.267961 ], [ 1.1862673, 11.2709187 ], [ 1.1880844, 11.2707464 ], [ 1.189232, 11.2671733 ], [ 1.1918388, 11.2640029 ], [ 1.1963596, 11.2636043 ], [ 1.1998813, 11.2662982 ], [ 1.2042022, 11.2671676 ], [ 1.2078265, 11.2666903 ], [ 1.2149497, 11.2686016 ], [ 1.2181967, 11.2652716 ], [ 1.2208321, 11.2657149 ], [ 1.2219586, 11.2684083 ], [ 1.2247429, 11.26738 ], [ 1.2262424, 11.2685654 ], [ 1.229446, 11.2630719 ], [ 1.2321107, 11.2645218 ], [ 1.2359534, 11.2650909 ], [ 1.2427067, 11.2624951 ], [ 1.2413004, 11.2597062 ], [ 1.2420128, 11.2558888 ], [ 1.2452297, 11.2579682 ], [ 1.2476794, 11.2560577 ], [ 1.2499499, 11.2528242 ], [ 1.2536437, 11.2516333 ], [ 1.2570003, 11.2535992 ], [ 1.2589835, 11.2535291 ], [ 1.2603349, 11.2509998 ], [ 1.2635186, 11.2508888 ], [ 1.263107, 11.2538392 ], [ 1.2657407, 11.2565383 ], [ 1.2704014, 11.2598432 ], [ 1.2721283, 11.2621374 ], [ 1.2752028, 11.2607307 ], [ 1.280534, 11.2634649 ], [ 1.2836986, 11.2666827 ], [ 1.2789633, 11.2688071 ], [ 1.2823125, 11.2702642 ], [ 1.2824408, 11.2724859 ], [ 1.2802559, 11.2752923 ], [ 1.2800168, 11.2794162 ], [ 1.2761589, 11.2805156 ], [ 1.2790503, 11.2855428 ], [ 1.2781825, 11.2878807 ], [ 1.2755332, 11.2881852 ], [ 1.2755924, 11.294388 ], [ 1.2646458, 11.2947964 ], [ 1.2639471, 11.2982548 ], [ 1.2595508, 11.302698 ], [ 1.2625759, 11.3036785 ], [ 1.2630064, 11.3053333 ], [ 1.2601527, 11.3097604 ], [ 1.262882, 11.3104414 ], [ 1.2607273, 11.316708 ], [ 1.2637497, 11.317218 ], [ 1.2645717, 11.3191434 ], [ 1.262144, 11.320169 ], [ 1.2656364, 11.3233374 ], [ 1.2689872, 11.3273879 ], [ 1.2712139, 11.3255212 ], [ 1.2737929, 11.32638 ], [ 1.2785144, 11.3259661 ], [ 1.2852081, 11.3233794 ], [ 1.2877623, 11.3163989 ], [ 1.2908611, 11.3131267 ], [ 1.2908327, 11.30723 ], [ 1.2940002, 11.2983645 ], [ 1.2958407, 11.2978918 ], [ 1.3014664, 11.2993843 ], [ 1.3026825, 11.2957493 ], [ 1.3047676, 11.2954345 ], [ 1.3087017, 11.2968351 ], [ 1.3077924, 11.3015808 ], [ 1.3140942, 11.3044395 ], [ 1.3189275, 11.3075332 ], [ 1.3199969, 11.3047892 ], [ 1.3170915, 11.3031001 ], [ 1.3192913, 11.3010487 ], [ 1.3197832, 11.2970749 ], [ 1.3249711, 11.294393 ], [ 1.3269518, 11.2967356 ], [ 1.328705, 11.2966844 ], [ 1.3292251, 11.2933338 ], [ 1.3333783, 11.2927514 ], [ 1.332191, 11.2952633 ], [ 1.332643, 11.2982463 ], [ 1.3364811, 11.2986623 ], [ 1.3412639, 11.3014423 ], [ 1.3413486, 11.3033354 ], [ 1.3367225, 11.3038559 ], [ 1.335282, 11.3054965 ], [ 1.3403484, 11.3101402 ], [ 1.3420924, 11.3103188 ], [ 1.3443735, 11.3077228 ], [ 1.3484963, 11.3061689 ], [ 1.3516928, 11.3071952 ], [ 1.3502448, 11.3114298 ], [ 1.3480977, 11.3118973 ], [ 1.3480821, 11.3156706 ], [ 1.3436003, 11.315531 ], [ 1.3430393, 11.3173508 ], [ 1.3483295, 11.3203509 ], [ 1.3463813, 11.3231017 ], [ 1.3409781, 11.3226594 ], [ 1.3392606, 11.3242764 ], [ 1.3380912, 11.3287713 ], [ 1.3401854, 11.3334277 ], [ 1.3379196, 11.3349831 ], [ 1.3347136, 11.3337654 ], [ 1.3322869, 11.3364244 ], [ 1.3346437, 11.3399444 ], [ 1.3309041, 11.3427621 ], [ 1.3261745, 11.352662 ], [ 1.328214, 11.3546537 ], [ 1.3263181, 11.3565182 ], [ 1.3257508, 11.3641351 ], [ 1.3271973, 11.3671625 ], [ 1.330667, 11.3670655 ], [ 1.3364196, 11.3681822 ], [ 1.3356939, 11.3643119 ], [ 1.341047, 11.363722 ], [ 1.3420914, 11.3669233 ], [ 1.3509431, 11.3682668 ], [ 1.3495738, 11.3719992 ], [ 1.3508344, 11.3746031 ], [ 1.3531878, 11.3763279 ], [ 1.3514245, 11.3786932 ], [ 1.3543215, 11.3797 ], [ 1.3581857, 11.3844038 ], [ 1.3599497, 11.3874585 ], [ 1.3572556, 11.3931679 ], [ 1.3594536, 11.3958143 ], [ 1.3646177, 11.3937295 ], [ 1.3660346, 11.3913694 ], [ 1.3707281, 11.3899393 ], [ 1.3732338, 11.3915432 ], [ 1.3775273, 11.3914854 ], [ 1.3797029, 11.3881505 ], [ 1.3813371, 11.388531 ], [ 1.3852306, 11.3929695 ], [ 1.3837382, 11.3956992 ], [ 1.3858179, 11.3975884 ], [ 1.3825701, 11.4000233 ], [ 1.3824948, 11.4014598 ], [ 1.3869228, 11.4050279 ], [ 1.3914151, 11.404488 ], [ 1.3967795, 11.4076831 ], [ 1.3966157, 11.410329 ], [ 1.395172, 11.4117721 ], [ 1.3916751, 11.4118283 ], [ 1.3889213, 11.4185764 ], [ 1.3885267, 11.4228003 ], [ 1.385395, 11.425918 ], [ 1.3852518, 11.4302641 ], [ 1.3879471, 11.4322725 ], [ 1.3879927, 11.4338056 ], [ 1.3835702, 11.434645 ], [ 1.3877673, 11.4376886 ], [ 1.3910782, 11.4382493 ], [ 1.3878014, 11.4414519 ], [ 1.3881441, 11.4438956 ], [ 1.3898493, 11.4454659 ], [ 1.3924328, 11.4457457 ], [ 1.3922912, 11.4483139 ], [ 1.394946, 11.4497323 ], [ 1.3955607, 11.45314 ], [ 1.39945, 11.4529871 ], [ 1.4038845, 11.4542331 ], [ 1.4050843, 11.4555593 ], [ 1.4105902, 11.4531966 ], [ 1.4137318, 11.4503825 ], [ 1.4154162, 11.4536835 ], [ 1.4115418, 11.4538634 ], [ 1.4101573, 11.4595748 ], [ 1.4118871, 11.4586331 ], [ 1.4150215, 11.4592931 ], [ 1.417617, 11.4572951 ], [ 1.4204403, 11.4569897 ], [ 1.4239758, 11.4544592 ], [ 1.4254956, 11.4588067 ], [ 1.4316003, 11.4608461 ], [ 1.4345773, 11.4629825 ], [ 1.4328785, 11.4671741 ], [ 1.4337609, 11.4708019 ], [ 1.4388886, 11.470248 ], [ 1.4398081, 11.4737839 ], [ 1.443225, 11.4742522 ], [ 1.4430714, 11.4775252 ], [ 1.4482986, 11.4810839 ], [ 1.4489248, 11.4783377 ], [ 1.4520887, 11.4792673 ], [ 1.4540048, 11.4769553 ], [ 1.4539214, 11.4748796 ], [ 1.4560456, 11.4708054 ], [ 1.4569026, 11.4663401 ], [ 1.4590919, 11.4663592 ], [ 1.458617, 11.4693418 ], [ 1.4595785, 11.4715741 ], [ 1.4620114, 11.4693423 ], [ 1.4697717, 11.4683235 ], [ 1.4744928, 11.470802 ], [ 1.4769745, 11.4708074 ], [ 1.4798199, 11.4676507 ], [ 1.4786889, 11.4646457 ], [ 1.4811427, 11.4636397 ], [ 1.4840473, 11.4600853 ], [ 1.4824782, 11.4568116 ], [ 1.4850454, 11.4534433 ], [ 1.4865824, 11.4555906 ], [ 1.4896196, 11.4549313 ], [ 1.4923834, 11.4571005 ], [ 1.494038, 11.4611034 ], [ 1.49519, 11.4674059 ], [ 1.4947455, 11.472157 ], [ 1.495666, 11.4743379 ], [ 1.4977908, 11.4741201 ], [ 1.5007656, 11.4766637 ], [ 1.5018087, 11.4744106 ], [ 1.5042955, 11.4775859 ], [ 1.5058599, 11.4739301 ], [ 1.5036403, 11.472228 ], [ 1.5009889, 11.4722046 ], [ 1.4997428, 11.4635841 ], [ 1.5007118, 11.4597586 ], [ 1.5063726, 11.4580108 ], [ 1.5083143, 11.4604969 ], [ 1.5138664, 11.459665 ], [ 1.5159631, 11.4617634 ], [ 1.5193454, 11.4585988 ], [ 1.5241976, 11.458445 ], [ 1.5269111, 11.4572958 ], [ 1.5277518, 11.4542317 ], [ 1.530689, 11.4542871 ], [ 1.532345, 11.4557749 ], [ 1.534178, 11.4536628 ], [ 1.5395222, 11.4539577 ], [ 1.5428958, 11.4579817 ], [ 1.5484473, 11.4617046 ], [ 1.545316, 11.4647571 ], [ 1.548947, 11.4659642 ], [ 1.5478336, 11.4688264 ], [ 1.553312, 11.4723908 ], [ 1.5505086, 11.4737322 ], [ 1.5485064, 11.4777331 ], [ 1.5529895, 11.4783539 ], [ 1.5537756, 11.4753571 ], [ 1.5578692, 11.4741703 ], [ 1.5601585, 11.4690505 ], [ 1.566959, 11.468178 ], [ 1.566127, 11.4662597 ], [ 1.5701187, 11.4645516 ], [ 1.5708301, 11.4617066 ], [ 1.5681645, 11.4582723 ], [ 1.5655591, 11.4562984 ], [ 1.5678256, 11.4542949 ], [ 1.569244, 11.4497492 ], [ 1.5729391, 11.4477494 ], [ 1.5731945, 11.4512838 ], [ 1.5756311, 11.4540045 ], [ 1.5787604, 11.4538646 ], [ 1.5828455, 11.448407 ], [ 1.582559, 11.4438985 ], [ 1.5809801, 11.4410662 ], [ 1.5773056, 11.4408469 ], [ 1.5774745, 11.4387234 ], [ 1.5806274, 11.4374717 ], [ 1.5785271, 11.4335428 ], [ 1.5802069, 11.4329043 ], [ 1.578454, 11.4295806 ], [ 1.5818962, 11.4285077 ], [ 1.5833486, 11.4338185 ], [ 1.5830888, 11.4367972 ], [ 1.5863961, 11.4362454 ], [ 1.5872467, 11.4340073 ], [ 1.5861209, 11.4308635 ], [ 1.5876077, 11.4283851 ], [ 1.5912216, 11.4260078 ], [ 1.5933924, 11.4227959 ], [ 1.5900453, 11.4206079 ], [ 1.5911993, 11.4145321 ], [ 1.5893368, 11.4079724 ], [ 1.593591, 11.4084368 ], [ 1.5950652, 11.403665 ], [ 1.5981706, 11.400566 ], [ 1.6035589, 11.3965323 ], [ 1.6092674, 11.3952747 ], [ 1.6185235, 11.3973588 ], [ 1.6226289, 11.3937102 ], [ 1.6253623, 11.3938927 ], [ 1.6265003, 11.3953359 ], [ 1.6304442, 11.3956614 ], [ 1.6318858, 11.399568 ], [ 1.6364775, 11.3995553 ], [ 1.6398256, 11.4033194 ], [ 1.6408578, 11.4059167 ], [ 1.6436897, 11.4067655 ], [ 1.6462297, 11.4040631 ], [ 1.6456831, 11.4013537 ], [ 1.651428, 11.4007233 ], [ 1.6550192, 11.3983102 ], [ 1.6608537, 11.3975334 ], [ 1.6657966, 11.3984737 ], [ 1.6697288, 11.4023695 ], [ 1.6709532, 11.4054925 ], [ 1.6754133, 11.4063664 ], [ 1.6776135, 11.4096994 ], [ 1.679845, 11.4094411 ], [ 1.682377, 11.4074696 ], [ 1.6837037, 11.4094894 ], [ 1.6823209, 11.4157733 ], [ 1.6832676, 11.4176863 ], [ 1.6869702, 11.4187883 ], [ 1.6863575, 11.4157525 ], [ 1.6896065, 11.4158161 ], [ 1.6912657, 11.4136696 ], [ 1.6937551, 11.4135485 ], [ 1.6979103, 11.4111518 ], [ 1.6996325, 11.4165342 ], [ 1.7061223, 11.4190713 ], [ 1.7067241, 11.4242348 ], [ 1.7085475, 11.4288094 ], [ 1.7102003, 11.4310446 ], [ 1.7138783, 11.4339344 ], [ 1.7142419, 11.4298728 ], [ 1.713453, 11.4279831 ], [ 1.7164392, 11.4255296 ], [ 1.7201062, 11.4243659 ], [ 1.7205513, 11.4265043 ], [ 1.7254049, 11.4267366 ], [ 1.7249812, 11.423139 ], [ 1.7282121, 11.4233883 ], [ 1.7314172, 11.4286034 ], [ 1.7349748, 11.4285229 ], [ 1.7360336, 11.4249419 ], [ 1.7379836, 11.4260956 ], [ 1.741752, 11.4216232 ], [ 1.741641, 11.4185545 ], [ 1.7459146, 11.4191189 ], [ 1.7468954, 11.4215428 ], [ 1.7489073, 11.4218378 ], [ 1.7533721, 11.4187967 ], [ 1.7558688, 11.4193903 ], [ 1.7554385, 11.4221975 ], [ 1.7586917, 11.4275085 ], [ 1.7614539, 11.4247094 ], [ 1.7647112, 11.426414 ], [ 1.768257, 11.4221947 ], [ 1.771128, 11.4223291 ], [ 1.774889, 11.4264038 ], [ 1.7803482, 11.4252945 ], [ 1.7847727, 11.4288281 ], [ 1.7866742, 11.4277747 ], [ 1.7933489, 11.4267406 ], [ 1.7970933, 11.4273723 ], [ 1.8005024, 11.4295548 ], [ 1.7989916, 11.4353002 ], [ 1.7996385, 11.4361873 ], [ 1.8053936, 11.4346126 ], [ 1.8081303, 11.4407623 ], [ 1.8110374, 11.4421614 ], [ 1.8121177, 11.4410301 ], [ 1.8184988, 11.4402272 ], [ 1.8231947, 11.4378403 ], [ 1.8253465, 11.4376789 ], [ 1.8279144, 11.4391409 ], [ 1.8325112, 11.4378341 ], [ 1.8353481, 11.4397039 ], [ 1.8363462, 11.4420362 ], [ 1.8386416, 11.4402225 ], [ 1.8410708, 11.4408376 ], [ 1.8433348, 11.4461419 ], [ 1.8461618, 11.4471593 ], [ 1.8481371, 11.4465317 ], [ 1.8513554, 11.4431875 ], [ 1.8527121, 11.4439192 ], [ 1.8549443, 11.4417826 ], [ 1.8559311, 11.4444455 ], [ 1.8592672, 11.4481265 ], [ 1.8700416, 11.4476257 ], [ 1.8724888, 11.4462757 ], [ 1.8771223, 11.4456094 ], [ 1.877453, 11.4507447 ], [ 1.8816147, 11.4482146 ], [ 1.8806465, 11.4463253 ], [ 1.8834941, 11.4421517 ], [ 1.886551, 11.4398645 ], [ 1.8930738, 11.4386822 ], [ 1.8966173, 11.4398114 ], [ 1.9009936, 11.4391173 ], [ 1.9001372, 11.4353975 ], [ 1.900664, 11.4337119 ], [ 1.9033524, 11.4332085 ], [ 1.9102316, 11.428519 ], [ 1.9123061, 11.4300814 ], [ 1.9137006, 11.4286492 ], [ 1.9126321, 11.4243794 ], [ 1.915638, 11.4172378 ], [ 1.9153324, 11.4137136 ], [ 1.9167515, 11.408489 ], [ 1.918971, 11.4102746 ], [ 1.9175677, 11.4133398 ], [ 1.9202561, 11.4153103 ], [ 1.9231926, 11.4146073 ], [ 1.9284132, 11.4152429 ], [ 1.9300835, 11.4179702 ], [ 1.9330769, 11.4171056 ], [ 1.934126, 11.4183699 ], [ 1.9390278, 11.4165009 ], [ 1.9428536, 11.4158242 ], [ 1.9447822, 11.4168679 ], [ 1.9515746, 11.4135399 ], [ 1.9553626, 11.4142031 ], [ 1.960444, 11.4192143 ], [ 1.965249, 11.420509 ], [ 1.9694297, 11.4189882 ], [ 1.9731451, 11.4208987 ], [ 1.9757814, 11.4207315 ], [ 1.9807199, 11.4187341 ], [ 1.9844738, 11.4181357 ], [ 1.9871976, 11.420729 ], [ 1.9936382, 11.4194585 ], [ 1.9970576, 11.4178774 ], [ 2.0044289, 11.4183333 ], [ 2.0094949, 11.4177789 ], [ 2.0105594, 11.4158415 ], [ 2.0130897, 11.414562 ], [ 2.0211471, 11.4155724 ], [ 2.0211406, 11.4213947 ], [ 2.0236851, 11.4262079 ], [ 2.0272668, 11.4301694 ], [ 2.0301718, 11.4299994 ], [ 2.0328358, 11.4346925 ], [ 2.0353461, 11.4376882 ], [ 2.0396819, 11.4407759 ], [ 2.0412943, 11.4431051 ], [ 2.0448425, 11.4458244 ], [ 2.048609, 11.4496501 ], [ 2.0525193, 11.4510631 ], [ 2.0545653, 11.4536508 ], [ 2.0573319, 11.4546559 ], [ 2.0572973, 11.4602019 ], [ 2.059156, 11.4637509 ], [ 2.0663126, 11.4696618 ], [ 2.0665741, 11.4723573 ], [ 2.069458, 11.4793853 ], [ 2.0716422, 11.4789075 ], [ 2.0743057, 11.4802238 ], [ 2.0763195, 11.4792688 ], [ 2.0785881, 11.4805675 ], [ 2.0812643, 11.4837401 ], [ 2.0837388, 11.4850344 ], [ 2.0874708, 11.4893543 ], [ 2.0890526, 11.4895423 ], [ 2.0922356, 11.4935002 ], [ 2.094873, 11.4994231 ], [ 2.0991795, 11.5041311 ], [ 2.0995064, 11.5068154 ], [ 2.107037, 11.513149 ], [ 2.1090843, 11.5133681 ], [ 2.1111121, 11.5168952 ], [ 2.1110637, 11.5204768 ], [ 2.1137218, 11.5225828 ], [ 2.1143831, 11.5247692 ], [ 2.1167667, 11.527359 ], [ 2.1163367, 11.530559 ], [ 2.1200763, 11.5333735 ], [ 2.1204111, 11.5349299 ], [ 2.1262007, 11.5403065 ], [ 2.1279377, 11.5431762 ], [ 2.1308861, 11.5441627 ], [ 2.1350075, 11.5488994 ], [ 2.1372415, 11.5499968 ], [ 2.1407221, 11.5532931 ], [ 2.1446932, 11.5524332 ], [ 2.1475423, 11.5536153 ], [ 2.1506172, 11.5526258 ], [ 2.1532914, 11.5545358 ], [ 2.1568442, 11.5592449 ], [ 2.1597339, 11.5608694 ], [ 2.163518, 11.5656941 ], [ 2.166115, 11.5699572 ], [ 2.1664786, 11.5719865 ], [ 2.1695559, 11.5774129 ], [ 2.1714404, 11.5789399 ], [ 2.1736962, 11.5787011 ], [ 2.1778793, 11.5802217 ], [ 2.183775, 11.5856567 ], [ 2.1884663, 11.5890193 ], [ 2.1875311, 11.5920169 ], [ 2.1911301, 11.5971233 ], [ 2.1941247, 11.5973423 ], [ 2.1969557, 11.5988699 ], [ 2.1985501, 11.5969316 ], [ 2.2047901, 11.5944749 ], [ 2.2081158, 11.5960799 ], [ 2.2090443, 11.5985157 ], [ 2.2091334, 11.6029108 ], [ 2.2118353, 11.6065115 ], [ 2.216499, 11.6095688 ], [ 2.2175668, 11.6113514 ], [ 2.2221866, 11.6149212 ], [ 2.2241497, 11.6142015 ], [ 2.2285848, 11.6144211 ], [ 2.2312265, 11.6153285 ], [ 2.2339243, 11.6176906 ], [ 2.2335642, 11.6202915 ], [ 2.2357338, 11.6219797 ], [ 2.2388921, 11.622236 ], [ 2.2437093, 11.6243167 ], [ 2.2454751, 11.6305566 ], [ 2.2473942, 11.6327212 ], [ 2.2489601, 11.6364789 ], [ 2.2490181, 11.6411789 ], [ 2.2510147, 11.6428677 ], [ 2.2519413, 11.6465239 ], [ 2.2536005, 11.6487714 ], [ 2.2539852, 11.6515555 ], [ 2.2577323, 11.6533711 ], [ 2.2614897, 11.6517882 ], [ 2.2641635, 11.6495018 ], [ 2.2639046, 11.6449507 ], [ 2.2661613, 11.6425169 ], [ 2.2731851, 11.6452194 ], [ 2.2750321, 11.6443515 ], [ 2.2794611, 11.6468712 ], [ 2.2822542, 11.6500099 ], [ 2.2853801, 11.6512111 ], [ 2.2882066, 11.653693 ], [ 2.2955824, 11.658713 ], [ 2.2993771, 11.6607288 ], [ 2.3021454, 11.660932 ], [ 2.3071569, 11.6651779 ], [ 2.3093622, 11.6693818 ], [ 2.3097946, 11.6719211 ], [ 2.3118886, 11.6729168 ], [ 2.3144805, 11.6758147 ], [ 2.3143675, 11.6789014 ], [ 2.311507, 11.6814267 ], [ 2.3071124, 11.683535 ], [ 2.3058226, 11.6855102 ], [ 2.306175, 11.6915754 ], [ 2.3090323, 11.6930638 ], [ 2.3077396, 11.6957811 ], [ 2.3049254, 11.6965408 ], [ 2.3031905, 11.6985726 ], [ 2.3045124, 11.7014839 ], [ 2.3023543, 11.7094878 ], [ 2.2982928, 11.7162332 ], [ 2.2988318, 11.7199736 ], [ 2.3008929, 11.7225264 ], [ 2.303659, 11.7214622 ], [ 2.3069148, 11.7221825 ], [ 2.3040685, 11.7302818 ], [ 2.3045169, 11.7339001 ], [ 2.306776, 11.736712 ], [ 2.306764, 11.7382856 ], [ 2.3099617, 11.7387517 ], [ 2.3142146, 11.7371497 ], [ 2.3177411, 11.7396731 ], [ 2.3195056, 11.7446922 ], [ 2.3221236, 11.7467154 ], [ 2.3234797, 11.7505853 ], [ 2.3201389, 11.7539527 ], [ 2.3224044, 11.7584088 ], [ 2.3290753, 11.7603453 ], [ 2.3316155, 11.7636874 ], [ 2.3343539, 11.7636542 ], [ 2.3369656, 11.7660931 ], [ 2.3381492, 11.7702508 ], [ 2.3396151, 11.7717795 ], [ 2.3436363, 11.7736883 ], [ 2.3427618, 11.7763781 ], [ 2.3402002, 11.7792802 ], [ 2.3389243, 11.7824166 ], [ 2.3416514, 11.7845547 ], [ 2.3462738, 11.7838196 ], [ 2.3509382, 11.7848041 ], [ 2.360836, 11.7896516 ], [ 2.3690248, 11.787639 ], [ 2.3742001, 11.7893673 ], [ 2.3759463, 11.7919309 ], [ 2.3752041, 11.7947759 ], [ 2.3714507, 11.7988955 ], [ 2.3711393, 11.8031414 ], [ 2.37198, 11.8042067 ], [ 2.3719916, 11.8086231 ], [ 2.3690623, 11.810224 ], [ 2.3704701, 11.8123999 ], [ 2.368341, 11.8148644 ], [ 2.3691225, 11.8177394 ], [ 2.3728424, 11.8194316 ], [ 2.3757626, 11.8218602 ], [ 2.3837864, 11.8246401 ], [ 2.3850665, 11.8282442 ], [ 2.3809959, 11.8293799 ], [ 2.3768271, 11.8326075 ], [ 2.376392, 11.836218 ], [ 2.3786815, 11.8394029 ], [ 2.3784708, 11.8420049 ], [ 2.3799683, 11.8453417 ], [ 2.3798678, 11.8551063 ], [ 2.3813484, 11.857794 ], [ 2.3861173, 11.8593577 ], [ 2.3926192, 11.8607496 ], [ 2.396415, 11.8656251 ], [ 2.399605, 11.8683092 ], [ 2.4041601, 11.8746075 ], [ 2.4043069, 11.8798284 ], [ 2.4029736, 11.8833642 ], [ 2.3986658, 11.8891022 ], [ 2.397288, 11.8938903 ], [ 2.4006454, 11.8985162 ], [ 2.4040628, 11.9003225 ], [ 2.3442151, 11.9802377 ], [ 2.2880484, 12.055206 ], [ 2.2335491, 12.127949 ], [ 2.1787931, 12.2010344 ], [ 2.1199981, 12.2795109 ], [ 2.0684513, 12.3483276 ], [ 2.0668531, 12.3508872 ], [ 2.0656855, 12.3571014 ], [ 2.0705968, 12.3616018 ], [ 2.0716891, 12.364113 ], [ 2.0739385, 12.3653011 ], [ 2.0739063, 12.367472 ], [ 2.0755126, 12.3703414 ], [ 2.0741032, 12.3732408 ], [ 2.0713901, 12.3735561 ], [ 2.0708093, 12.3769357 ], [ 2.0723548, 12.3793612 ], [ 2.0755527, 12.3797082 ], [ 2.0778076, 12.3828904 ], [ 2.0817415, 12.3900085 ], [ 2.0835006, 12.388993 ], [ 2.0846423, 12.3919261 ], [ 2.0878406, 12.3939559 ], [ 2.0928885, 12.3941105 ], [ 2.0938879, 12.3918056 ], [ 2.099709, 12.3936743 ], [ 2.1072092, 12.3938594 ], [ 2.1080027, 12.3917001 ], [ 2.1049381, 12.3890808 ], [ 2.1083985, 12.3855495 ], [ 2.1102811, 12.3818152 ], [ 2.1117274, 12.38162 ], [ 2.1153256, 12.3856422 ], [ 2.1184943, 12.390851 ], [ 2.1194102, 12.3959844 ], [ 2.123944, 12.3982666 ], [ 2.1256553, 12.3961048 ], [ 2.1284554, 12.3951614 ], [ 2.1303568, 12.3959289 ], [ 2.131785, 12.4007187 ], [ 2.1384816, 12.4011709 ], [ 2.1397075, 12.4045118 ], [ 2.1439574, 12.4061599 ], [ 2.1480919, 12.4057355 ], [ 2.1560778, 12.4090983 ], [ 2.1556033, 12.4159449 ], [ 2.1590589, 12.4176559 ], [ 2.1631727, 12.4177739 ], [ 2.1648902, 12.4128655 ], [ 2.1694822, 12.414814 ], [ 2.1713172, 12.4182188 ], [ 2.1771186, 12.4245181 ], [ 2.1793226, 12.4241993 ], [ 2.1811671, 12.4199481 ], [ 2.1804829, 12.4160181 ], [ 2.1834651, 12.4162888 ], [ 2.1870889, 12.4210283 ], [ 2.1929958, 12.422367 ], [ 2.1965053, 12.4207173 ], [ 2.1993811, 12.4211775 ], [ 2.2021109, 12.4232733 ], [ 2.2046505, 12.4232856 ], [ 2.2130621, 12.4207007 ], [ 2.2143817, 12.4179391 ], [ 2.2150176, 12.4135482 ], [ 2.2162215, 12.4120921 ], [ 2.2204622, 12.4124578 ], [ 2.2226958, 12.4140114 ], [ 2.2249348, 12.4179542 ], [ 2.2252876, 12.4200806 ], [ 2.2293322, 12.4224174 ], [ 2.233291, 12.4221996 ], [ 2.2407182, 12.4229133 ], [ 2.2434101, 12.4218095 ], [ 2.2426735, 12.4175954 ], [ 2.2462342, 12.4164834 ], [ 2.249416, 12.420811 ], [ 2.25323, 12.4201753 ], [ 2.2578358, 12.4138359 ], [ 2.2620147, 12.4134271 ], [ 2.263665, 12.4151986 ], [ 2.2633929, 12.4208425 ], [ 2.2778671, 12.4251764 ], [ 2.2717818, 12.4333387 ], [ 2.2689478, 12.4403866 ], [ 2.2684246, 12.4434932 ], [ 2.2684817, 12.4575189 ], [ 2.2696229, 12.4643763 ], [ 2.2718014, 12.4726879 ], [ 2.2306375, 12.5236241 ], [ 2.2289007, 12.583971 ], [ 2.2007955, 12.6288253 ], [ 2.152248, 12.6491153 ], [ 2.1614206, 12.6670509 ], [ 2.1629233, 12.6903786 ], [ 2.1359192, 12.695774 ], [ 2.1140787, 12.7053008 ], [ 2.1128538, 12.708463 ], [ 2.1110368, 12.7170767 ], [ 2.1098205, 12.7193623 ], [ 2.1105094, 12.7217357 ], [ 2.1089278, 12.7260369 ], [ 2.1066333, 12.7288725 ], [ 2.104043, 12.7290452 ], [ 2.0944463, 12.7238627 ], [ 2.0947373, 12.7221527 ], [ 2.0912827, 12.7186763 ], [ 2.0884149, 12.7195614 ], [ 2.0851869, 12.7228642 ], [ 2.0802773, 12.7246882 ], [ 2.0789542, 12.7232594 ], [ 2.0738804, 12.7234616 ], [ 2.0699973, 12.7254516 ], [ 2.0661139, 12.7245146 ], [ 2.0622952, 12.7276129 ], [ 2.0589088, 12.7255158 ], [ 2.0562582, 12.7263237 ], [ 2.052688, 12.7261269 ], [ 2.0482611, 12.7283356 ], [ 2.0455017, 12.7270449 ], [ 2.0429297, 12.7245395 ], [ 2.0389067, 12.7258037 ], [ 2.0357073, 12.7247858 ], [ 2.0307317, 12.7255358 ], [ 2.0183616, 12.7253211 ], [ 2.0077033, 12.7295393 ], [ 2.0049486, 12.7294166 ], [ 2.0016408, 12.7306319 ], [ 1.9955167, 12.7345596 ], [ 1.9914298, 12.7343526 ], [ 1.9871045, 12.735506 ], [ 1.9836951, 12.7376941 ], [ 1.9788298, 12.7357056 ], [ 1.9504352, 12.692137 ], [ 1.9273029, 12.6930237 ], [ 1.8685752, 12.605341 ], [ 1.8269843, 12.6289682 ], [ 1.7582482, 12.6680161 ], [ 1.7145972, 12.6928136 ], [ 1.6413078, 12.7344482 ], [ 1.5722257, 12.7736927 ], [ 1.5318054, 12.7966549 ], [ 1.4661866, 12.8339318 ], [ 1.3933564, 12.8753056 ], [ 1.3454575, 12.9025163 ], [ 1.2792975, 12.9401007 ], [ 1.2028388, 12.9835357 ], [ 1.1607465, 13.0074477 ], [ 1.0818625, 13.0522605 ], [ 0.9919204, 13.1033553 ], [ 0.9935307, 13.1011876 ], [ 0.9954295, 13.093264 ], [ 0.9924029, 13.0924074 ], [ 0.9949013, 13.0890238 ], [ 0.9930739, 13.0871678 ], [ 0.9928455, 13.0844695 ], [ 0.9897395, 13.0843754 ], [ 0.9886352, 13.0859785 ], [ 0.984204, 13.0845327 ], [ 0.9781293, 13.0840244 ], [ 0.9736795, 13.0857296 ], [ 0.9635169, 13.08358 ], [ 0.9603711, 13.0841532 ], [ 0.9561538, 13.0825186 ], [ 0.9466513, 13.0830431 ], [ 0.9440465, 13.0840282 ], [ 0.9383652, 13.0829067 ], [ 0.9342892, 13.0809374 ], [ 0.9294204, 13.0829735 ], [ 0.9267119, 13.0800104 ], [ 0.9188769, 13.0780029 ], [ 0.9165179, 13.0741644 ], [ 0.911971, 13.07125 ], [ 0.9080196, 13.0698795 ], [ 0.9056998, 13.0658684 ], [ 0.9055805, 13.0637226 ], [ 0.901627, 13.0626221 ], [ 0.9017375, 13.0585403 ], [ 0.9007245, 13.0571928 ], [ 0.8945856, 13.0556145 ], [ 0.8931763, 13.0531225 ], [ 0.8898188, 13.0535669 ], [ 0.8875334, 13.056962 ], [ 0.8844667, 13.0569372 ], [ 0.8833249, 13.0544481 ], [ 0.8851543, 13.0483704 ], [ 0.8857619, 13.0445175 ], [ 0.8833493, 13.0396099 ], [ 0.8787147, 13.0382967 ], [ 0.8725926, 13.0349712 ], [ 0.8676771, 13.0350657 ], [ 0.8613659, 13.0382299 ], [ 0.8607181, 13.0413027 ], [ 0.8570139, 13.0432825 ], [ 0.8529915, 13.0426435 ], [ 0.8515047, 13.0445862 ], [ 0.8480297, 13.0437527 ], [ 0.8415585, 13.0412197 ], [ 0.8398901, 13.036788 ], [ 0.837658, 13.0354385 ], [ 0.8361256, 13.0313435 ], [ 0.8391739, 13.0264072 ], [ 0.8430696, 13.0257683 ], [ 0.8455593, 13.0222397 ], [ 0.8451877, 13.0184889 ], [ 0.843533, 13.0156326 ], [ 0.836848, 13.0143013 ], [ 0.8370735, 13.0119591 ], [ 0.8355168, 13.0104694 ], [ 0.8299811, 13.0106964 ], [ 0.8257866, 13.0068407 ], [ 0.8218874, 13.0069447 ], [ 0.8200731, 13.004385 ], [ 0.8150978, 13.003005 ], [ 0.8129589, 13.0055304 ], [ 0.8106584, 13.0035648 ], [ 0.8089928, 13.0058327 ], [ 0.8066064, 13.0052061 ], [ 0.8006496, 13.009882 ], [ 0.8002149, 13.0118885 ], [ 0.796573, 13.0150099 ], [ 0.7968057, 13.0186958 ], [ 0.7913558, 13.0264101 ], [ 0.7882749, 13.0277882 ], [ 0.784245, 13.0270205 ], [ 0.7821574, 13.0241232 ], [ 0.7801679, 13.0253744 ], [ 0.7740246, 13.0243902 ], [ 0.7725612, 13.0208921 ], [ 0.7741419, 13.0121498 ], [ 0.7726608, 13.0105352 ], [ 0.7759042, 13.0066061 ], [ 0.7790762, 13.0008106 ], [ 0.778752, 12.9967155 ], [ 0.7800429, 12.9931316 ], [ 0.7777607, 12.9864578 ], [ 0.7727431, 12.9809017 ], [ 0.7684647, 12.9801044 ], [ 0.7636613, 12.9838848 ], [ 0.7609345, 12.9840965 ], [ 0.7564819, 12.9859972 ], [ 0.7538831, 12.9881926 ], [ 0.7512242, 12.9890118 ], [ 0.7421285, 12.993371 ], [ 0.7368987, 12.9934797 ], [ 0.7344235, 12.9915476 ], [ 0.7288204, 12.9901228 ], [ 0.7253501, 12.9860363 ], [ 0.7222966, 12.9865446 ], [ 0.7179981, 12.9849949 ], [ 0.7154146, 12.9855795 ], [ 0.7109765, 12.9840927 ], [ 0.7089696, 12.9824629 ], [ 0.6961644, 12.9835014 ], [ 0.6930857, 12.9865341 ], [ 0.692601, 12.988821 ], [ 0.6897001, 12.9897909 ], [ 0.6891905, 12.9945326 ], [ 0.6903017, 12.9998751 ], [ 0.6917026, 13.0008993 ], [ 0.6914934, 13.0045033 ], [ 0.687441, 13.0069494 ], [ 0.6819406, 13.0035496 ], [ 0.6783229, 13.0031834 ], [ 0.6750941, 13.0044956 ], [ 0.6746319, 13.0009155 ], [ 0.6715759, 12.995101 ], [ 0.6747377, 12.9912262 ], [ 0.6743924, 12.9869308 ], [ 0.6727831, 12.9834757 ], [ 0.6675776, 12.9811296 ], [ 0.6557355, 12.9800367 ], [ 0.6540874, 12.980402 ], [ 0.652292, 12.988039 ], [ 0.6504722, 12.9907751 ], [ 0.6505181, 12.9944515 ], [ 0.6484167, 13.0009346 ], [ 0.6463297, 13.0038586 ], [ 0.6396828, 13.0060186 ], [ 0.6344154, 13.0060968 ], [ 0.6325134, 13.0050755 ], [ 0.6330355, 13.0009956 ], [ 0.6346729, 12.9980946 ], [ 0.6294752, 12.9949865 ], [ 0.6269704, 12.9959602 ], [ 0.6225965, 12.9963017 ], [ 0.6146569, 12.9947805 ], [ 0.6117041, 12.9935226 ], [ 0.610941, 12.9913778 ], [ 0.6117795, 12.9861794 ], [ 0.6073294, 12.9859114 ], [ 0.6078294, 12.9830818 ], [ 0.6070144, 12.9805841 ], [ 0.6032861, 12.978404 ], [ 0.6023782, 12.9759417 ], [ 0.5976642, 12.9716959 ], [ 0.5952576, 12.9703703 ], [ 0.5912231, 12.9754591 ], [ 0.5853544, 12.977397 ], [ 0.582136, 12.9812527 ], [ 0.5788109, 12.9865017 ], [ 0.5773533, 12.9916143 ], [ 0.5754538, 12.9938965 ], [ 0.573159, 13.0057297 ], [ 0.5741035, 13.0135088 ], [ 0.5739053, 13.0192766 ], [ 0.5707925, 13.0226698 ], [ 0.570744, 13.0273609 ], [ 0.5699105, 13.0292635 ], [ 0.5634404, 13.0338326 ], [ 0.560021, 13.033864 ], [ 0.5548117, 13.0353651 ], [ 0.5509587, 13.0379372 ], [ 0.5405803, 13.0414362 ], [ 0.5369529, 13.0418644 ], [ 0.532609, 13.0453825 ], [ 0.5289674, 13.0471601 ], [ 0.5271207, 13.0470066 ], [ 0.5201858, 13.0499573 ], [ 0.5168762, 13.0526075 ], [ 0.5126938, 13.0539722 ], [ 0.5077377, 13.057621 ], [ 0.5022302, 13.0679388 ], [ 0.4957665, 13.0742455 ], [ 0.494604, 13.0792332 ], [ 0.4914706, 13.0879164 ], [ 0.4911617, 13.0943527 ], [ 0.4897027, 13.0967941 ], [ 0.4905102, 13.0999622 ], [ 0.4932512, 13.1047344 ], [ 0.4895483, 13.1112471 ], [ 0.48735, 13.1163168 ], [ 0.4855305, 13.1187534 ], [ 0.4814463, 13.1202364 ], [ 0.475488, 13.1232319 ], [ 0.4618158, 13.1265163 ], [ 0.4489105, 13.1280508 ], [ 0.4405918, 13.131196 ], [ 0.4342451, 13.1528997 ], [ 0.4274137, 13.1748705 ], [ 0.4253193, 13.1769695 ], [ 0.397068, 13.1869326 ], [ 0.3345098, 13.2099142 ], [ 0.286385, 13.2282362 ], [ 0.2649072, 13.229495 ], [ 0.2452466, 13.2609186 ], [ 0.2437877, 13.2646914 ], [ 0.248529, 13.2699938 ], [ 0.2479341, 13.2726688 ], [ 0.2433976, 13.2817459 ], [ 0.2414866, 13.2845888 ], [ 0.2388337, 13.2859468 ], [ 0.2324159, 13.2871675 ], [ 0.2309704, 13.2897358 ], [ 0.2317377, 13.2970266 ], [ 0.2305526, 13.3019066 ], [ 0.2260827, 13.3050861 ], [ 0.2123288, 13.3139849 ], [ 0.1893467, 13.3299732 ], [ 0.1786202, 13.3369637 ], [ 0.1759493, 13.339798 ], [ 0.1736424, 13.3439236 ], [ 0.1575244, 13.3684702 ], [ 0.1494609, 13.3810234 ], [ 0.1407139, 13.3957815 ], [ 0.134936, 13.4059582 ], [ 0.1293145, 13.4193621 ], [ 0.1176208, 13.4512472 ], [ 0.1127435, 13.4650307 ], [ 0.1079247, 13.4824114 ], [ 0.1036456, 13.4933472 ], [ 0.096491, 13.4920673 ], [ 0.0807217, 13.4869156 ], [ 0.069614, 13.4855013 ], [ 0.0664954, 13.486021 ], [ 0.0624372, 13.4945574 ], [ 0.060571, 13.5010872 ], [ 0.0584459, 13.5052147 ], [ 0.0571495, 13.5105553 ], [ 0.0573993, 13.5136929 ], [ 0.0590429, 13.517951 ], [ 0.0636671, 13.5255661 ], [ 0.0670962, 13.5378714 ], [ 0.0680575, 13.5442505 ], [ 0.066513, 13.5625906 ], [ 0.066545, 13.5676641 ], [ 0.0652501, 13.5736399 ], [ 0.0619052, 13.5774813 ], [ 0.0548119, 13.5794363 ], [ 0.0488737, 13.5792818 ], [ 0.0340804, 13.5780087 ], [ 0.0024595, 13.5728636 ], [ -0.003769, 13.5712233 ], [ -0.0037696, 13.5685377 ], [ -0.0084062, 13.5667143 ], [ -0.0098169, 13.5615768 ], [ -0.0143182, 13.5546875 ], [ -0.0196721, 13.5491819 ], [ -0.0255886, 13.5421991 ], [ -0.0276646, 13.5410042 ], [ -0.0337712, 13.5414658 ], [ -0.0424245, 13.5447779 ], [ -0.0497629, 13.5458784 ], [ -0.0601991, 13.544591 ], [ -0.0671568, 13.5418425 ], [ -0.0724154, 13.5412903 ], [ -0.082576, 13.5438595 ], [ -0.0879436, 13.5467072 ], [ -0.0939656, 13.5513897 ], [ -0.0994291, 13.5588322 ], [ -0.1030102, 13.5626898 ], [ -0.1071449, 13.5634251 ], [ -0.1143903, 13.5630569 ], [ -0.1180587, 13.5633259 ], [ -0.1226648, 13.5665445 ], [ -0.1302852, 13.5681963 ], [ -0.1326432, 13.5715065 ], [ -0.1413892, 13.5726023 ], [ -0.1481643, 13.5721464 ], [ -0.1578477, 13.5729628 ], [ -0.1679218, 13.5744343 ], [ -0.177322, 13.5766296 ], [ -0.1803341, 13.5769081 ], [ -0.1840932, 13.5757122 ], [ -0.187664, 13.5731392 ], [ -0.1907588, 13.5692854 ], [ -0.1929204, 13.5653315 ], [ -0.1939307, 13.5533876 ], [ -0.1961789, 13.5474176 ], [ -0.2035849, 13.5349216 ], [ -0.2042395, 13.5308867 ], [ -0.207418, 13.5243568 ], [ -0.2108983, 13.5215111 ], [ -0.2154976, 13.5194912 ], [ -0.2184141, 13.5174618 ], [ -0.2224459, 13.5114927 ], [ -0.2236662, 13.5106659 ], [ -0.2298646, 13.509532 ], [ -0.2350053, 13.5095797 ], [ -0.2311879, 13.5034513 ], [ -0.2299802, 13.5005531 ], [ -0.2261566, 13.4950304 ], [ -0.2289172, 13.4902678 ], [ -0.2318985, 13.4881754 ], [ -0.2324133, 13.4833155 ], [ -0.2376784, 13.4709034 ], [ -0.2402203, 13.4692307 ], [ -0.2439829, 13.4683952 ], [ -0.257808, 13.4689455 ], [ -0.2609272, 13.4703541 ], [ -0.2626064, 13.4698114 ], [ -0.2692927, 13.4705181 ], [ -0.2724061, 13.4716101 ], [ -0.2782279, 13.4718809 ], [ -0.2828717, 13.4707747 ], [ -0.2908896, 13.4653358 ], [ -0.2967061, 13.4590769 ], [ -0.3004518, 13.4536543 ], [ -0.3029785, 13.4489698 ], [ -0.3053191, 13.4426279 ], [ -0.3055799, 13.4327097 ], [ -0.3071666, 13.4294891 ], [ -0.3106395, 13.4271021 ], [ -0.3187064, 13.4202976 ], [ -0.3213299, 13.4142294 ], [ -0.3201737, 13.4044943 ], [ -0.3176281, 13.4012842 ], [ -0.3115147, 13.3980713 ], [ -0.3039886, 13.3965168 ], [ -0.2864021, 13.3918505 ], [ -0.2823537, 13.3901062 ], [ -0.2790681, 13.3852596 ], [ -0.2782894, 13.3784504 ], [ -0.2768747, 13.3758755 ], [ -0.2735785, 13.3729372 ], [ -0.2741279, 13.3681583 ], [ -0.2781607, 13.3634272 ], [ -0.2824202, 13.3608589 ], [ -0.2869693, 13.3562241 ], [ -0.287369, 13.353343 ], [ -0.2909307, 13.3485518 ], [ -0.296031, 13.3441839 ], [ -0.2971301, 13.3415728 ], [ -0.3025379, 13.336051 ], [ -0.3022045, 13.3307657 ], [ -0.3036395, 13.3287277 ], [ -0.305298, 13.3166895 ], [ -0.3050055, 13.3119116 ], [ -0.3070623, 13.3051138 ], [ -0.3102433, 13.3021727 ], [ -0.3145588, 13.2994146 ], [ -0.3197218, 13.2950916 ], [ -0.321963, 13.2918692 ], [ -0.3259954, 13.2896595 ], [ -0.3350113, 13.287077 ], [ -0.3437211, 13.2773285 ], [ -0.3439993, 13.2754049 ], [ -0.3395711, 13.2684221 ], [ -0.3351382, 13.2628307 ], [ -0.3312648, 13.2549305 ], [ -0.3284348, 13.251627 ], [ -0.3223203, 13.2461271 ], [ -0.3190171, 13.2403402 ], [ -0.3196442, 13.2295933 ], [ -0.3186965, 13.2238035 ], [ -0.3195242, 13.2169123 ], [ -0.3194116, 13.2098379 ], [ -0.3177977, 13.205986 ], [ -0.3151606, 13.2019424 ], [ -0.3119571, 13.1991053 ], [ -0.3055676, 13.1962614 ], [ -0.3081786, 13.1901932 ], [ -0.3259785, 13.1716223 ], [ -0.32822, 13.1682186 ], [ -0.3295261, 13.1632576 ], [ -0.3303492, 13.1567364 ], [ -0.3339009, 13.1506681 ], [ -0.3450527, 13.139904 ], [ -0.3502096, 13.1385193 ], [ -0.3571503, 13.1351089 ], [ -0.3621128, 13.1300497 ], [ -0.3671606, 13.1219616 ], [ -0.3694884, 13.1153383 ], [ -0.3735568, 13.0951195 ], [ -0.3771636, 13.0748148 ], [ -0.3838658, 13.0559711 ], [ -0.386922, 13.041729 ], [ -0.3910026, 13.0255537 ], [ -0.391174, 13.0212317 ], [ -0.3891841, 13.0009689 ], [ -0.3906197, 13.0000238 ], [ -0.3876374, 12.9917021 ], [ -0.3849921, 12.9879446 ], [ -0.3775745, 12.9819756 ], [ -0.3738762, 12.9804659 ], [ -0.3613079, 12.9781332 ], [ -0.356106, 12.9746618 ], [ -0.35493, 12.9710999 ], [ -0.3539354, 12.9616556 ], [ -0.3545786, 12.9460402 ], [ -0.3580851, 12.9296455 ], [ -0.3583274, 12.9227962 ], [ -0.3556319, 12.9176722 ], [ -0.3546278, 12.9143448 ], [ -0.3515297, 12.9087858 ], [ -0.3452776, 12.9002104 ], [ -0.3390186, 12.889451 ], [ -0.3321527, 12.8798933 ], [ -0.3245139, 12.8728151 ], [ -0.3188179, 12.8692131 ], [ -0.3098945, 12.86415 ], [ -0.2983914, 12.858923 ], [ -0.2743671, 12.8521452 ], [ -0.2702542, 12.8501225 ], [ -0.2573415, 12.8451567 ], [ -0.2488825, 12.8409719 ], [ -0.242907, 12.8372736 ], [ -0.2324618, 12.8296127 ], [ -0.230995, 12.8234034 ], [ -0.2264777, 12.8188076 ], [ -0.223291, 12.8180456 ], [ -0.2165381, 12.8121929 ], [ -0.2132513, 12.8107615 ], [ -0.215933, 12.8065767 ], [ -0.2168135, 12.8029852 ], [ -0.2198558, 12.8007727 ], [ -0.2222736, 12.7939129 ], [ -0.2271473, 12.7898083 ], [ -0.2297081, 12.7836323 ], [ -0.2368559, 12.7739496 ], [ -0.2390916, 12.7688332 ], [ -0.2437999, 12.7595215 ], [ -0.2463243, 12.7567081 ], [ -0.2530679, 12.7531509 ], [ -0.2587606, 12.7488222 ], [ -0.2588832, 12.7409077 ], [ -0.2578878, 12.7367048 ], [ -0.2548118, 12.7290726 ], [ -0.2494394, 12.7211866 ], [ -0.2446608, 12.7150583 ], [ -0.2301356, 12.702383 ], [ -0.2196216, 12.6924639 ], [ -0.2181402, 12.690238 ], [ -0.2185042, 12.6863251 ], [ -0.220096, 12.6814585 ], [ -0.2208594, 12.6747847 ], [ -0.2229033, 12.666604 ], [ -0.2244894, 12.6570826 ], [ -0.2260564, 12.6497269 ], [ -0.2278796, 12.6346321 ], [ -0.2278548, 12.6268463 ], [ -0.2286507, 12.6217403 ], [ -0.2283279, 12.6105871 ], [ -0.2284853, 12.6034479 ], [ -0.2312435, 12.5938454 ], [ -0.2356827, 12.5797911 ], [ -0.2410765, 12.5684528 ], [ -0.2372027, 12.5668592 ], [ -0.2375449, 12.5634851 ], [ -0.2406731, 12.5597525 ], [ -0.2429134, 12.5568962 ], [ -0.2460345, 12.5511856 ], [ -0.2486973, 12.5485582 ], [ -0.2510182, 12.5418358 ], [ -0.2500651, 12.5370941 ], [ -0.2512154, 12.5307417 ], [ -0.2483849, 12.5250826 ], [ -0.24867, 12.5201759 ], [ -0.2510309, 12.5181751 ], [ -0.2556999, 12.5123253 ], [ -0.2565845, 12.5103455 ], [ -0.256621, 12.50634 ], [ -0.2558122, 12.5015535 ], [ -0.2575844, 12.498744 ], [ -0.2587921, 12.4949217 ], [ -0.2599926, 12.48843 ], [ -0.2572571, 12.4814825 ], [ -0.2607589, 12.4772444 ], [ -0.262247, 12.4733295 ], [ -0.2640496, 12.4644909 ], [ -0.2648707, 12.4564343 ], [ -0.2599134, 12.4497776 ], [ -0.2555914, 12.4420843 ], [ -0.251494, 12.4389124 ], [ -0.2442701, 12.4341888 ], [ -0.2402489, 12.4331369 ], [ -0.2303515, 12.4340534 ], [ -0.2183996, 12.4341221 ], [ -0.2076166, 12.4345236 ], [ -0.1926098, 12.4355268 ], [ -0.1888666, 12.4348459 ], [ -0.1857867, 12.4333878 ], [ -0.1792122, 12.4274187 ], [ -0.1699369, 12.424099 ], [ -0.1674962, 12.4183893 ], [ -0.1658566, 12.4175129 ], [ -0.1623811, 12.4120264 ], [ -0.1573264, 12.4097729 ], [ -0.1487978, 12.4025412 ], [ -0.1438299, 12.3963051 ], [ -0.1449896, 12.3952436 ], [ -0.148297, 12.3893032 ], [ -0.1502589, 12.3876438 ], [ -0.1538148, 12.3863983 ], [ -0.1546869, 12.3808279 ], [ -0.1583262, 12.3762684 ], [ -0.160607, 12.3718929 ], [ -0.1635043, 12.3698654 ], [ -0.1665127, 12.3719015 ], [ -0.1685655, 12.3707352 ], [ -0.1694384, 12.3654413 ], [ -0.1708307, 12.3615274 ], [ -0.1757797, 12.3566885 ], [ -0.1823009, 12.3581114 ], [ -0.182503, 12.3504219 ], [ -0.185403, 12.3493605 ], [ -0.1885769, 12.3469582 ], [ -0.1915374, 12.3391047 ], [ -0.1896104, 12.3326931 ], [ -0.1923621, 12.3293304 ], [ -0.1927228, 12.3250942 ], [ -0.195618, 12.3227434 ], [ -0.2030125, 12.3214016 ], [ -0.2047833, 12.3189135 ], [ -0.2047692, 12.3146334 ], [ -0.206867, 12.3118677 ], [ -0.2045696, 12.309556 ], [ -0.2057181, 12.3043661 ], [ -0.207681, 12.3023872 ], [ -0.2056965, 12.3007784 ], [ -0.2043349, 12.296958 ], [ -0.2056789, 12.2928123 ], [ -0.2072481, 12.2850666 ], [ -0.1961438, 12.2801962 ], [ -0.1922049, 12.27707 ], [ -0.1769899, 12.2731609 ], [ -0.1618852, 12.2705917 ], [ -0.143453, 12.2627802 ], [ -0.1382208, 12.2613001 ], [ -0.1275619, 12.2591209 ], [ -0.1117758, 12.2524948 ], [ -0.1077338, 12.2507219 ] ] ] ] } },
{ "type": "Feature", "properties": { "region": "Hauts-bassins", "id_adm": 9.0 }, "geometry": { "type": "MultiPolygon", "coordinates": [ [ [ [ -4.641451, 12.059607 ], [ -4.648896, 12.060692 ], [ -4.6501446, 12.0620568 ], [ -4.6543718, 12.061853 ], [ -4.6566081, 12.0642744 ], [ -4.6645521, 12.0652408 ], [ -4.670331, 12.0647523 ], [ -4.6727063, 12.0668194 ], [ -4.6752738, 12.0674155 ], [ -4.6787437, 12.065698 ], [ -4.6820587, 12.0664104 ], [ -4.6851209, 12.0647634 ], [ -4.6879442, 12.0655115 ], [ -4.6921913, 12.0653426 ], [ -4.7004199, 12.0660906 ], [ -4.703161, 12.0628549 ], [ -4.7042179, 12.059756 ], [ -4.7088277, 12.0552882 ], [ -4.7092584, 12.0505284 ], [ -4.7133845, 12.048744 ], [ -4.7163316, 12.0486486 ], [ -4.7146647, 12.0424547 ], [ -4.7162066, 12.0415065 ], [ -4.7165919, 12.0372335 ], [ -4.7190591, 12.0321695 ], [ -4.7207599, 12.0337038 ], [ -4.7236514, 12.0319248 ], [ -4.7220385, 12.0286768 ], [ -4.7246369, 12.0263625 ], [ -4.723158, 12.0244326 ], [ -4.7244659, 12.0161892 ], [ -4.7333386, 12.0037691 ], [ -4.736827, 12.0009247 ], [ -4.7405638, 11.9991001 ], [ -4.7454956, 11.9992645 ], [ -4.7450072, 12.0054213 ], [ -4.7468695, 12.0060126 ], [ -4.7483132, 12.0085873 ], [ -4.7531914, 12.0089139 ], [ -4.7556349, 12.0069188 ], [ -4.7625627, 12.0044308 ], [ -4.7655485, 12.0043028 ], [ -4.7664271, 12.0066001 ], [ -4.7656075, 12.0087159 ], [ -4.7776284, 12.0113807 ], [ -4.7842486, 12.0079672 ], [ -4.7858111, 12.0055407 ], [ -4.788413, 12.0063924 ], [ -4.7874654, 12.0097775 ], [ -4.7908315, 12.0121387 ], [ -4.7973632, 12.0083495 ], [ -4.8019698, 12.0092494 ], [ -4.8032874, 12.0108186 ], [ -4.8099484, 12.0139141 ], [ -4.8109564, 12.0120941 ], [ -4.8154873, 12.0091082 ], [ -4.8174606, 12.0092972 ], [ -4.8197971, 12.0075572 ], [ -4.8247842, 12.0124047 ], [ -4.8285452, 12.0135917 ], [ -4.8272208, 12.015901 ], [ -4.8311734, 12.0186584 ], [ -4.8344647, 12.018862 ], [ -4.8365909, 12.0140077 ], [ -4.8383975, 12.0125399 ], [ -4.840191, 12.0141392 ], [ -4.8424522, 12.0140999 ], [ -4.84436, 12.0160107 ], [ -4.8479808, 12.0178793 ], [ -4.8502318, 12.0170162 ], [ -4.8513744, 12.0135682 ], [ -4.8531664, 12.0116668 ], [ -4.8576492, 12.0098738 ], [ -4.8608761, 12.0102123 ], [ -4.8643761, 12.0072483 ], [ -4.8648837, 12.0031632 ], [ -4.8701006, 12.0032525 ], [ -4.8751147, 12.0016503 ], [ -4.8811075, 12.0018999 ], [ -4.885581, 12.0065834 ], [ -4.8895245, 12.0034745 ], [ -4.8936338, 12.0025481 ], [ -4.8985218, 12.0055893 ], [ -4.9011857, 12.0056341 ], [ -4.9033532, 12.0036555 ], [ -4.906623, 12.0044704 ], [ -4.9081941, 12.0035368 ], [ -4.9152627, 12.0027828 ], [ -4.914077, 12.0005445 ], [ -4.9151699, 11.998544 ], [ -4.9248255, 12.0005692 ], [ -4.9236597, 12.0019058 ], [ -4.9272178, 12.0051108 ], [ -4.9313038, 12.0040479 ], [ -4.9359523, 12.0046247 ], [ -4.9389072, 12.002819 ], [ -4.9412424, 12.0026816 ], [ -4.943839, 12.0043383 ], [ -4.9486719, 12.0024993 ], [ -4.9476883, 12.0008976 ], [ -4.9492736, 11.9987085 ], [ -4.9521496, 11.9977118 ], [ -4.9538219, 11.9995424 ], [ -4.9568466, 11.9992861 ], [ -4.9614858, 11.9960349 ], [ -4.9649194, 11.9980823 ], [ -4.9670596, 11.9973308 ], [ -4.9709618, 11.9930118 ], [ -4.9760937, 11.9940677 ], [ -4.9774994, 11.9969783 ], [ -4.9797025, 11.9962692 ], [ -4.9825199, 11.9919864 ], [ -4.9862699, 11.988189 ], [ -4.9875472, 11.9852075 ], [ -4.9937644, 11.9860144 ], [ -4.9941606, 11.9886475 ], [ -4.997, 11.989899 ], [ -5.0016471, 11.9874569 ], [ -5.0059469, 11.9891655 ], [ -5.0083491, 11.9863958 ], [ -5.0109906, 11.9855593 ], [ -5.0144212, 11.981616 ], [ -5.0168638, 11.9812088 ], [ -5.0179638, 11.9835994 ], [ -5.0205377, 11.9858528 ], [ -5.0237332, 11.9851541 ], [ -5.0274877, 11.9830342 ], [ -5.0365922, 11.9834876 ], [ -5.0383736, 11.981764 ], [ -5.0445729, 11.9807071 ], [ -5.0484467, 11.9812065 ], [ -5.0488723, 11.9799056 ], [ -5.0525664, 11.9781993 ], [ -5.0560419, 11.9774775 ], [ -5.0652252, 11.9819169 ], [ -5.0680939, 11.9827204 ], [ -5.0750575, 11.9819351 ], [ -5.0754494, 11.9795691 ], [ -5.0799599, 11.9737269 ], [ -5.0838105, 11.9702759 ], [ -5.0884334, 11.9710205 ], [ -5.0896624, 11.9681642 ], [ -5.0918475, 11.967781 ], [ -5.0947391, 11.9689 ], [ -5.0960827, 11.9641974 ], [ -5.1013887, 11.9630153 ], [ -5.10622, 11.9654286 ], [ -5.1101225, 11.9638575 ], [ -5.1101565, 11.9611982 ], [ -5.1186401, 11.9602223 ], [ -5.1260455, 11.957413 ], [ -5.1315581, 11.9507244 ], [ -5.1331094, 11.9515325 ], [ -5.136927, 11.9467181 ], [ -5.1406858, 11.945941 ], [ -5.1433251, 11.9489214 ], [ -5.1446965, 11.9485272 ], [ -5.1485677, 11.9447941 ], [ -5.1503407, 11.9355142 ], [ -5.1530641, 11.9336275 ], [ -5.1581204, 11.9363261 ], [ -5.1597576, 11.9361784 ], [ -5.1637459, 11.9331892 ], [ -5.1670085, 11.9284348 ], [ -5.1727155, 11.9269802 ], [ -5.1724657, 11.9196112 ], [ -5.1740297, 11.9159722 ], [ -5.1793312, 11.9124084 ], [ -5.1789914, 11.9073578 ], [ -5.1800866, 11.9037322 ], [ -5.1828353, 11.9051215 ], [ -5.1884852, 11.904341 ], [ -5.1862566, 11.901018 ], [ -5.1840278, 11.9008239 ], [ -5.1842363, 11.8981846 ], [ -5.1873508, 11.8979676 ], [ -5.1942782, 11.8990009 ], [ -5.1977639, 11.8981996 ], [ -5.1999528, 11.8947749 ], [ -5.203079, 11.8949266 ], [ -5.2047809, 11.8920546 ], [ -5.2086862, 11.8928057 ], [ -5.2085534, 11.8886554 ], [ -5.2093824, 11.8845423 ], [ -5.2123382, 11.881899 ], [ -5.2144239, 11.8811698 ], [ -5.2175416, 11.8827198 ], [ -5.2166213, 11.8785781 ], [ -5.2204289, 11.8755376 ], [ -5.2211983, 11.8732429 ], [ -5.2297829, 11.8676967 ], [ -5.2344874, 11.8708242 ], [ -5.2388472, 11.8670384 ], [ -5.24436, 11.8657558 ], [ -5.24513, 11.8621789 ], [ -5.2431634, 11.8598238 ], [ -5.243719, 11.8565729 ], [ -5.2459507, 11.8557061 ], [ -5.2474798, 11.8526688 ], [ -5.2435579, 11.8490878 ], [ -5.245474, 11.8473616 ], [ -5.2484276, 11.846873 ], [ -5.2468691, 11.8444981 ], [ -5.2459328, 11.8390209 ], [ -5.248335, 11.8377198 ], [ -5.2509564, 11.8384506 ], [ -5.2525115, 11.8412942 ], [ -5.2559859, 11.8412271 ], [ -5.2589852, 11.8379103 ], [ -5.2577909, 11.8330673 ], [ -5.2625248, 11.834297 ], [ -5.2671705, 11.8403621 ], [ -5.2687369, 11.8384566 ], [ -5.2752594, 11.84033 ], [ -5.2783013, 11.8470942 ], [ -5.2781677, 11.8504693 ], [ -5.2769563, 11.8530539 ], [ -5.2795472, 11.8536147 ], [ -5.2805467, 11.8509573 ], [ -5.2824761, 11.8511301 ], [ -5.2867069, 11.8537879 ], [ -5.291993, 11.8530094 ], [ -5.2933492, 11.8501017 ], [ -5.296056, 11.8506499 ], [ -5.2979601, 11.8492731 ], [ -5.2977342, 11.8455094 ], [ -5.2987241, 11.8430652 ], [ -5.3014335, 11.8398557 ], [ -5.3019898, 11.8365497 ], [ -5.3033089, 11.8353402 ], [ -5.3056161, 11.8376526 ], [ -5.3113397, 11.839054 ], [ -5.3117922, 11.8406113 ], [ -5.3166237, 11.8417633 ], [ -5.3189524, 11.8412974 ], [ -5.3201142, 11.8477596 ], [ -5.3228004, 11.8485399 ], [ -5.323548, 11.8450134 ], [ -5.32868, 11.8415302 ], [ -5.3284743, 11.8398597 ], [ -5.332375, 11.8354939 ], [ -5.3367, 11.8342672 ], [ -5.3382, 11.8292671 ], [ -5.3407263, 11.8305035 ], [ -5.3426484, 11.8275349 ], [ -5.3487398, 11.824585 ], [ -5.353138, 11.8230266 ], [ -5.353895, 11.8212159 ], [ -5.3565317, 11.8218615 ], [ -5.3555176, 11.8244097 ], [ -5.3573654, 11.8293931 ], [ -5.3590881, 11.8299703 ], [ -5.3611489, 11.8331262 ], [ -5.3638547, 11.8314839 ], [ -5.3663516, 11.8332344 ], [ -5.3686783, 11.8369033 ], [ -5.3705574, 11.8346351 ], [ -5.3737424, 11.8333842 ], [ -5.3733344, 11.8370694 ], [ -5.3747469, 11.8397201 ], [ -5.3783252, 11.8360651 ], [ -5.3810492, 11.8374553 ], [ -5.3799474, 11.8411445 ], [ -5.3810062, 11.8421428 ], [ -5.3875085, 11.8387047 ], [ -5.3895928, 11.8404649 ], [ -5.3963585, 11.8339944 ], [ -5.400696, 11.8344208 ], [ -5.4042281, 11.8309448 ], [ -5.4042086, 11.8282228 ], [ -5.4060168, 11.8266564 ], [ -5.4030344, 11.8258057 ], [ -5.4010885, 11.8231329 ], [ -5.3987376, 11.8218395 ], [ -5.3938473, 11.8214597 ], [ -5.391129, 11.8192496 ], [ -5.392969, 11.8159856 ], [ -5.3871112, 11.8161588 ], [ -5.3852401, 11.8178819 ], [ -5.3800791, 11.819887 ], [ -5.3791173, 11.8162211 ], [ -5.3760208, 11.8128034 ], [ -5.3756518, 11.8095844 ], [ -5.3717995, 11.8118417 ], [ -5.3678136, 11.8121352 ], [ -5.3668626, 11.8089357 ], [ -5.3636867, 11.8081244 ], [ -5.3651015, 11.804263 ], [ -5.3598735, 11.8014357 ], [ -5.3598219, 11.80385 ], [ -5.3568459, 11.8036621 ], [ -5.3550281, 11.8009327 ], [ -5.353783, 11.7970589 ], [ -5.3503518, 11.7952142 ], [ -5.3512255, 11.7991763 ], [ -5.3470683, 11.8072693 ], [ -5.3435825, 11.8077573 ], [ -5.3439583, 11.8020259 ], [ -5.3411848, 11.8024534 ], [ -5.3396535, 11.8044567 ], [ -5.3361436, 11.8042358 ], [ -5.33592, 11.7984074 ], [ -5.3331667, 11.7978316 ], [ -5.3323892, 11.8008029 ], [ -5.3270502, 11.8007328 ], [ -5.3273393, 11.8034969 ], [ -5.3257524, 11.8046971 ], [ -5.3226689, 11.8047033 ], [ -5.3246811, 11.8009363 ], [ -5.3224308, 11.7989291 ], [ -5.3205455, 11.7992174 ], [ -5.3155836, 11.7940345 ], [ -5.3111244, 11.7943011 ], [ -5.3061043, 11.7932324 ], [ -5.3064853, 11.7878589 ], [ -5.3036414, 11.7870322 ], [ -5.2996481, 11.784151 ], [ -5.2963354, 11.7844567 ], [ -5.2935941, 11.7835745 ], [ -5.2908893, 11.7847453 ], [ -5.2893507, 11.7794047 ], [ -5.2849045, 11.7767347 ], [ -5.2852263, 11.7727888 ], [ -5.2869496, 11.7712331 ], [ -5.2923899, 11.7734113 ], [ -5.2939041, 11.7716021 ], [ -5.292576, 11.7694161 ], [ -5.2919672, 11.7655761 ], [ -5.2881532, 11.7650273 ], [ -5.2869206, 11.7628945 ], [ -5.2833172, 11.7610215 ], [ -5.2795167, 11.7601871 ], [ -5.275366, 11.7566134 ], [ -5.266384, 11.7617213 ], [ -5.2613553, 11.7633494 ], [ -5.2599894, 11.7617512 ], [ -5.2597908, 11.7585061 ], [ -5.2616589, 11.7558392 ], [ -5.261862, 11.7523758 ], [ -5.258735, 11.7470584 ], [ -5.2595062, 11.7411748 ], [ -5.2592977, 11.7363868 ], [ -5.2645653, 11.7270496 ], [ -5.266154, 11.7198007 ], [ -5.2680549, 11.7135967 ], [ -5.2673322, 11.7103154 ], [ -5.2698398, 11.7094799 ], [ -5.2709672, 11.7069371 ], [ -5.2698491, 11.7054886 ], [ -5.2688431, 11.6997563 ], [ -5.2667914, 11.6975023 ], [ -5.2668843, 11.6913337 ], [ -5.266369, 11.6897832 ], [ -5.2674418, 11.6849164 ], [ -5.2651494, 11.6794888 ], [ -5.2676453, 11.676795 ], [ -5.2699534, 11.6710628 ], [ -5.2697562, 11.668891 ], [ -5.2726296, 11.6631177 ], [ -5.2749952, 11.6620745 ], [ -5.2748162, 11.6599916 ], [ -5.2772614, 11.6577304 ], [ -5.2790066, 11.6539079 ], [ -5.2818619, 11.6536567 ], [ -5.2812301, 11.6505334 ], [ -5.2818898, 11.6451375 ], [ -5.2847212, 11.6416158 ], [ -5.2839351, 11.639918 ], [ -5.2867055, 11.6381839 ], [ -5.28767, 11.6329014 ], [ -5.2899828, 11.6311743 ], [ -5.2918175, 11.6315606 ], [ -5.2931775, 11.6287003 ], [ -5.292316, 11.6269115 ], [ -5.2934833, 11.624595 ], [ -5.2924291, 11.6230085 ], [ -5.2935056, 11.6170819 ], [ -5.2862254, 11.6096111 ], [ -5.2838257, 11.6097317 ], [ -5.2812217, 11.6055326 ], [ -5.2744379, 11.6016069 ], [ -5.2643855, 11.6045683 ], [ -5.2601627, 11.6047111 ], [ -5.2583024, 11.603481 ], [ -5.2558072, 11.6051272 ], [ -5.254012, 11.603486 ], [ -5.2488548, 11.6025762 ], [ -5.2455505, 11.6032005 ], [ -5.2440641, 11.6049205 ], [ -5.2360544, 11.6020889 ], [ -5.2332316, 11.6000464 ], [ -5.2320419, 11.597557 ], [ -5.2328438, 11.5935252 ], [ -5.231467, 11.5918839 ], [ -5.227545, 11.5904663 ], [ -5.2221427, 11.585512 ], [ -5.2191464, 11.5808217 ], [ -5.2168198, 11.5794298 ], [ -5.2153446, 11.5745647 ], [ -5.2158597, 11.5672893 ], [ -5.2145297, 11.5642956 ], [ -5.2150343, 11.5600229 ], [ -5.2147679, 11.5555036 ], [ -5.212291, 11.5506871 ], [ -5.2078132, 11.5463797 ], [ -5.2094585, 11.5449805 ], [ -5.2066119, 11.541677 ], [ -5.2043906, 11.5340716 ], [ -5.2019429, 11.5330999 ], [ -5.1995908, 11.530247 ], [ -5.2015625, 11.5262442 ], [ -5.2035521, 11.5196366 ], [ -5.2035913, 11.5160184 ], [ -5.2052285, 11.5107405 ], [ -5.2076403, 11.5069736 ], [ -5.2066049, 11.5031804 ], [ -5.2067716, 11.5004751 ], [ -5.2097425, 11.4974859 ], [ -5.2075766, 11.4951379 ], [ -5.2066942, 11.4918805 ], [ -5.2051065, 11.4919589 ], [ -5.2033343, 11.4852952 ], [ -5.2005163, 11.4832453 ], [ -5.2016784, 11.4809043 ], [ -5.2050422, 11.4785716 ], [ -5.2038432, 11.4743169 ], [ -5.2046239, 11.4713295 ], [ -5.2069847, 11.4708149 ], [ -5.2068456, 11.4668588 ], [ -5.2084888, 11.4660623 ], [ -5.2084516, 11.4609793 ], [ -5.2100338, 11.4578231 ], [ -5.2053337, 11.4535885 ], [ -5.2049042, 11.4513501 ], [ -5.2007792, 11.4454458 ], [ -5.1995199, 11.4417399 ], [ -5.2002005, 11.4397685 ], [ -5.1985352, 11.433761 ], [ -5.1992531, 11.4299215 ], [ -5.1983903, 11.4286583 ], [ -5.202783, 11.422581 ], [ -5.2083283, 11.4191622 ], [ -5.2112632, 11.4189749 ], [ -5.2153501, 11.4160766 ], [ -5.2150909, 11.4125848 ], [ -5.2189102, 11.4122266 ], [ -5.2218635, 11.4077199 ], [ -5.2259856, 11.4059585 ], [ -5.2274984, 11.4032177 ], [ -5.2310511, 11.4000148 ], [ -5.2389449, 11.3958605 ], [ -5.2425411, 11.3965861 ], [ -5.244954, 11.392515 ], [ -5.249718, 11.380891 ], [ -5.253148, 11.369266 ], [ -5.2556184, 11.3597921 ], [ -5.2568319, 11.3437307 ], [ -5.2569746, 11.3305961 ], [ -5.2566891, 11.3206024 ], [ -5.2541193, 11.2867664 ], [ -5.252763, 11.2745598 ], [ -5.2521205, 11.2642805 ], [ -5.2526202, 11.2555003 ], [ -5.253339, 11.249399 ], [ -5.256007, 11.244063 ], [ -5.259628, 11.240824 ], [ -5.264392, 11.237965 ], [ -5.269918, 11.235488 ], [ -5.286498, 11.230724 ], [ -5.293358, 11.228246 ], [ -5.299075, 11.225007 ], [ -5.30403, 11.221576 ], [ -5.315845, 11.215288 ], [ -5.3208, 11.211286 ], [ -5.32442, 11.206331 ], [ -5.326707, 11.201186 ], [ -5.327279, 11.188608 ], [ -5.326898, 11.182129 ], [ -5.3251092, 11.166092 ], [ -5.3249986, 11.1571279 ], [ -5.325755, 11.152592 ], [ -5.328613, 11.143635 ], [ -5.332996, 11.138299 ], [ -5.33776, 11.133725 ], [ -5.342906, 11.129533 ], [ -5.3607229, 11.1191889 ], [ -5.374921, 11.110667 ], [ -5.383115, 11.106665 ], [ -5.391881, 11.103426 ], [ -5.404077, 11.099805 ], [ -5.427707, 11.09485 ], [ -5.450956, 11.088561 ], [ -5.462962, 11.086275 ], [ -5.4695921, 11.0846256 ], [ -5.4834525, 11.0839415 ], [ -5.4886408, 11.0832205 ], [ -5.4888658, 11.0815918 ], [ -5.4874976, 11.0474763 ], [ -5.484276, 11.0362451 ], [ -5.4798003, 11.0264572 ], [ -5.4751775, 11.0225052 ], [ -5.4746342, 11.020064 ], [ -5.4538355, 11.02143 ], [ -5.4430952, 11.0211906 ], [ -5.43683, 11.0203896 ], [ -5.4320621, 11.0190163 ], [ -5.4240265, 11.0179405 ], [ -5.4182239, 11.0155611 ], [ -5.4000564, 11.003273 ], [ -5.3957829, 10.9989586 ], [ -5.4046321, 10.9989615 ], [ -5.4010715, 10.9925461 ], [ -5.3981566, 10.988905 ], [ -5.3838387, 10.9770479 ], [ -5.3778596, 10.9728432 ], [ -5.3645363, 10.9652348 ], [ -5.3547277, 10.9590263 ], [ -5.3469615, 10.9557533 ], [ -5.3409424, 10.9537554 ], [ -5.3251157, 10.9455462 ], [ -5.3166513, 10.9422598 ], [ -5.3121266, 10.9401045 ], [ -5.3030987, 10.9345989 ], [ -5.2881522, 10.924242 ], [ -5.282804, 10.9212894 ], [ -5.2794981, 10.9187412 ], [ -5.274817, 10.9100504 ], [ -5.2721105, 10.9004288 ], [ -5.2704568, 10.8893099 ], [ -5.2701354, 10.8792295 ], [ -5.269177, 10.8707905 ], [ -5.2676921, 10.86308 ], [ -5.2666154, 10.8519936 ], [ -5.2576408, 10.8552055 ], [ -5.253149, 10.8587542 ], [ -5.2490582, 10.8607941 ], [ -5.2363949, 10.8629446 ], [ -5.2321863, 10.860425 ], [ -5.227107, 10.8541651 ], [ -5.2250113, 10.849247 ], [ -5.2253485, 10.8437786 ], [ -5.2248073, 10.8404093 ], [ -5.2249298, 10.8315315 ], [ -5.2233701, 10.8229914 ], [ -5.219274, 10.8155508 ], [ -5.2171879, 10.8077354 ], [ -5.2072735, 10.7977448 ], [ -5.2021418, 10.7884903 ], [ -5.2005763, 10.7873707 ], [ -5.1938839, 10.7892981 ], [ -5.1844449, 10.793395 ], [ -5.1790366, 10.7961435 ], [ -5.1710663, 10.798934 ], [ -5.1594477, 10.8049212 ], [ -5.151618, 10.8076229 ], [ -5.1445465, 10.8120394 ], [ -5.1302333, 10.8176517 ], [ -5.1260304, 10.8182144 ], [ -5.1196961, 10.8206215 ], [ -5.1051044, 10.8237429 ], [ -5.0943298, 10.8242502 ], [ -5.0898423, 10.8253307 ], [ -5.0853758, 10.8251066 ], [ -5.0747685, 10.8220911 ], [ -5.0673175, 10.8220367 ], [ -5.0588069, 10.8261032 ], [ -5.0552478, 10.8270912 ], [ -5.0476923, 10.8275862 ], [ -5.0439348, 10.8291702 ], [ -5.0403776, 10.8324127 ], [ -5.0368528, 10.8339996 ], [ -5.0308447, 10.8339729 ], [ -5.0217395, 10.8350811 ], [ -5.0181618, 10.8346434 ], [ -5.0131655, 10.8328867 ], [ -5.006978, 10.8323669 ], [ -5.0069809, 10.835248 ], [ -5.0033526, 10.8365011 ], [ -5.0009303, 10.8403616 ], [ -4.9969668, 10.852294 ], [ -4.989717, 10.8631392 ], [ -4.9876471, 10.8670273 ], [ -4.9842029, 10.875988 ], [ -4.9789419, 10.8791084 ], [ -4.9738584, 10.8870554 ], [ -4.968987, 10.8899374 ], [ -4.9628329, 10.889843 ], [ -4.9601707, 10.8874712 ], [ -4.9545422, 10.8872299 ], [ -4.9513402, 10.8863831 ], [ -4.9385781, 10.8784313 ], [ -4.9354234, 10.8752346 ], [ -4.9290552, 10.8748903 ], [ -4.9180064, 10.877182 ], [ -4.9113059, 10.8779402 ], [ -4.8989315, 10.8775435 ], [ -4.8834548, 10.8781424 ], [ -4.8792281, 10.8789339 ], [ -4.8784432, 10.8734684 ], [ -4.8760562, 10.8712206 ], [ -4.872663, 10.8717623 ], [ -4.8643088, 10.8774891 ], [ -4.8596168, 10.8783379 ], [ -4.8562546, 10.878233 ], [ -4.8446536, 10.8789673 ], [ -4.836484, 10.8787918 ], [ -4.8250308, 10.8779097 ], [ -4.8149981, 10.8759336 ], [ -4.8119702, 10.8761425 ], [ -4.8001442, 10.8752689 ], [ -4.7958083, 10.8754158 ], [ -4.786407, 10.8744841 ], [ -4.7827468, 10.8736019 ], [ -4.774889, 10.872818 ], [ -4.7714658, 10.8704739 ], [ -4.7723784, 10.8633127 ], [ -4.7661867, 10.8614035 ], [ -4.7630506, 10.859683 ], [ -4.7615929, 10.855648 ], [ -4.7605872, 10.8498802 ], [ -4.7608809, 10.8463669 ], [ -4.7621102, 10.8433056 ], [ -4.7586999, 10.8391371 ], [ -4.7564511, 10.8351765 ], [ -4.7523551, 10.8313808 ], [ -4.7495961, 10.829792 ], [ -4.745719, 10.8244114 ], [ -4.7454019, 10.8217325 ], [ -4.7438865, 10.8201799 ], [ -4.7431312, 10.8143616 ], [ -4.745286, 10.808135 ], [ -4.7436171, 10.8072329 ], [ -4.7353868, 10.7998915 ], [ -4.7297053, 10.7969103 ], [ -4.7229328, 10.7965593 ], [ -4.7148666, 10.7947655 ], [ -4.7085271, 10.7909937 ], [ -4.7068024, 10.789053 ], [ -4.7036066, 10.7880669 ], [ -4.6994424, 10.783555 ], [ -4.695437, 10.7778406 ], [ -4.6914635, 10.7754889 ], [ -4.6838284, 10.7761259 ], [ -4.6731215, 10.7750816 ], [ -4.6682844, 10.7757006 ], [ -4.6594906, 10.7786675 ], [ -4.6554899, 10.7811556 ], [ -4.6492467, 10.7875204 ], [ -4.6439424, 10.7921124 ], [ -4.6314702, 10.8014765 ], [ -4.6250572, 10.8085823 ], [ -4.619833, 10.8126659 ], [ -4.6139846, 10.815979 ], [ -4.6100965, 10.8173113 ], [ -4.5937443, 10.8244123 ], [ -4.5904951, 10.8271608 ], [ -4.5903802, 10.8302507 ], [ -4.5933208, 10.8383865 ], [ -4.5931787, 10.8403263 ], [ -4.5893793, 10.8435011 ], [ -4.5849624, 10.8482094 ], [ -4.579525, 10.8511906 ], [ -4.5742497, 10.8531075 ], [ -4.5592375, 10.8597622 ], [ -4.5516605, 10.8650951 ], [ -4.5471439, 10.8676662 ], [ -4.5413804, 10.8685541 ], [ -4.5324903, 10.8675108 ], [ -4.5288229, 10.8663034 ], [ -4.5250812, 10.8638992 ], [ -4.5222607, 10.8629942 ], [ -4.5179315, 10.8634615 ], [ -4.5133433, 10.8648548 ], [ -4.5027199, 10.8696566 ], [ -4.4992833, 10.8703794 ], [ -4.4900694, 10.8653774 ], [ -4.4865031, 10.8685675 ], [ -4.4856734, 10.8724194 ], [ -4.4807973, 10.8736076 ], [ -4.4792123, 10.8757381 ], [ -4.4760413, 10.8774261 ], [ -4.4733477, 10.8757877 ], [ -4.46842, 10.8749027 ], [ -4.4661756, 10.8728743 ], [ -4.4615769, 10.8718567 ], [ -4.4581623, 10.8722477 ], [ -4.4554763, 10.870945 ], [ -4.4516129, 10.8610773 ], [ -4.4488106, 10.8568525 ], [ -4.4441876, 10.8464022 ], [ -4.4416428, 10.8390837 ], [ -4.4359174, 10.8293934 ], [ -4.4293766, 10.8124866 ], [ -4.4249496, 10.8065004 ], [ -4.4206901, 10.7955341 ], [ -4.4153023, 10.7841768 ], [ -4.414506, 10.7798624 ], [ -4.4098501, 10.7719917 ], [ -4.4060411, 10.762351 ], [ -4.4035168, 10.7579365 ], [ -4.3985543, 10.7467546 ], [ -4.3967547, 10.743475 ], [ -4.3944726, 10.7351599 ], [ -4.389122, 10.7344666 ], [ -4.3882875, 10.7321444 ], [ -4.3854318, 10.7347565 ], [ -4.3815632, 10.7346725 ], [ -4.3772922, 10.735918 ], [ -4.3731136, 10.7392845 ], [ -4.3710475, 10.7399321 ], [ -4.3651257, 10.7440901 ], [ -4.3607273, 10.7447786 ], [ -4.357192, 10.74438 ], [ -4.3505931, 10.7412882 ], [ -4.3447495, 10.7398729 ], [ -4.3398085, 10.7376919 ], [ -4.3328714, 10.7372198 ], [ -4.3289261, 10.7363968 ], [ -4.3245354, 10.7387905 ], [ -4.321064, 10.7397289 ], [ -4.3170319, 10.7365551 ], [ -4.3144755, 10.7361765 ], [ -4.305418, 10.7366714 ], [ -4.2994013, 10.7351484 ], [ -4.2958975, 10.7370214 ], [ -4.2929659, 10.7352419 ], [ -4.2910247, 10.7275867 ], [ -4.2873163, 10.7159605 ], [ -4.2821937, 10.7078676 ], [ -4.2768564, 10.7027292 ], [ -4.2689404, 10.6990738 ], [ -4.2671199, 10.6969023 ], [ -4.2604156, 10.6980915 ], [ -4.2536979, 10.6962299 ], [ -4.2511878, 10.6979246 ], [ -4.2480183, 10.7020006 ], [ -4.2442784, 10.7085991 ], [ -4.2381487, 10.7115498 ], [ -4.2339449, 10.7118225 ], [ -4.2296042, 10.7109728 ], [ -4.227488, 10.714673 ], [ -4.2225542, 10.7194347 ], [ -4.2175813, 10.7309732 ], [ -4.2156653, 10.737237 ], [ -4.2135959, 10.7407389 ], [ -4.210279, 10.7426538 ], [ -4.198997, 10.7451544 ], [ -4.1945176, 10.7451124 ], [ -4.1804695, 10.7469816 ], [ -4.1780133, 10.7477245 ], [ -4.1662107, 10.7477465 ], [ -4.1620703, 10.7493973 ], [ -4.1596818, 10.7521439 ], [ -4.1542773, 10.7528782 ], [ -4.1504807, 10.7515926 ], [ -4.1435022, 10.7526712 ], [ -4.1335812, 10.7623596 ], [ -4.1288743, 10.7641878 ], [ -4.1245327, 10.7643194 ], [ -4.1216793, 10.766696 ], [ -4.1171494, 10.7684555 ], [ -4.1149349, 10.773962 ], [ -4.1119614, 10.7754612 ], [ -4.1091828, 10.7786236 ], [ -4.1062007, 10.7784634 ], [ -4.1037092, 10.7813101 ], [ -4.0985994, 10.7823906 ], [ -4.0953746, 10.788723 ], [ -4.0888791, 10.7935286 ], [ -4.0866022, 10.7931089 ], [ -4.0831418, 10.7893457 ], [ -4.0835795, 10.7864981 ], [ -4.0811372, 10.7851534 ], [ -4.0802298, 10.7819538 ], [ -4.0781732, 10.7800655 ], [ -4.0761728, 10.7756891 ], [ -4.074348, 10.7697496 ], [ -4.0716624, 10.7667866 ], [ -4.0713768, 10.7649832 ], [ -4.0686636, 10.7632627 ], [ -4.0677953, 10.7603865 ], [ -4.0652871, 10.7599163 ], [ -4.0650539, 10.7558088 ], [ -4.0614815, 10.7528734 ], [ -4.06074, 10.750598 ], [ -4.0564828, 10.7449732 ], [ -4.0529695, 10.7435589 ], [ -4.0490017, 10.7395515 ], [ -4.0451112, 10.7383127 ], [ -4.040555, 10.7355833 ], [ -4.0371604, 10.7371664 ], [ -4.036581, 10.7339287 ], [ -4.0349236, 10.7329683 ], [ -4.0320044, 10.734148 ], [ -4.0284328, 10.7332373 ], [ -4.0267229, 10.7366104 ], [ -4.0266628, 10.7392349 ], [ -4.0229092, 10.7381363 ], [ -4.0215435, 10.7305489 ], [ -4.0151434, 10.7268562 ], [ -4.0136266, 10.7238264 ], [ -4.0099812, 10.7241135 ], [ -4.0083475, 10.7261963 ], [ -4.0052161, 10.7263336 ], [ -4.0022535, 10.7253113 ], [ -3.9992425, 10.7259541 ], [ -3.9971275, 10.7238693 ], [ -3.9943986, 10.714879 ], [ -3.9916952, 10.7122259 ], [ -3.9842892, 10.7108812 ], [ -3.9794555, 10.7092304 ], [ -3.9742033, 10.7105684 ], [ -3.9717174, 10.7119703 ], [ -3.9611428, 10.7107716 ], [ -3.9570246, 10.7116795 ], [ -3.9527445, 10.7110224 ], [ -3.9500103, 10.7050552 ], [ -3.9457152, 10.7027864 ], [ -3.9425266, 10.6952639 ], [ -3.9402583, 10.6937132 ], [ -3.9343417, 10.6937304 ], [ -3.9322481, 10.6923418 ], [ -3.9273999, 10.6866341 ], [ -3.9265456, 10.6835127 ], [ -3.9281538, 10.6775875 ], [ -3.9314165, 10.6733856 ], [ -3.9290254, 10.6682596 ], [ -3.9243469, 10.6686621 ], [ -3.9209683, 10.6713514 ], [ -3.9204717, 10.6756535 ], [ -3.9172802, 10.6819191 ], [ -3.9184818, 10.6848764 ], [ -3.9175255, 10.6863279 ], [ -3.9126687, 10.6856174 ], [ -3.9063544, 10.6870298 ], [ -3.9046063, 10.6923676 ], [ -3.8986366, 10.6953897 ], [ -3.8929443, 10.6966915 ], [ -3.8883557, 10.6942511 ], [ -3.8849242, 10.6951027 ], [ -3.8818064, 10.6991673 ], [ -3.8806438, 10.6993694 ], [ -3.8742509, 10.6968613 ], [ -3.8680668, 10.6964159 ], [ -3.8667977, 10.6975698 ], [ -3.8649297, 10.7028713 ], [ -3.8619359, 10.7032413 ], [ -3.8596053, 10.7020979 ], [ -3.8542092, 10.7069197 ], [ -3.852829, 10.7103643 ], [ -3.8542857, 10.7130766 ], [ -3.855387, 10.7188587 ], [ -3.8587801, 10.7225885 ], [ -3.8566117, 10.728507 ], [ -3.8533499, 10.7282619 ], [ -3.8459146, 10.7290697 ], [ -3.8421576, 10.7260742 ], [ -3.8388157, 10.7264986 ], [ -3.8374553, 10.7304506 ], [ -3.8380377, 10.734623 ], [ -3.8403299, 10.7351866 ], [ -3.8449247, 10.7315083 ], [ -3.8475335, 10.7335472 ], [ -3.8506222, 10.7392244 ], [ -3.8503976, 10.7405109 ], [ -3.846797, 10.7430191 ], [ -3.8446629, 10.7457504 ], [ -3.8422215, 10.7470245 ], [ -3.8442044, 10.7508488 ], [ -3.8482184, 10.7538528 ], [ -3.8501213, 10.7583485 ], [ -3.8425634, 10.7583323 ], [ -3.8404074, 10.757432 ], [ -3.8385828, 10.7596283 ], [ -3.8385639, 10.7621183 ], [ -3.8328428, 10.7635088 ], [ -3.8274534, 10.7680683 ], [ -3.8264246, 10.7699633 ], [ -3.8269744, 10.7726145 ], [ -3.8288922, 10.7735243 ], [ -3.8318923, 10.7773733 ], [ -3.8311443, 10.7809429 ], [ -3.8284769, 10.7858658 ], [ -3.8237398, 10.7911024 ], [ -3.8214223, 10.7912893 ], [ -3.8183911, 10.7970371 ], [ -3.8178644, 10.8011312 ], [ -3.8145947, 10.80688 ], [ -3.8099961, 10.8098974 ], [ -3.8092558, 10.8131676 ], [ -3.8043642, 10.8162222 ], [ -3.7989774, 10.822031 ], [ -3.8018391, 10.8309593 ], [ -3.8, 10.8372393 ], [ -3.7956381, 10.8399754 ], [ -3.7943733, 10.8371353 ], [ -3.7925162, 10.8380909 ], [ -3.7919312, 10.8412247 ], [ -3.7897198, 10.843132 ], [ -3.7848279, 10.8491831 ], [ -3.7829792, 10.8498936 ], [ -3.7808216, 10.8486586 ], [ -3.7765524, 10.8435173 ], [ -3.7720096, 10.8442707 ], [ -3.7688634, 10.8461618 ], [ -3.7611663, 10.8491955 ], [ -3.7585351, 10.8488302 ], [ -3.7559447, 10.8469353 ], [ -3.755435, 10.8423376 ], [ -3.7571683, 10.8370724 ], [ -3.7567904, 10.8335428 ], [ -3.7529392, 10.8299208 ], [ -3.7502303, 10.8310499 ], [ -3.7437241, 10.8309927 ], [ -3.7379763, 10.8302908 ], [ -3.7363086, 10.8332462 ], [ -3.7338755, 10.8317041 ], [ -3.7314725, 10.8339643 ], [ -3.7244267, 10.8343058 ], [ -3.7216346, 10.8381968 ], [ -3.7181447, 10.8386307 ], [ -3.7172482, 10.8421545 ], [ -3.7213006, 10.8457127 ], [ -3.7235997, 10.8511763 ], [ -3.7279396, 10.8557653 ], [ -3.7330024, 10.8570843 ], [ -3.7355855, 10.8595238 ], [ -3.7356296, 10.8618956 ], [ -3.7393882, 10.8651915 ], [ -3.7351539, 10.8679895 ], [ -3.7317667, 10.8662777 ], [ -3.7282364, 10.865634 ], [ -3.7239172, 10.8677626 ], [ -3.7208683, 10.8716621 ], [ -3.720428, 10.8774128 ], [ -3.7234945, 10.8790808 ], [ -3.7264218, 10.8831577 ], [ -3.7247708, 10.8857327 ], [ -3.7196059, 10.8870754 ], [ -3.7181098, 10.8864269 ], [ -3.713028, 10.8820477 ], [ -3.709687, 10.8775187 ], [ -3.7063041, 10.8741941 ], [ -3.7057178, 10.8713522 ], [ -3.7035394, 10.8722181 ], [ -3.7022822, 10.8777342 ], [ -3.6978528, 10.8889084 ], [ -3.6946573, 10.8929443 ], [ -3.6910572, 10.8936043 ], [ -3.6889741, 10.8928118 ], [ -3.6859486, 10.8894596 ], [ -3.6866999, 10.8832464 ], [ -3.6849978, 10.8811312 ], [ -3.6806171, 10.878108 ], [ -3.6780865, 10.8778143 ], [ -3.6768637, 10.8795738 ], [ -3.6758595, 10.8839674 ], [ -3.6755815, 10.8891191 ], [ -3.6687198, 10.8902569 ], [ -3.6650228, 10.8891058 ], [ -3.6607761, 10.8849678 ], [ -3.6585107, 10.8844023 ], [ -3.6545618, 10.8849077 ], [ -3.6513491, 10.8863544 ], [ -3.6499009, 10.8895712 ], [ -3.6547472, 10.8950577 ], [ -3.6557591, 10.8995285 ], [ -3.6537681, 10.9019499 ], [ -3.655695, 10.9058123 ], [ -3.6560974, 10.9117956 ], [ -3.6533356, 10.9171162 ], [ -3.6555853, 10.9185419 ], [ -3.6576529, 10.917098 ], [ -3.6585546, 10.9120169 ], [ -3.6607752, 10.909668 ], [ -3.6636038, 10.9084482 ], [ -3.6643877, 10.913146 ], [ -3.6690555, 10.9170113 ], [ -3.6697009, 10.9182777 ], [ -3.6698129, 10.9251947 ], [ -3.6674991, 10.9269285 ], [ -3.6645751, 10.9239016 ], [ -3.6605804, 10.9245443 ], [ -3.660007, 10.9260025 ], [ -3.6616766, 10.929512 ], [ -3.6590405, 10.9308853 ], [ -3.6590822, 10.935729 ], [ -3.6627264, 10.9373512 ], [ -3.6613572, 10.9393911 ], [ -3.6564836, 10.9436474 ], [ -3.6537199, 10.9453106 ], [ -3.6518385, 10.9477587 ], [ -3.6518514, 10.9521503 ], [ -3.6536803, 10.9568996 ], [ -3.6532629, 10.9614916 ], [ -3.6510673, 10.9662495 ], [ -3.6472857, 10.9615946 ], [ -3.6417882, 10.9627008 ], [ -3.6394193, 10.9613934 ], [ -3.6406248, 10.9566097 ], [ -3.6395011, 10.9547653 ], [ -3.6327007, 10.9554672 ], [ -3.629534, 10.9573021 ], [ -3.6230111, 10.9556494 ], [ -3.6203747, 10.9570398 ], [ -3.6215639, 10.9593639 ], [ -3.6195736, 10.9623289 ], [ -3.6201971, 10.9655781 ], [ -3.6189907, 10.9734669 ], [ -3.6165514, 10.9765768 ], [ -3.6128585, 10.9740038 ], [ -3.6093993, 10.9729509 ], [ -3.606904, 10.9757719 ], [ -3.607204, 10.9814396 ], [ -3.6055279, 10.9853811 ], [ -3.6106031, 10.9904871 ], [ -3.6119914, 10.991888 ], [ -3.6114645, 10.9969587 ], [ -3.6083157, 10.9955254 ], [ -3.603102, 10.9967489 ], [ -3.6012027, 11.0030394 ], [ -3.5982053, 11.0040045 ], [ -3.5932727, 11.0067062 ], [ -3.5920606, 11.0098152 ], [ -3.5924954, 11.0136852 ], [ -3.5911784, 11.0172815 ], [ -3.5884209, 11.0189571 ], [ -3.5878899, 11.0208111 ], [ -3.5836184, 11.0224876 ], [ -3.5835261, 11.0284872 ], [ -3.5850585, 11.0308657 ], [ -3.5886204, 11.0404587 ], [ -3.5909944, 11.0399179 ], [ -3.5934181, 11.0366058 ], [ -3.5952864, 11.0365801 ], [ -3.600002, 11.0334663 ], [ -3.6013567, 11.0334473 ], [ -3.6066821, 11.0393229 ], [ -3.6070828, 11.0410242 ], [ -3.5996337, 11.0456076 ], [ -3.597753, 11.0478039 ], [ -3.5989792, 11.051795 ], [ -3.5982988, 11.0539637 ], [ -3.5934608, 11.0570478 ], [ -3.590616, 11.0573664 ], [ -3.586906, 11.0561733 ], [ -3.5799763, 11.0581636 ], [ -3.5782297, 11.0570345 ], [ -3.5749824, 11.0585117 ], [ -3.5770767, 11.0639277 ], [ -3.5797079, 11.0648584 ], [ -3.5821812, 11.0676384 ], [ -3.5802586, 11.0731106 ], [ -3.5723546, 11.0815296 ], [ -3.5697434, 11.0848436 ], [ -3.5665331, 11.0857201 ], [ -3.5633929, 11.0880718 ], [ -3.5595105, 11.0878038 ], [ -3.5567546, 11.0848894 ], [ -3.5597038, 11.082263 ], [ -3.5637572, 11.0815134 ], [ -3.5645292, 11.0801191 ], [ -3.5602913, 11.0750561 ], [ -3.5585167, 11.0721283 ], [ -3.5572608, 11.0635633 ], [ -3.5545666, 11.0631781 ], [ -3.552289, 11.0652952 ], [ -3.5514038, 11.074398 ], [ -3.5501337, 11.0784006 ], [ -3.5508044, 11.0800648 ], [ -3.5468528, 11.085062 ], [ -3.5456376, 11.0857515 ], [ -3.5294082, 11.1038504 ], [ -3.5189481, 11.1111994 ], [ -3.5178463, 11.1143894 ], [ -3.512893, 11.1234589 ], [ -3.5070336, 11.1283855 ], [ -3.507091, 11.1320782 ], [ -3.5024102, 11.1357927 ], [ -3.5025804, 11.1406994 ], [ -3.5049055, 11.1429272 ], [ -3.505347, 11.1487055 ], [ -3.500643, 11.1570339 ], [ -3.4974127, 11.1571074 ], [ -3.4937208, 11.1582975 ], [ -3.4904904, 11.1606493 ], [ -3.4885311, 11.1607695 ], [ -3.4760175, 11.1493387 ], [ -3.4707825, 11.1490002 ], [ -3.4614527, 11.1495504 ], [ -3.4576991, 11.1513109 ], [ -3.4522076, 11.1582127 ], [ -3.4489191, 11.1636562 ], [ -3.4458973, 11.1693659 ], [ -3.4436727, 11.1761742 ], [ -3.4433792, 11.1804476 ], [ -3.4344254, 11.1799297 ], [ -3.4245286, 11.1797247 ], [ -3.4166501, 11.1785278 ], [ -3.4115756, 11.1770868 ], [ -3.408299, 11.1791182 ], [ -3.3989058, 11.1825676 ], [ -3.3953178, 11.1834002 ], [ -3.3881667, 11.1867256 ], [ -3.3844283, 11.1900053 ], [ -3.3789577, 11.1931705 ], [ -3.369854, 11.2003984 ], [ -3.3636827, 11.2067556 ], [ -3.3602607, 11.2124767 ], [ -3.3587701, 11.2160034 ], [ -3.3561945, 11.2188988 ], [ -3.3525681, 11.2203312 ], [ -3.3483634, 11.2206182 ], [ -3.3443198, 11.2191496 ], [ -3.3411043, 11.2167463 ], [ -3.3394659, 11.2134924 ], [ -3.3325431, 11.2117538 ], [ -3.3326459, 11.2092609 ], [ -3.3308418, 11.2073927 ], [ -3.3276329, 11.208497 ], [ -3.3283744, 11.2017965 ], [ -3.3276429, 11.1997757 ], [ -3.3246889, 11.1991701 ], [ -3.3228848, 11.1941633 ], [ -3.319113, 11.1920004 ], [ -3.3139594, 11.1911926 ], [ -3.3131833, 11.1955862 ], [ -3.3089166, 11.1978579 ], [ -3.3085103, 11.2019701 ], [ -3.3061054, 11.2037096 ], [ -3.3026297, 11.2026033 ], [ -3.2970181, 11.2024479 ], [ -3.2943442, 11.2006083 ], [ -3.2945833, 11.2063932 ], [ -3.2920864, 11.2145929 ], [ -3.2923963, 11.2197571 ], [ -3.2903254, 11.2251835 ], [ -3.2923264, 11.2276945 ], [ -3.2953861, 11.2354059 ], [ -3.2959921, 11.2479496 ], [ -3.2927649, 11.254221 ], [ -3.291163, 11.2597351 ], [ -3.2854245, 11.2665205 ], [ -3.2585778, 11.2894583 ], [ -3.2514625, 11.2992401 ], [ -3.2489836, 11.30373 ], [ -3.2453866, 11.3121233 ], [ -3.2373393, 11.3258142 ], [ -3.2329185, 11.3326311 ], [ -3.2289526, 11.3405132 ], [ -3.2253101, 11.3445272 ], [ -3.2182102, 11.3485451 ], [ -3.2133362, 11.3498697 ], [ -3.2004762, 11.3550625 ], [ -3.1926119, 11.3563499 ], [ -3.1824813, 11.3556261 ], [ -3.1769216, 11.3555593 ], [ -3.1734271, 11.3547325 ], [ -3.1667786, 11.3559418 ], [ -3.158551, 11.3604059 ], [ -3.1492712, 11.3669767 ], [ -3.137742, 11.3577976 ], [ -3.127032, 11.3465061 ], [ -3.1221611, 11.3394375 ], [ -3.121274, 11.3353691 ], [ -3.1193798, 11.3335009 ], [ -3.1155593, 11.3325777 ], [ -3.1121354, 11.3337326 ], [ -3.1078489, 11.3367701 ], [ -3.1041496, 11.3375063 ], [ -3.0942907, 11.3415794 ], [ -3.086581, 11.3416214 ], [ -3.077044, 11.3421469 ], [ -3.0737658, 11.3427973 ], [ -3.0641305, 11.3436909 ], [ -3.0595729, 11.3458929 ], [ -3.0514867, 11.3540907 ], [ -3.0454986, 11.3586712 ], [ -3.0351689, 11.3629198 ], [ -3.0282054, 11.3630629 ], [ -3.0241544, 11.3618574 ], [ -3.0106306, 11.3596563 ], [ -3.0054753, 11.3570538 ], [ -3.0007412, 11.355545 ], [ -2.9938424, 11.3493328 ], [ -2.9862196, 11.3451586 ], [ -2.9785156, 11.3422689 ], [ -2.9533193, 11.3318787 ], [ -2.9500866, 11.3291979 ], [ -2.9476538, 11.3287992 ], [ -2.9400504, 11.3240252 ], [ -2.9359472, 11.3242598 ], [ -2.9330184, 11.3234167 ], [ -2.9315486, 11.3211708 ], [ -2.928298, 11.3186798 ], [ -2.9235055, 11.3170853 ], [ -2.9183455, 11.3140678 ], [ -2.9169409, 11.3139591 ], [ -2.9131024, 11.3105354 ], [ -2.9081631, 11.3083057 ], [ -2.900562, 11.3063746 ], [ -2.8970273, 11.3040094 ], [ -2.8929701, 11.3032837 ], [ -2.8862038, 11.2996044 ], [ -2.8831561, 11.2985621 ], [ -2.8779974, 11.2979803 ], [ -2.8706088, 11.2991266 ], [ -2.8641555, 11.2964697 ], [ -2.8591163, 11.2957706 ], [ -2.8566568, 11.2977333 ], [ -2.85324, 11.296216 ], [ -2.8483229, 11.3003092 ], [ -2.8463318, 11.3045368 ], [ -2.8439827, 11.3074236 ], [ -2.8437536, 11.3097963 ], [ -2.8446913, 11.3172035 ], [ -2.8439851, 11.3215399 ], [ -2.8460429, 11.3296986 ], [ -2.8468609, 11.3357115 ], [ -2.8483858, 11.3405752 ], [ -2.8477454, 11.3524361 ], [ -2.8461676, 11.358737 ], [ -2.8427632, 11.367753 ], [ -2.8420663, 11.373312 ], [ -2.8401301, 11.3791504 ], [ -2.8408928, 11.3831444 ], [ -2.8401313, 11.3877163 ], [ -2.837029, 11.3949394 ], [ -2.8360839, 11.3995657 ], [ -2.8336887, 11.4078941 ], [ -2.8342679, 11.4127569 ], [ -2.8340943, 11.4192314 ], [ -2.8360975, 11.4287214 ], [ -2.8385596, 11.4363556 ], [ -2.8382299, 11.441679 ], [ -2.8371561, 11.4467669 ], [ -2.8361568, 11.458972 ], [ -2.8382149, 11.4636631 ], [ -2.8439097, 11.4681215 ], [ -2.8503571, 11.4676542 ], [ -2.8579893, 11.4690533 ], [ -2.8604515, 11.4722958 ], [ -2.8608015, 11.4769773 ], [ -2.8601041, 11.4792318 ], [ -2.857579, 11.4822359 ], [ -2.850425, 11.4866867 ], [ -2.8450801, 11.4913101 ], [ -2.8413336, 11.4968042 ], [ -2.8381014, 11.5038013 ], [ -2.8375235, 11.5090075 ], [ -2.8349433, 11.5164118 ], [ -2.835109, 11.5182047 ], [ -2.8378563, 11.5231323 ], [ -2.8415496, 11.52672 ], [ -2.8425515, 11.5300798 ], [ -2.845427, 11.5323362 ], [ -2.8457215, 11.5344725 ], [ -2.8519967, 11.5389309 ], [ -2.8563416, 11.5384722 ], [ -2.8570497, 11.5412426 ], [ -2.8604488, 11.5419416 ], [ -2.8632686, 11.5391636 ], [ -2.8659689, 11.5378971 ], [ -2.8718297, 11.536624 ], [ -2.8784082, 11.5401039 ], [ -2.88134, 11.5443792 ], [ -2.8867431, 11.5483198 ], [ -2.8935506, 11.5488939 ], [ -2.8949556, 11.5467577 ], [ -2.8978946, 11.545084 ], [ -2.8975446, 11.5426474 ], [ -2.8909645, 11.5347862 ], [ -2.8897872, 11.530385 ], [ -2.8917894, 11.5295801 ], [ -2.8933132, 11.5256424 ], [ -2.8971262, 11.5279617 ], [ -2.8998821, 11.5284243 ], [ -2.9048142, 11.526 ], [ -2.9082143, 11.5293512 ], [ -2.9106855, 11.5292349 ], [ -2.9146183, 11.5318432 ], [ -2.9177246, 11.5350227 ], [ -2.920784, 11.5358381 ], [ -2.9226589, 11.537569 ], [ -2.9224215, 11.5408096 ], [ -2.9261818, 11.5472851 ], [ -2.934701, 11.5534267 ], [ -2.9376881, 11.5565424 ], [ -2.9435599, 11.5586262 ], [ -2.9458475, 11.5586901 ], [ -2.9475551, 11.5565443 ], [ -2.9453206, 11.5526142 ], [ -2.94438, 11.5457869 ], [ -2.9466031, 11.5455618 ], [ -2.9528341, 11.55019 ], [ -2.961288, 11.5530796 ], [ -2.9667995, 11.5521574 ], [ -2.9743099, 11.5448694 ], [ -2.9782422, 11.5455036 ], [ -2.9808233, 11.5449247 ], [ -2.9845216, 11.5387411 ], [ -2.9899123, 11.5363064 ], [ -2.9890919, 11.5321407 ], [ -2.9907355, 11.5309916 ], [ -2.9921434, 11.5345774 ], [ -2.9970796, 11.5388508 ], [ -2.9983692, 11.5438309 ], [ -3.008081, 11.5467634 ], [ -3.0165546, 11.5469351 ], [ -3.0201941, 11.5461521 ], [ -3.0226433, 11.550643 ], [ -3.0233045, 11.5544186 ], [ -3.0247996, 11.5576305 ], [ -3.0238256, 11.5616112 ], [ -3.0183926, 11.564724 ], [ -3.016345, 11.5689487 ], [ -3.0187485, 11.5701189 ], [ -3.0288968, 11.5695314 ], [ -3.0304067, 11.5703888 ], [ -3.0326626, 11.5744219 ], [ -3.0336123, 11.5787468 ], [ -3.0383856, 11.5786877 ], [ -3.0418186, 11.5798445 ], [ -3.0455904, 11.5750904 ], [ -3.0488687, 11.5752354 ], [ -3.0542464, 11.5849037 ], [ -3.0575633, 11.5844469 ], [ -3.0608277, 11.5802536 ], [ -3.0644596, 11.5788698 ], [ -3.0692563, 11.5804701 ], [ -3.0714889, 11.5794725 ], [ -3.0783095, 11.578557 ], [ -3.078799, 11.5767508 ], [ -3.0743566, 11.5703926 ], [ -3.0757248, 11.5645151 ], [ -3.077446, 11.562953 ], [ -3.0809431, 11.5628347 ], [ -3.0840127, 11.5614576 ], [ -3.0891466, 11.5637465 ], [ -3.088213, 11.5606203 ], [ -3.0902176, 11.5567675 ], [ -3.0932803, 11.5548801 ], [ -3.0945179, 11.5520134 ], [ -3.0945258, 11.5469742 ], [ -3.0985665, 11.5447998 ], [ -3.1008146, 11.5449629 ], [ -3.102129, 11.541893 ], [ -3.1022232, 11.5386152 ], [ -3.1075451, 11.5374603 ], [ -3.1103501, 11.5374975 ], [ -3.1127553, 11.5354834 ], [ -3.1095572, 11.5336685 ], [ -3.1117644, 11.5316191 ], [ -3.1146758, 11.53232 ], [ -3.123498, 11.5307312 ], [ -3.130574, 11.524827 ], [ -3.1336541, 11.5242338 ], [ -3.1402569, 11.524518 ], [ -3.1462922, 11.5211639 ], [ -3.1483035, 11.5210924 ], [ -3.1509809, 11.5185194 ], [ -3.1542127, 11.5187092 ], [ -3.1554868, 11.516201 ], [ -3.1613483, 11.5170479 ], [ -3.1714661, 11.514472 ], [ -3.1773841, 11.5095043 ], [ -3.184751, 11.5076551 ], [ -3.1882563, 11.5041027 ], [ -3.1956642, 11.4986534 ], [ -3.1968877, 11.4959145 ], [ -3.2005939, 11.4965582 ], [ -3.2034302, 11.4953222 ], [ -3.2081199, 11.4960461 ], [ -3.2144215, 11.4981785 ], [ -3.2169242, 11.4965296 ], [ -3.2178481, 11.4989176 ], [ -3.2240727, 11.5022039 ], [ -3.2295132, 11.5030556 ], [ -3.2376196, 11.4974127 ], [ -3.2449057, 11.4933023 ], [ -3.2513623, 11.4868946 ], [ -3.2554746, 11.4865179 ], [ -3.2602272, 11.4819784 ], [ -3.2665117, 11.4829569 ], [ -3.2680559, 11.4838619 ], [ -3.2734096, 11.4842958 ], [ -3.2847726, 11.4839182 ], [ -3.2894926, 11.4852247 ], [ -3.2923853, 11.4879894 ], [ -3.2953296, 11.4940405 ], [ -3.305465, 11.4989815 ], [ -3.3112011, 11.5070715 ], [ -3.3111019, 11.509841 ], [ -3.312566, 11.5134277 ], [ -3.3112259, 11.5150318 ], [ -3.3035424, 11.5176725 ], [ -3.3009784, 11.5216303 ], [ -3.3059492, 11.5304394 ], [ -3.3044574, 11.5402899 ], [ -3.3022614, 11.5436888 ], [ -3.3005383, 11.5568638 ], [ -3.2993362, 11.5610352 ], [ -3.3029289, 11.5602484 ], [ -3.3071167, 11.5617151 ], [ -3.3102541, 11.5618114 ], [ -3.3132308, 11.5605249 ], [ -3.3147864, 11.561244 ], [ -3.3171799, 11.5585346 ], [ -3.3262684, 11.5590582 ], [ -3.3290086, 11.56073 ], [ -3.3324742, 11.5647659 ], [ -3.3377793, 11.5631762 ], [ -3.3435698, 11.5627241 ], [ -3.352639, 11.5626383 ], [ -3.3614919, 11.5636177 ], [ -3.367013, 11.5638599 ], [ -3.3794708, 11.5679665 ], [ -3.3885076, 11.5716152 ], [ -3.3869133, 11.579936 ], [ -3.3881323, 11.5840054 ], [ -3.393095, 11.5863609 ], [ -3.3981059, 11.5900545 ], [ -3.4006357, 11.5930538 ], [ -3.4074264, 11.5981321 ], [ -3.413039, 11.6000557 ], [ -3.4170272, 11.6051483 ], [ -3.42242, 11.6150694 ], [ -3.4251854, 11.6189451 ], [ -3.4250083, 11.6211185 ], [ -3.418946, 11.6231508 ], [ -3.4122927, 11.6228266 ], [ -3.4061604, 11.6320944 ], [ -3.4012518, 11.6356688 ], [ -3.3996737, 11.6383457 ], [ -3.3983517, 11.6450777 ], [ -3.3979139, 11.6501598 ], [ -3.3991306, 11.6531897 ], [ -3.3978748, 11.656806 ], [ -3.3954906, 11.660161 ], [ -3.3948483, 11.6636524 ], [ -3.3889756, 11.668973 ], [ -3.3872595, 11.6731501 ], [ -3.3801665, 11.6778612 ], [ -3.3752058, 11.6842518 ], [ -3.3739359, 11.6869926 ], [ -3.3705051, 11.6900845 ], [ -3.3689559, 11.6946306 ], [ -3.371038, 11.6960793 ], [ -3.3768857, 11.6980438 ], [ -3.3789425, 11.6954641 ], [ -3.3828926, 11.6935177 ], [ -3.3925545, 11.6945391 ], [ -3.396699, 11.6960974 ], [ -3.3988187, 11.6999903 ], [ -3.4029407, 11.7031641 ], [ -3.4064758, 11.7077303 ], [ -3.4089608, 11.7079258 ], [ -3.4129863, 11.7108698 ], [ -3.4146616, 11.7102013 ], [ -3.4165714, 11.7064829 ], [ -3.4229941, 11.7069483 ], [ -3.4275224, 11.7091007 ], [ -3.4284348, 11.7105656 ], [ -3.431673, 11.7110281 ], [ -3.4332981, 11.7131739 ], [ -3.4423511, 11.7141552 ], [ -3.4481692, 11.717905 ], [ -3.4504595, 11.7145977 ], [ -3.454968, 11.7184563 ], [ -3.4529443, 11.7208385 ], [ -3.4590952, 11.7219067 ], [ -3.4619646, 11.7236729 ], [ -3.4673698, 11.7240057 ], [ -3.469883, 11.7260017 ], [ -3.4788311, 11.7292442 ], [ -3.4817259, 11.7286968 ], [ -3.4834766, 11.7268257 ], [ -3.4873486, 11.7258492 ], [ -3.4891903, 11.7238388 ], [ -3.4949031, 11.7238045 ], [ -3.499037, 11.7246227 ], [ -3.4969141, 11.7296371 ], [ -3.4991305, 11.7306213 ], [ -3.5043664, 11.7300396 ], [ -3.5086224, 11.7326555 ], [ -3.5153964, 11.7315912 ], [ -3.5178108, 11.7332649 ], [ -3.5172954, 11.7362251 ], [ -3.5208056, 11.736083 ], [ -3.523747, 11.7325344 ], [ -3.5268524, 11.7334595 ], [ -3.5335534, 11.7366858 ], [ -3.5389488, 11.7432556 ], [ -3.5415826, 11.7439556 ], [ -3.5423672, 11.7469263 ], [ -3.5451167, 11.7482891 ], [ -3.5498796, 11.7473907 ], [ -3.5520976, 11.7514191 ], [ -3.5579131, 11.7548895 ], [ -3.5610619, 11.7585354 ], [ -3.5671597, 11.7620478 ], [ -3.5688438, 11.764884 ], [ -3.5695539, 11.7682896 ], [ -3.5721698, 11.7722206 ], [ -3.575006, 11.772747 ], [ -3.5785968, 11.7705278 ], [ -3.5834839, 11.7727051 ], [ -3.5853877, 11.7720995 ], [ -3.5897448, 11.7688437 ], [ -3.5952559, 11.7666178 ], [ -3.6095164, 11.7655678 ], [ -3.6226661, 11.7653399 ], [ -3.6308985, 11.7655659 ], [ -3.6385138, 11.7667065 ], [ -3.6476643, 11.7687855 ], [ -3.6580832, 11.7703238 ], [ -3.6628833, 11.7723122 ], [ -3.6826539, 11.7794342 ], [ -3.6838133, 11.7803173 ], [ -3.6864717, 11.7777119 ], [ -3.6880867, 11.7733507 ], [ -3.6923335, 11.769887 ], [ -3.6957545, 11.7610559 ], [ -3.7018969, 11.7557507 ], [ -3.7081945, 11.7513657 ], [ -3.7107978, 11.7473135 ], [ -3.7159998, 11.7446985 ], [ -3.7188883, 11.7409182 ], [ -3.7207389, 11.7366915 ], [ -3.7234023, 11.7334681 ], [ -3.7285614, 11.7310848 ], [ -3.7335157, 11.7248278 ], [ -3.7355351, 11.7246933 ], [ -3.7418094, 11.7302303 ], [ -3.7527673, 11.7328367 ], [ -3.7562191, 11.7347698 ], [ -3.7669384, 11.7342415 ], [ -3.7722242, 11.7308874 ], [ -3.7792425, 11.7303686 ], [ -3.7841444, 11.7321863 ], [ -3.7890773, 11.733037 ], [ -3.7925999, 11.7363968 ], [ -3.7940743, 11.7405739 ], [ -3.7985923, 11.7417984 ], [ -3.8048489, 11.7461796 ], [ -3.8141384, 11.7466307 ], [ -3.8212585, 11.7479925 ], [ -3.85167, 11.7549515 ], [ -3.8498671, 11.7571297 ], [ -3.849561, 11.7612391 ], [ -3.8484194, 11.76301 ], [ -3.8500626, 11.7687988 ], [ -3.8500385, 11.7729511 ], [ -3.8516111, 11.7778902 ], [ -3.8555453, 11.7800188 ], [ -3.8570876, 11.7817907 ], [ -3.8627872, 11.7843838 ], [ -3.8659904, 11.7881641 ], [ -3.866178, 11.7909756 ], [ -3.8704538, 11.7944632 ], [ -3.8732409, 11.7985735 ], [ -3.8729389, 11.8000994 ], [ -3.8699589, 11.8040209 ], [ -3.8701951, 11.8076563 ], [ -3.874887, 11.8239222 ], [ -3.8794756, 11.8264818 ], [ -3.8867388, 11.8292322 ], [ -3.8928053, 11.8304777 ], [ -3.8957343, 11.8318625 ], [ -3.8987763, 11.8316317 ], [ -3.9072666, 11.8321009 ], [ -3.9116409, 11.835022 ], [ -3.916609, 11.8358326 ], [ -3.9206057, 11.8379545 ], [ -3.9210272, 11.8420858 ], [ -3.9180498, 11.8461437 ], [ -3.9152541, 11.8526001 ], [ -3.9143186, 11.8609648 ], [ -3.9160364, 11.8655062 ], [ -3.9198153, 11.8699579 ], [ -3.9223337, 11.8692379 ], [ -3.9255726, 11.8722792 ], [ -3.928793, 11.8714914 ], [ -3.9322317, 11.8724995 ], [ -3.9372001, 11.8725157 ], [ -3.9428489, 11.8684607 ], [ -3.9465451, 11.8680792 ], [ -3.9504075, 11.8637295 ], [ -3.9545865, 11.8614511 ], [ -3.9588094, 11.8621101 ], [ -3.9596426, 11.863863 ], [ -3.9632192, 11.875618 ], [ -3.9630098, 11.8797741 ], [ -3.9688361, 11.8833275 ], [ -3.9704125, 11.8850565 ], [ -3.9731336, 11.8906422 ], [ -3.9735699, 11.894187 ], [ -3.9763994, 11.9033241 ], [ -3.9776688, 11.9062567 ], [ -3.9800467, 11.9082489 ], [ -3.9817421, 11.9114065 ], [ -3.9860585, 11.9143372 ], [ -3.987669, 11.9180021 ], [ -3.9876804, 11.924613 ], [ -3.9855094, 11.9274416 ], [ -3.9812067, 11.9386749 ], [ -3.9841654, 11.939043 ], [ -3.9879932, 11.9381981 ], [ -3.9944232, 11.9387426 ], [ -3.9995127, 11.9397898 ], [ -4.0061221, 11.9391336 ], [ -4.0061231, 11.9404278 ], [ -4.021781, 11.946559 ], [ -4.0295978, 11.9502068 ], [ -4.0339904, 11.9512043 ], [ -4.0457215, 11.955842 ], [ -4.0549598, 11.9584064 ], [ -4.0621672, 11.9593754 ], [ -4.0699482, 11.9591475 ], [ -4.0773325, 11.9605684 ], [ -4.0869846, 11.9610205 ], [ -4.0960798, 11.9605427 ], [ -4.1010914, 11.9581423 ], [ -4.1091547, 11.9515657 ], [ -4.1168866, 11.9430447 ], [ -4.1214342, 11.9399948 ], [ -4.1240706, 11.9393053 ], [ -4.1447988, 11.9383812 ], [ -4.159905, 11.937089 ], [ -4.1748486, 11.9345932 ], [ -4.1903195, 11.9346828 ], [ -4.2208304, 11.9314499 ], [ -4.2412076, 11.9288549 ], [ -4.2444029, 11.9278088 ], [ -4.24613, 11.9134626 ], [ -4.2468443, 11.9094219 ], [ -4.2500262, 11.8972244 ], [ -4.2517524, 11.8826971 ], [ -4.255188, 11.8663607 ], [ -4.2598567, 11.8554783 ], [ -4.262063, 11.8519287 ], [ -4.2665343, 11.8473015 ], [ -4.2694302, 11.8420115 ], [ -4.2701077, 11.8345585 ], [ -4.27244, 11.8167248 ], [ -4.2715626, 11.8125639 ], [ -4.2691088, 11.8075514 ], [ -4.2699823, 11.8041162 ], [ -4.2742577, 11.8041706 ], [ -4.2750721, 11.8017406 ], [ -4.2737327, 11.7988319 ], [ -4.2764468, 11.7975254 ], [ -4.279676, 11.7910843 ], [ -4.2816563, 11.7884226 ], [ -4.2869234, 11.7849236 ], [ -4.2886581, 11.7809868 ], [ -4.2891145, 11.7769384 ], [ -4.2945719, 11.7764435 ], [ -4.2951908, 11.7719421 ], [ -4.2967553, 11.7688665 ], [ -4.2969232, 11.7658606 ], [ -4.2949028, 11.7628098 ], [ -4.2952394, 11.7587624 ], [ -4.2986088, 11.7529631 ], [ -4.3000207, 11.7522593 ], [ -4.3014531, 11.7486229 ], [ -4.303628, 11.746232 ], [ -4.3098307, 11.7426195 ], [ -4.3176866, 11.7405024 ], [ -4.3222561, 11.7374678 ], [ -4.3245769, 11.7349224 ], [ -4.3279958, 11.7333136 ], [ -4.3319254, 11.7291946 ], [ -4.3334661, 11.7286358 ], [ -4.3381591, 11.7296371 ], [ -4.3417501, 11.7259178 ], [ -4.346272, 11.7226563 ], [ -4.351511, 11.7227497 ], [ -4.3537493, 11.7236176 ], [ -4.3561292, 11.7268829 ], [ -4.3568015, 11.7320576 ], [ -4.3605623, 11.7372808 ], [ -4.3638816, 11.7408409 ], [ -4.3659539, 11.7464981 ], [ -4.3674374, 11.7471609 ], [ -4.3754115, 11.7464714 ], [ -4.3778338, 11.7474375 ], [ -4.3805137, 11.7499685 ], [ -4.3830352, 11.7504721 ], [ -4.3891325, 11.7495651 ], [ -4.39465, 11.7500277 ], [ -4.3982596, 11.7528524 ], [ -4.4047036, 11.7546225 ], [ -4.4135261, 11.752841 ], [ -4.4171247, 11.7505064 ], [ -4.4192228, 11.7478714 ], [ -4.42377, 11.7379913 ], [ -4.4262581, 11.7344494 ], [ -4.4353442, 11.7276878 ], [ -4.4423194, 11.7183218 ], [ -4.4434357, 11.7128124 ], [ -4.4457173, 11.7101765 ], [ -4.4483638, 11.7085695 ], [ -4.4513392, 11.7098131 ], [ -4.4558678, 11.7141266 ], [ -4.4588437, 11.7153788 ], [ -4.4617934, 11.7184687 ], [ -4.4658871, 11.720747 ], [ -4.473021, 11.7257528 ], [ -4.476335, 11.729764 ], [ -4.4860568, 11.7371178 ], [ -4.4890099, 11.7405787 ], [ -4.4910092, 11.7444782 ], [ -4.4919758, 11.74928 ], [ -4.4917774, 11.7559156 ], [ -4.4929099, 11.762291 ], [ -4.4944358, 11.7668266 ], [ -4.4962001, 11.774231 ], [ -4.4974623, 11.7837372 ], [ -4.4979081, 11.7949772 ], [ -4.4948688, 11.7985229 ], [ -4.4917564, 11.7991724 ], [ -4.4915681, 11.8014183 ], [ -4.4880333, 11.8005772 ], [ -4.4858818, 11.8035383 ], [ -4.4784732, 11.8111439 ], [ -4.4753137, 11.8131237 ], [ -4.472024, 11.8133764 ], [ -4.4664192, 11.8168983 ], [ -4.4641385, 11.8213186 ], [ -4.4626741, 11.8316078 ], [ -4.4616714, 11.8360128 ], [ -4.4586244, 11.8460932 ], [ -4.4588094, 11.8523645 ], [ -4.4565678, 11.8710318 ], [ -4.4552431, 11.8785601 ], [ -4.4560595, 11.8935003 ], [ -4.4558158, 11.9033489 ], [ -4.4536324, 11.9118776 ], [ -4.4473419, 11.9195127 ], [ -4.4466338, 11.9225397 ], [ -4.4502211, 11.9272099 ], [ -4.4573088, 11.9298172 ], [ -4.4586692, 11.9326973 ], [ -4.4494405, 11.9487562 ], [ -4.4490991, 11.953166 ], [ -4.4499578, 11.9583397 ], [ -4.4512262, 11.9612207 ], [ -4.4573321, 11.9670362 ], [ -4.4575763, 11.9693432 ], [ -4.4550261, 11.9704971 ], [ -4.4456286, 11.9725456 ], [ -4.4415278, 11.9773636 ], [ -4.4342513, 11.9941902 ], [ -4.433928, 11.9970436 ], [ -4.4353704, 12.001359 ], [ -4.4400649, 12.0000525 ], [ -4.44415, 12.0000534 ], [ -4.4484568, 12.0021839 ], [ -4.4515548, 12.0017967 ], [ -4.4564834, 12.0029573 ], [ -4.4594736, 12.0045261 ], [ -4.4651723, 12.0022602 ], [ -4.4684768, 12.0025425 ], [ -4.4739914, 12.0017986 ], [ -4.4845471, 12.0039616 ], [ -4.4860377, 12.0099268 ], [ -4.4854741, 12.0170269 ], [ -4.4828315, 12.0225792 ], [ -4.4822321, 12.0268278 ], [ -4.4828672, 12.0327988 ], [ -4.4825363, 12.035841 ], [ -4.4800749, 12.0409317 ], [ -4.476449, 12.043829 ], [ -4.4717813, 12.0522623 ], [ -4.4705811, 12.0605593 ], [ -4.4677634, 12.0676889 ], [ -4.467525, 12.0708218 ], [ -4.470324, 12.0770884 ], [ -4.4726658, 12.0793123 ], [ -4.4754548, 12.0853796 ], [ -4.4779439, 12.089078 ], [ -4.4839692, 12.0932369 ], [ -4.4851952, 12.093502 ], [ -4.4871702, 12.0900068 ], [ -4.4902744, 12.0949783 ], [ -4.4947405, 12.0983753 ], [ -4.504046, 12.1074047 ], [ -4.5081038, 12.1058626 ], [ -4.5181737, 12.1033278 ], [ -4.5213761, 12.1004686 ], [ -4.5254107, 12.0938845 ], [ -4.5278659, 12.0878706 ], [ -4.5300875, 12.0855503 ], [ -4.534914, 12.0819941 ], [ -4.5395236, 12.076231 ], [ -4.5445485, 12.0734968 ], [ -4.5575123, 12.0748196 ], [ -4.5761595, 12.0742273 ], [ -4.5906448, 12.0704536 ], [ -4.6031108, 12.0633144 ], [ -4.6117473, 12.0574093 ], [ -4.6155725, 12.0557041 ], [ -4.6181021, 12.0555811 ], [ -4.6296197, 12.0596421 ], [ -4.641451, 12.059607 ] ] ] ] } },
{ "type": "Feature", "properties": { "region": "Nord", "id_adm": 10.0 }, "geometry": { "type": "MultiPolygon", "coordinates": [ [ [ [ -1.769075, 13.7704487 ], [ -1.7790568, 13.779994 ], [ -1.7964423, 13.7958651 ], [ -1.8080546, 13.8081055 ], [ -1.8251405, 13.8256483 ], [ -1.8437734, 13.8439579 ], [ -1.8512048, 13.850935 ], [ -1.864054, 13.8634863 ], [ -1.8713683, 13.8699112 ], [ -1.8770636, 13.8756666 ], [ -1.8815275, 13.8788919 ], [ -1.88621, 13.8831224 ], [ -1.8892237, 13.8874178 ], [ -1.8947725, 13.9044323 ], [ -1.8975942, 13.9150982 ], [ -1.8995645, 13.9254436 ], [ -1.8991779, 13.9293337 ], [ -1.897948, 13.9331656 ], [ -1.8961942, 13.9358187 ], [ -1.8942175, 13.9408693 ], [ -1.8959075, 13.9448328 ], [ -1.8965019, 13.9491796 ], [ -1.8953725, 13.9555922 ], [ -1.8935738, 13.960145 ], [ -1.8902489, 13.9660044 ], [ -1.8867724, 13.9703331 ], [ -1.880985, 13.9750757 ], [ -1.8800964, 13.9791899 ], [ -1.8713051, 13.985919 ], [ -1.8715756, 13.9989262 ], [ -1.8721473, 14.0019159 ], [ -1.8747424, 14.0045624 ], [ -1.9150043, 14.0087938 ], [ -1.9764434, 14.0377579 ], [ -2.0042484, 14.0604782 ], [ -2.0274558, 14.0816441 ], [ -2.0555513, 14.1055269 ], [ -2.0926826, 14.1378498 ], [ -2.0937071, 14.1424971 ], [ -2.0981076, 14.1448317 ], [ -2.1014207, 14.1473596 ], [ -2.1027997, 14.1467521 ], [ -2.177794, 14.19196 ], [ -2.2536674, 14.2280103 ], [ -2.2969773, 14.2490964 ], [ -2.3732815, 14.2716236 ], [ -2.4269827, 14.287021 ], [ -2.4742041, 14.2998564 ], [ -2.5008731, 14.2801545 ], [ -2.5140575, 14.2701066 ], [ -2.5219612, 14.2647095 ], [ -2.5642697, 14.2336232 ], [ -2.5891482, 14.2156469 ], [ -2.6044697, 14.2024492 ], [ -2.6092482, 14.1968363 ], [ -2.6235078, 14.183942 ], [ -2.6629487, 14.1477372 ], [ -2.6768858, 14.1349435 ], [ -2.7242035, 14.1135905 ], [ -2.8060284, 14.0766655 ], [ -2.8388577, 14.0540683 ], [ -2.854978, 14.0062035 ], [ -2.8447701, 14.0060607 ], [ -2.8360613, 13.9953531 ], [ -2.8659711, 13.910335 ], [ -2.8723405, 13.8870186 ], [ -2.8718426, 13.8839875 ], [ -2.8753261, 13.881976 ], [ -2.879555, 13.876804 ], [ -2.8788273, 13.8708019 ], [ -2.8800192, 13.8672365 ], [ -2.8814777, 13.8659751 ], [ -2.8848423, 13.8660076 ], [ -2.8856252, 13.862845 ], [ -2.8844948, 13.8611549 ], [ -2.8891936, 13.8550563 ], [ -2.8912558, 13.8505666 ], [ -2.8901614, 13.8470191 ], [ -2.8929136, 13.8453081 ], [ -2.8928432, 13.8419044 ], [ -2.8975005, 13.8403878 ], [ -2.8997166, 13.8385313 ], [ -2.9021245, 13.8350034 ], [ -2.9004923, 13.8324746 ], [ -2.9010244, 13.8300253 ], [ -2.9036134, 13.8272574 ], [ -2.9041864, 13.8247053 ], [ -2.9077525, 13.8246777 ], [ -2.906458, 13.820578 ], [ -2.9068009, 13.726857 ], [ -2.892015, 13.705569 ], [ -2.8926924, 13.7019705 ], [ -2.8915493, 13.694985 ], [ -2.890249, 13.6906505 ], [ -2.8766894, 13.6582375 ], [ -2.8753498, 13.6538976 ], [ -2.9173504, 13.6374902 ], [ -2.95249, 13.624663 ], [ -2.9535117, 13.6228867 ], [ -2.9473429, 13.6146479 ], [ -2.9320748, 13.5985651 ], [ -2.9266, 13.5930319 ], [ -2.9256361, 13.5909948 ], [ -2.9232743, 13.5896626 ], [ -2.9180796, 13.5891991 ], [ -2.9138191, 13.5859652 ], [ -2.9134574, 13.5843811 ], [ -2.9106419, 13.5827322 ], [ -2.9106319, 13.5803061 ], [ -2.905019, 13.5743742 ], [ -2.9024727, 13.573947 ], [ -2.8933318, 13.5651255 ], [ -2.8822753, 13.5581121 ], [ -2.8748312, 13.5546408 ], [ -2.8695161, 13.5506001 ], [ -2.8644333, 13.5479355 ], [ -2.8559248, 13.5453863 ], [ -2.8505645, 13.5445137 ], [ -2.8449359, 13.5458317 ], [ -2.8329098, 13.5426273 ], [ -2.8272257, 13.5389023 ], [ -2.8233466, 13.5400581 ], [ -2.8164129, 13.5385323 ], [ -2.8090255, 13.5374756 ], [ -2.7987776, 13.5353127 ], [ -2.7681003, 13.528367 ], [ -2.7505684, 13.525507 ], [ -2.736258, 13.5229197 ], [ -2.7217352, 13.5198793 ], [ -2.7152929, 13.5190659 ], [ -2.714673, 13.5182323 ], [ -2.7153795, 13.5123396 ], [ -2.7140882, 13.5027514 ], [ -2.7118409, 13.498476 ], [ -2.7117307, 13.4967461 ], [ -2.7068925, 13.4916525 ], [ -2.7037003, 13.4895754 ], [ -2.7003982, 13.4858694 ], [ -2.6937647, 13.4809628 ], [ -2.6823351, 13.4798431 ], [ -2.6735246, 13.4792976 ], [ -2.6688318, 13.4798164 ], [ -2.6606481, 13.4828281 ], [ -2.6584461, 13.481884 ], [ -2.651185, 13.4761248 ], [ -2.6509664, 13.458643 ], [ -2.6507409, 13.4129705 ], [ -2.6501775, 13.3736439 ], [ -2.6454508, 13.372714 ], [ -2.6440375, 13.3699417 ], [ -2.638608, 13.3691187 ], [ -2.6371937, 13.3675051 ], [ -2.6327071, 13.3559103 ], [ -2.6288345, 13.3519754 ], [ -2.6260014, 13.3439054 ], [ -2.6235523, 13.3410769 ], [ -2.6173351, 13.3212862 ], [ -2.614733, 13.3140945 ], [ -2.6129866, 13.3123989 ], [ -2.5617251, 13.2914181 ], [ -2.5447536, 13.2847605 ], [ -2.5407495, 13.2845173 ], [ -2.5351334, 13.2869511 ], [ -2.5329742, 13.2983446 ], [ -2.528681, 13.3077154 ], [ -2.527612, 13.3122215 ], [ -2.5280793, 13.3157988 ], [ -2.5255237, 13.3181286 ], [ -2.4845397, 13.2999496 ], [ -2.4619982, 13.2901335 ], [ -2.4499745, 13.2851553 ], [ -2.4478235, 13.2828331 ], [ -2.4458175, 13.270463 ], [ -2.4597611, 13.2710543 ], [ -2.4655874, 13.2705059 ], [ -2.4675128, 13.2691612 ], [ -2.4716723, 13.2638741 ], [ -2.4772892, 13.2544985 ], [ -2.4818752, 13.2480984 ], [ -2.4859805, 13.2413445 ], [ -2.4915574, 13.2335253 ], [ -2.4953899, 13.2298222 ], [ -2.5081182, 13.2248325 ], [ -2.5110428, 13.2223482 ], [ -2.5131919, 13.2190571 ], [ -2.51388, 13.2159719 ], [ -2.5169156, 13.2134428 ], [ -2.5204351, 13.2082443 ], [ -2.5210202, 13.2060452 ], [ -2.5212693, 13.1990032 ], [ -2.5241067, 13.1919651 ], [ -2.5291862, 13.1880455 ], [ -2.5316689, 13.1837778 ], [ -2.5317593, 13.1777391 ], [ -2.5379305, 13.1806297 ], [ -2.5412509, 13.1788883 ], [ -2.5448911, 13.1723595 ], [ -2.5498343, 13.1660585 ], [ -2.5503929, 13.1623201 ], [ -2.5564675, 13.1519384 ], [ -2.5604811, 13.1498632 ], [ -2.5626659, 13.1464634 ], [ -2.5661402, 13.1384668 ], [ -2.5718751, 13.1338053 ], [ -2.5760751, 13.1297932 ], [ -2.5787895, 13.1232157 ], [ -2.5827892, 13.1155548 ], [ -2.5891972, 13.1115646 ], [ -2.5938768, 13.1078243 ], [ -2.5998478, 13.1063576 ], [ -2.6050971, 13.1059141 ], [ -2.6103826, 13.1063023 ], [ -2.61551, 13.1078043 ], [ -2.6442831, 13.1129894 ], [ -2.7004187, 13.1235752 ], [ -2.7050862, 13.1225042 ], [ -2.7075822, 13.1210489 ], [ -2.7111976, 13.1167898 ], [ -2.7147675, 13.111063 ], [ -2.7179124, 13.1040592 ], [ -2.7193193, 13.098484 ], [ -2.7197757, 13.0677128 ], [ -2.720628, 13.0622549 ], [ -2.7198911, 13.0571213 ], [ -2.7132833, 13.0400209 ], [ -2.7102387, 13.0306292 ], [ -2.7071683, 13.0178328 ], [ -2.7056518, 13.0010281 ], [ -2.7043188, 12.9877272 ], [ -2.7046273, 12.9798059 ], [ -2.7055442, 12.9743662 ], [ -2.7097936, 12.9724522 ], [ -2.7133682, 12.9720945 ], [ -2.7166662, 12.9700518 ], [ -2.7180071, 12.9665499 ], [ -2.7204189, 12.9631853 ], [ -2.7213902, 12.9594021 ], [ -2.7274144, 12.9523106 ], [ -2.734843, 12.9425049 ], [ -2.7364886, 12.9374371 ], [ -2.7358065, 12.9336615 ], [ -2.7330198, 12.9272394 ], [ -2.7309823, 12.9185095 ], [ -2.730762, 12.9145622 ], [ -2.7319098, 12.906723 ], [ -2.7353587, 12.892622 ], [ -2.7360537, 12.885253 ], [ -2.7353449, 12.8789968 ], [ -2.7326601, 12.8730364 ], [ -2.7347672, 12.8666744 ], [ -2.7386506, 12.8489695 ], [ -2.7385316, 12.8454752 ], [ -2.7373698, 12.8413458 ], [ -2.7286804, 12.8233652 ], [ -2.7283587, 12.8192272 ], [ -2.7294493, 12.8150826 ], [ -2.7317588, 12.8099966 ], [ -2.7332187, 12.8052998 ], [ -2.7332666, 12.8000488 ], [ -2.7308867, 12.7957459 ], [ -2.7285159, 12.7929096 ], [ -2.7221947, 12.7897339 ], [ -2.7174048, 12.7889318 ], [ -2.7104728, 12.7907343 ], [ -2.7039938, 12.7906809 ], [ -2.6981966, 12.7926569 ], [ -2.69455, 12.7946177 ], [ -2.6886344, 12.7936411 ], [ -2.6838095, 12.7896338 ], [ -2.6773801, 12.7833242 ], [ -2.668211, 12.7752905 ], [ -2.6595044, 12.7666063 ], [ -2.6532605, 12.760849 ], [ -2.6446562, 12.7523451 ], [ -2.5919802, 12.7964182 ], [ -2.5742631, 12.8118973 ], [ -2.5701702, 12.8159828 ], [ -2.5685601, 12.8200722 ], [ -2.5690279, 12.8229694 ], [ -2.5666592, 12.8286419 ], [ -2.5588615, 12.8354549 ], [ -2.558157, 12.8383503 ], [ -2.5551996, 12.8417044 ], [ -2.5517685, 12.8421755 ], [ -2.546514, 12.8407021 ], [ -2.5396039, 12.8370504 ], [ -2.5314822, 12.8356504 ], [ -2.5239432, 12.833518 ], [ -2.5128505, 12.8235741 ], [ -2.5102539, 12.8107586 ], [ -2.5083733, 12.8088455 ], [ -2.5060709, 12.8046036 ], [ -2.4970891, 12.7836733 ], [ -2.4940259, 12.7758722 ], [ -2.5016832, 12.7703924 ], [ -2.5217006, 12.7619839 ], [ -2.5303059, 12.7579708 ], [ -2.5338438, 12.7547274 ], [ -2.5346682, 12.7519674 ], [ -2.5361516, 12.7372322 ], [ -2.5377028, 12.7196436 ], [ -2.5374851, 12.7076845 ], [ -2.5319712, 12.6962395 ], [ -2.5290883, 12.6920614 ], [ -2.5267239, 12.6943197 ], [ -2.5238919, 12.6940794 ], [ -2.517818, 12.6969013 ], [ -2.5131586, 12.6973 ], [ -2.5089679, 12.6989765 ], [ -2.5029442, 12.6982679 ], [ -2.4949441, 12.6993113 ], [ -2.4850998, 12.6994457 ], [ -2.4745071, 12.7004385 ], [ -2.4635444, 12.7020636 ], [ -2.4524813, 12.7028732 ], [ -2.4381528, 12.7031136 ], [ -2.4375772, 12.6992826 ], [ -2.4383039, 12.6882849 ], [ -2.4414957, 12.6821537 ], [ -2.4450424, 12.6792736 ], [ -2.4484334, 12.6754694 ], [ -2.4550698, 12.6730385 ], [ -2.474196, 12.6708965 ], [ -2.4782271, 12.6710501 ], [ -2.4852579, 12.6699047 ], [ -2.485348, 12.6572037 ], [ -2.4857399, 12.6466208 ], [ -2.4849904, 12.6341076 ], [ -2.4855435, 12.6199312 ], [ -2.4848564, 12.616436 ], [ -2.4578974, 12.6232338 ], [ -2.4118369, 12.6350117 ], [ -2.3293631, 12.658123 ], [ -2.3039987, 12.6662769 ], [ -2.2886462, 12.6721554 ], [ -2.2470877, 12.6853552 ], [ -2.2043977, 12.6994686 ], [ -2.182349, 12.6993999 ], [ -2.1608894, 12.6999111 ], [ -2.1606717, 12.701993 ], [ -2.1585422, 12.7050009 ], [ -2.1534495, 12.7086229 ], [ -2.1504698, 12.708559 ], [ -2.1449411, 12.7059698 ], [ -2.1311359, 12.7004843 ], [ -2.1174924, 12.6934586 ], [ -2.1067672, 12.6888142 ], [ -2.099829, 12.6892796 ], [ -2.0956917, 12.6908855 ], [ -2.0920453, 12.688447 ], [ -2.0892069, 12.6907539 ], [ -2.0795529, 12.6923952 ], [ -2.0788715, 12.6951714 ], [ -2.0799792, 12.6981268 ], [ -2.0785813, 12.703001 ], [ -2.071883, 12.7064629 ], [ -2.0675712, 12.7076778 ], [ -2.0596004, 12.7076225 ], [ -2.0513382, 12.7063799 ], [ -2.035934, 12.7026749 ], [ -2.0273063, 12.7033587 ], [ -2.0164344, 12.7047844 ], [ -2.0069597, 12.7049198 ], [ -1.99568, 12.7069588 ], [ -1.9925795, 12.7072182 ], [ -1.9858775, 12.7028751 ], [ -1.9851086, 12.7010527 ], [ -1.9800298, 12.6969318 ], [ -1.9831378, 12.6914854 ], [ -1.9874971, 12.6784763 ], [ -1.9871278, 12.6757412 ], [ -1.9842281, 12.673892 ], [ -1.9800051, 12.6734142 ], [ -1.9742799, 12.6753292 ], [ -1.9631083, 12.6812687 ], [ -1.9551207, 12.6865864 ], [ -1.9467607, 12.6928082 ], [ -1.9515326, 12.6974258 ], [ -1.9546058, 12.7024984 ], [ -1.9564825, 12.704072 ], [ -1.9651628, 12.7070026 ], [ -1.9651121, 12.7083607 ], [ -1.9724928, 12.7137852 ], [ -1.9764187, 12.7178469 ], [ -1.9787571, 12.7221737 ], [ -1.9800613, 12.7267771 ], [ -1.9805074, 12.7342377 ], [ -1.9799231, 12.7407627 ], [ -1.978598, 12.748126 ], [ -1.9761422, 12.7541904 ], [ -1.9729339, 12.7589569 ], [ -1.9554465, 12.7759237 ], [ -1.9512005, 12.7817087 ], [ -1.9485619, 12.7869396 ], [ -1.9469585, 12.7916307 ], [ -1.9462817, 12.7979736 ], [ -1.9446681, 12.8056068 ], [ -1.9424005, 12.8101959 ], [ -1.9398628, 12.8127661 ], [ -1.9330031, 12.8161507 ], [ -1.9239008, 12.8168459 ], [ -1.9192001, 12.81775 ], [ -1.9144132, 12.8194857 ], [ -1.9121557, 12.8210421 ], [ -1.9058725, 12.8230982 ], [ -1.8990167, 12.8226528 ], [ -1.8922503, 12.8255749 ], [ -1.8856691, 12.8307877 ], [ -1.8816181, 12.8355589 ], [ -1.8789755, 12.8413496 ], [ -1.8810149, 12.8488979 ], [ -1.8816556, 12.8528566 ], [ -1.880229, 12.8592052 ], [ -1.8774965, 12.864253 ], [ -1.872786, 12.869935 ], [ -1.8673297, 12.8750715 ], [ -1.8634717, 12.8773537 ], [ -1.8519121, 12.8827419 ], [ -1.8346227, 12.8896618 ], [ -1.8235317, 12.8930244 ], [ -1.8086921, 12.8964682 ], [ -1.8002453, 12.8964291 ], [ -1.7898371, 12.895195 ], [ -1.7732317, 12.8924551 ], [ -1.7649695, 12.8925161 ], [ -1.7547358, 12.8937607 ], [ -1.7475001, 12.8955727 ], [ -1.7412025, 12.8981218 ], [ -1.7270997, 12.9059725 ], [ -1.7223009, 12.9098139 ], [ -1.7128981, 12.9129982 ], [ -1.7047201, 12.9168224 ], [ -1.6932454, 12.9228468 ], [ -1.6794865, 12.9306135 ], [ -1.6759578, 12.9287615 ], [ -1.6681474, 12.9269381 ], [ -1.6596057, 12.92733 ], [ -1.6522222, 12.9285965 ], [ -1.6443852, 12.9291973 ], [ -1.6364324, 12.9304924 ], [ -1.6296566, 12.9304714 ], [ -1.6253128, 12.929965 ], [ -1.6157086, 12.9310226 ], [ -1.6082098, 12.9336214 ], [ -1.6020846, 12.9292393 ], [ -1.5913366, 12.9164009 ], [ -1.5819974, 12.9063673 ], [ -1.5775042, 12.904007 ], [ -1.5743126, 12.9035282 ], [ -1.5513463, 12.8978977 ], [ -1.5482466, 12.8975182 ], [ -1.5443947, 12.8998861 ], [ -1.5446445, 12.9070644 ], [ -1.5428307, 12.9133987 ], [ -1.5385464, 12.9262629 ], [ -1.5360678, 12.9361782 ], [ -1.5346951, 12.948226 ], [ -1.5363383, 12.9590864 ], [ -1.5385754, 12.9639778 ], [ -1.5418398, 12.9684134 ], [ -1.545297, 12.9712744 ], [ -1.5506145, 12.9787531 ], [ -1.5518224, 12.9827147 ], [ -1.5522547, 12.9903564 ], [ -1.553852, 12.9940491 ], [ -1.5625477, 12.9983149 ], [ -1.5649904, 13.0010462 ], [ -1.5592765, 13.0010452 ], [ -1.5616821, 13.0051527 ], [ -1.5633285, 13.006465 ], [ -1.5700524, 13.0044394 ], [ -1.5756236, 13.0057735 ], [ -1.5768371, 13.0050383 ], [ -1.5824128, 13.0073223 ], [ -1.5835304, 13.0110121 ], [ -1.5853937, 13.0133219 ], [ -1.5861974, 13.0170097 ], [ -1.5915397, 13.0255108 ], [ -1.5936193, 13.0232954 ], [ -1.5948973, 13.0188494 ], [ -1.5960728, 13.018322 ], [ -1.5994459, 13.0235176 ], [ -1.5948459, 13.025547 ], [ -1.5943358, 13.0316172 ], [ -1.5947982, 13.0371046 ], [ -1.5961561, 13.0408316 ], [ -1.5998213, 13.0430336 ], [ -1.6040823, 13.0424051 ], [ -1.6079972, 13.0464716 ], [ -1.6082547, 13.0523834 ], [ -1.606757, 13.0545473 ], [ -1.6096233, 13.0596409 ], [ -1.6094044, 13.0628529 ], [ -1.6144414, 13.066102 ], [ -1.6206859, 13.0679731 ], [ -1.6262162, 13.0666637 ], [ -1.6303329, 13.0634546 ], [ -1.637136, 13.0663872 ], [ -1.6472379, 13.0750027 ], [ -1.6522337, 13.0753822 ], [ -1.661285, 13.0737734 ], [ -1.6637567, 13.0726547 ], [ -1.6725996, 13.074131 ], [ -1.6937829, 13.0799789 ], [ -1.7007948, 13.0799236 ], [ -1.7037922, 13.0830889 ], [ -1.7128644, 13.0974903 ], [ -1.7156006, 13.1012783 ], [ -1.7168249, 13.108489 ], [ -1.7207315, 13.1130075 ], [ -1.7216666, 13.1187954 ], [ -1.7251002, 13.1237726 ], [ -1.730725, 13.1242628 ], [ -1.7366031, 13.1281118 ], [ -1.7410604, 13.1336374 ], [ -1.742896, 13.1385794 ], [ -1.7459329, 13.141427 ], [ -1.7480772, 13.143465 ], [ -1.7511022, 13.1490555 ], [ -1.7495849, 13.1558371 ], [ -1.7450612, 13.1611996 ], [ -1.7394691, 13.1635523 ], [ -1.7344732, 13.1668949 ], [ -1.733263, 13.168889 ], [ -1.737535, 13.1725397 ], [ -1.7406005, 13.1773701 ], [ -1.7437923, 13.1808167 ], [ -1.7453306, 13.1840916 ], [ -1.7438431, 13.1882114 ], [ -1.7409625, 13.1896181 ], [ -1.7382709, 13.1922026 ], [ -1.7375743, 13.1950502 ], [ -1.7365781, 13.2071381 ], [ -1.7387841, 13.2141275 ], [ -1.7419766, 13.2174835 ], [ -1.7449714, 13.2238245 ], [ -1.7495689, 13.2251234 ], [ -1.7531137, 13.232563 ], [ -1.7551934, 13.2411089 ], [ -1.7575003, 13.2441883 ], [ -1.7582583, 13.2484465 ], [ -1.7559261, 13.2511501 ], [ -1.7541004, 13.2500639 ], [ -1.7507989, 13.250329 ], [ -1.7474539, 13.2541771 ], [ -1.7484878, 13.2566261 ], [ -1.7558868, 13.2601566 ], [ -1.7644284, 13.2603426 ], [ -1.7649754, 13.2642374 ], [ -1.762187, 13.2697906 ], [ -1.7638048, 13.2719707 ], [ -1.7659582, 13.2828064 ], [ -1.7679331, 13.2857943 ], [ -1.7682439, 13.2887468 ], [ -1.7669632, 13.294117 ], [ -1.7674704, 13.298708 ], [ -1.7647126, 13.3056278 ], [ -1.7666563, 13.3073025 ], [ -1.7756013, 13.30655 ], [ -1.7824585, 13.3031254 ], [ -1.7937139, 13.2960567 ], [ -1.7973515, 13.2929964 ], [ -1.801433, 13.2920752 ], [ -1.8062308, 13.2967777 ], [ -1.8072271, 13.301733 ], [ -1.805504, 13.3047209 ], [ -1.8055289, 13.3098173 ], [ -1.8071647, 13.3166857 ], [ -1.8104011, 13.3211546 ], [ -1.8129381, 13.3226051 ], [ -1.8142964, 13.3251104 ], [ -1.8169867, 13.3275394 ], [ -1.8184906, 13.3305969 ], [ -1.82038, 13.3321447 ], [ -1.827729, 13.3351574 ], [ -1.8321351, 13.3364449 ], [ -1.8383931, 13.3371801 ], [ -1.8453611, 13.3407335 ], [ -1.847011, 13.3467331 ], [ -1.8478209, 13.3523121 ], [ -1.8411163, 13.3566713 ], [ -1.8407892, 13.3597832 ], [ -1.8437818, 13.3630648 ], [ -1.8440789, 13.3650751 ], [ -1.8425232, 13.3723907 ], [ -1.8425106, 13.3754778 ], [ -1.8467293, 13.3821411 ], [ -1.8486183, 13.3839417 ], [ -1.8537511, 13.3910885 ], [ -1.8534666, 13.3951244 ], [ -1.8545457, 13.3982162 ], [ -1.8536978, 13.4043398 ], [ -1.8520334, 13.4110479 ], [ -1.8521957, 13.4166698 ], [ -1.8541758, 13.421196 ], [ -1.8593571, 13.4302979 ], [ -1.8619444, 13.4357224 ], [ -1.8633947, 13.4409161 ], [ -1.8629762, 13.4461002 ], [ -1.8613194, 13.4508715 ], [ -1.8569095, 13.456871 ], [ -1.8541253, 13.4635382 ], [ -1.8535547, 13.4673367 ], [ -1.8551319, 13.475481 ], [ -1.8594245, 13.4918118 ], [ -1.8617609, 13.4999237 ], [ -1.8669579, 13.503233 ], [ -1.8745837, 13.505558 ], [ -1.8765165, 13.5082817 ], [ -1.879748, 13.514904 ], [ -1.880854, 13.5184116 ], [ -1.8769616, 13.5243778 ], [ -1.8732218, 13.5268583 ], [ -1.8693118, 13.5278816 ], [ -1.8644824, 13.5319777 ], [ -1.8649036, 13.5354376 ], [ -1.8664423, 13.539463 ], [ -1.8685147, 13.5420437 ], [ -1.8769088, 13.546978 ], [ -1.881084, 13.5515232 ], [ -1.8833473, 13.557353 ], [ -1.8865507, 13.5618935 ], [ -1.891179, 13.5642862 ], [ -1.9010984, 13.5745955 ], [ -1.9026875, 13.5780773 ], [ -1.9020462, 13.5835238 ], [ -1.9040823, 13.5932179 ], [ -1.9033442, 13.5997047 ], [ -1.9037246, 13.6019058 ], [ -1.9082711, 13.6113033 ], [ -1.9088966, 13.6147814 ], [ -1.9080482, 13.6186876 ], [ -1.9044014, 13.6230888 ], [ -1.890807, 13.632885 ], [ -1.8752558, 13.6431417 ], [ -1.8650208, 13.6506701 ], [ -1.8514563, 13.6591787 ], [ -1.8427268, 13.6650753 ], [ -1.8350165, 13.668541 ], [ -1.8293879, 13.6702518 ], [ -1.8262109, 13.6703911 ], [ -1.8236313, 13.6693916 ], [ -1.8163583, 13.6679449 ], [ -1.8135688, 13.6684294 ], [ -1.808808, 13.6707506 ], [ -1.8016119, 13.6772318 ], [ -1.7869643, 13.6911259 ], [ -1.7811073, 13.694047 ], [ -1.7751396, 13.6947594 ], [ -1.7568592, 13.6942329 ], [ -1.7468041, 13.6976023 ], [ -1.7427833, 13.6998901 ], [ -1.7402204, 13.7033253 ], [ -1.7392337, 13.7064066 ], [ -1.7375406, 13.7160187 ], [ -1.7324698, 13.7209072 ], [ -1.7361332, 13.7238951 ], [ -1.738638, 13.7310581 ], [ -1.7384582, 13.7358809 ], [ -1.7397902, 13.7422962 ], [ -1.7439216, 13.7463264 ], [ -1.7469054, 13.7481432 ], [ -1.755386, 13.7512913 ], [ -1.7577305, 13.7531672 ], [ -1.7611748, 13.7597113 ], [ -1.7614059, 13.7640018 ], [ -1.769075, 13.7704487 ] ] ] ] } },
{ "type": "Feature", "properties": { "region": "Plateau Central", "id_adm": 11.0 }, "geometry": { "type": "MultiPolygon", "coordinates": [ [ [ [ -0.4866971, 12.0066557 ], [ -0.4839395, 12.0072603 ], [ -0.4811748, 12.0062084 ], [ -0.4716218, 12.0084095 ], [ -0.4677095, 12.0099735 ], [ -0.4626417, 12.0148621 ], [ -0.4593276, 12.0164804 ], [ -0.4544651, 12.0171375 ], [ -0.4519192, 12.0231285 ], [ -0.4483412, 12.0285683 ], [ -0.4468934, 12.0291243 ], [ -0.442237, 12.0340614 ], [ -0.4408333, 12.0339718 ], [ -0.4378108, 12.0382147 ], [ -0.4363298, 12.0417624 ], [ -0.4329741, 12.0446701 ], [ -0.4319594, 12.047987 ], [ -0.4325366, 12.0516233 ], [ -0.4282892, 12.0538883 ], [ -0.4264429, 12.0596018 ], [ -0.4240685, 12.0628967 ], [ -0.4223762, 12.071517 ], [ -0.4203518, 12.0721931 ], [ -0.4193057, 12.0753164 ], [ -0.4156303, 12.0806274 ], [ -0.4143011, 12.0865602 ], [ -0.41286, 12.0887737 ], [ -0.4128778, 12.0929165 ], [ -0.4119982, 12.095129 ], [ -0.4161782, 12.0986652 ], [ -0.4194758, 12.1023626 ], [ -0.4255778, 12.1079445 ], [ -0.428942, 12.1072493 ], [ -0.4304935, 12.1104937 ], [ -0.4274175, 12.1211519 ], [ -0.4261523, 12.1304913 ], [ -0.4275647, 12.1356058 ], [ -0.4296602, 12.1400795 ], [ -0.4334672, 12.1442137 ], [ -0.4384648, 12.1519537 ], [ -0.4406691, 12.1575947 ], [ -0.4409163, 12.1620197 ], [ -0.4396562, 12.1646662 ], [ -0.4379651, 12.1651468 ], [ -0.432022, 12.1648827 ], [ -0.4266381, 12.1640644 ], [ -0.4234085, 12.1644058 ], [ -0.4274836, 12.1697712 ], [ -0.429374, 12.1734638 ], [ -0.4312002, 12.1740913 ], [ -0.4369993, 12.183609 ], [ -0.4402458, 12.1874237 ], [ -0.4439027, 12.1886587 ], [ -0.4488397, 12.1885214 ], [ -0.4520963, 12.1940069 ], [ -0.4577212, 12.1995392 ], [ -0.4587433, 12.2066908 ], [ -0.4621793, 12.2105913 ], [ -0.467352, 12.2140465 ], [ -0.4775435, 12.2165766 ], [ -0.4879792, 12.2177734 ], [ -0.4912024, 12.2189074 ], [ -0.4938856, 12.2233543 ], [ -0.4950457, 12.2310143 ], [ -0.4942672, 12.2348328 ], [ -0.4915441, 12.2418137 ], [ -0.4914625, 12.2464209 ], [ -0.4935634, 12.2658863 ], [ -0.4962104, 12.2774906 ], [ -0.5007352, 12.2820272 ], [ -0.507818, 12.2856493 ], [ -0.5141497, 12.2870235 ], [ -0.514392, 12.2882738 ], [ -0.5199811, 12.2917147 ], [ -0.5212054, 12.293231 ], [ -0.5202334, 12.2956734 ], [ -0.52124, 12.3007364 ], [ -0.5194787, 12.3048372 ], [ -0.518289, 12.3112707 ], [ -0.5217431, 12.3126726 ], [ -0.5254644, 12.3162985 ], [ -0.5292241, 12.3210773 ], [ -0.5379727, 12.3292637 ], [ -0.540109, 12.3327274 ], [ -0.5381162, 12.3413839 ], [ -0.5336787, 12.3519459 ], [ -0.5327216, 12.360878 ], [ -0.5327756, 12.3661318 ], [ -0.5242633, 12.3700686 ], [ -0.5198394, 12.3725195 ], [ -0.5171487, 12.3750305 ], [ -0.5150545, 12.3853817 ], [ -0.5151725, 12.394599 ], [ -0.515681, 12.4016542 ], [ -0.5167347, 12.4085016 ], [ -0.5192569, 12.407999 ], [ -0.5231941, 12.4089584 ], [ -0.5262365, 12.4083996 ], [ -0.5363988, 12.4081488 ], [ -0.5440418, 12.4075203 ], [ -0.5496148, 12.4082127 ], [ -0.5505131, 12.4134283 ], [ -0.5498495, 12.4207029 ], [ -0.5506343, 12.4285908 ], [ -0.5498945, 12.4459124 ], [ -0.5517115, 12.4598913 ], [ -0.5524523, 12.4674101 ], [ -0.5550605, 12.4697361 ], [ -0.5673652, 12.4732046 ], [ -0.5750096, 12.4729939 ], [ -0.5834619, 12.4712677 ], [ -0.5933605, 12.4705219 ], [ -0.6081895, 12.4688015 ], [ -0.6145628, 12.4692698 ], [ -0.6168551, 12.470027 ], [ -0.6248583, 12.4785271 ], [ -0.6282578, 12.4816885 ], [ -0.6321553, 12.4873896 ], [ -0.6331151, 12.4909 ], [ -0.6328429, 12.5025578 ], [ -0.6335666, 12.5192471 ], [ -0.6327314, 12.5244942 ], [ -0.6320628, 12.5414848 ], [ -0.6358595, 12.5411263 ], [ -0.638251, 12.544342 ], [ -0.6410773, 12.5440588 ], [ -0.6441944, 12.548748 ], [ -0.6452704, 12.5534554 ], [ -0.6483008, 12.5544014 ], [ -0.6485562, 12.558774 ], [ -0.6496648, 12.5648956 ], [ -0.6519891, 12.5704145 ], [ -0.6539839, 12.5732641 ], [ -0.6527327, 12.5787477 ], [ -0.6529772, 12.5807724 ], [ -0.6564708, 12.585598 ], [ -0.6574217, 12.5883589 ], [ -0.6553243, 12.5909424 ], [ -0.6585845, 12.595953 ], [ -0.6598749, 12.6009684 ], [ -0.6553479, 12.6054001 ], [ -0.6562648, 12.620409 ], [ -0.6547825, 12.6241426 ], [ -0.6489118, 12.632123 ], [ -0.6461834, 12.6401424 ], [ -0.6455904, 12.6436424 ], [ -0.6477442, 12.6526165 ], [ -0.6504893, 12.6578121 ], [ -0.6506512, 12.6621866 ], [ -0.6526133, 12.670331 ], [ -0.6559753, 12.6769991 ], [ -0.6560596, 12.6791735 ], [ -0.6595239, 12.6832991 ], [ -0.6702886, 12.6879673 ], [ -0.6756555, 12.6893711 ], [ -0.676628, 12.6936665 ], [ -0.6780495, 12.6962891 ], [ -0.6775233, 12.7011938 ], [ -0.68427, 12.702816 ], [ -0.6906418, 12.7032366 ], [ -0.7075406, 12.7057285 ], [ -0.7114378, 12.7054377 ], [ -0.7172206, 12.7027998 ], [ -0.7233212, 12.702734 ], [ -0.7273148, 12.7036877 ], [ -0.7346634, 12.7045622 ], [ -0.7420883, 12.7032852 ], [ -0.7535643, 12.6997814 ], [ -0.7584187, 12.6968241 ], [ -0.7616421, 12.6922407 ], [ -0.7708552, 12.6901016 ], [ -0.7753276, 12.6881084 ], [ -0.7783013, 12.6855965 ], [ -0.7811078, 12.6800413 ], [ -0.7797508, 12.6725645 ], [ -0.775622, 12.6655264 ], [ -0.7698966, 12.6586599 ], [ -0.7634946, 12.6547384 ], [ -0.7609771, 12.6523218 ], [ -0.7572162, 12.6464844 ], [ -0.7513301, 12.6358376 ], [ -0.7461552, 12.6279402 ], [ -0.7457228, 12.6249056 ], [ -0.7472561, 12.6226311 ], [ -0.7438745, 12.6203499 ], [ -0.7471427, 12.6183167 ], [ -0.756014, 12.6107388 ], [ -0.7626885, 12.6065655 ], [ -0.7681811, 12.6058216 ], [ -0.7747484, 12.6061239 ], [ -0.7790088, 12.6047297 ], [ -0.783571, 12.5996113 ], [ -0.7837365, 12.5965919 ], [ -0.782406, 12.5921106 ], [ -0.7850515, 12.5894127 ], [ -0.7944756, 12.5832167 ], [ -0.8044489, 12.5790071 ], [ -0.8168929, 12.5772591 ], [ -0.8251593, 12.5757084 ], [ -0.8304729, 12.5738134 ], [ -0.836078, 12.5703983 ], [ -0.8402347, 12.5660515 ], [ -0.8438505, 12.558197 ], [ -0.8460702, 12.5558624 ], [ -0.8517264, 12.5517101 ], [ -0.8560033, 12.5494261 ], [ -0.8621718, 12.5467186 ], [ -0.8682455, 12.5432148 ], [ -0.8718283, 12.5429134 ], [ -0.8745728, 12.5440454 ], [ -0.8823685, 12.5500946 ], [ -0.886856, 12.5526171 ], [ -0.8961408, 12.5606604 ], [ -0.8983387, 12.5618286 ], [ -0.9110914, 12.5630274 ], [ -0.9143209, 12.5642042 ], [ -0.9192148, 12.5694475 ], [ -0.9190875, 12.5747938 ], [ -0.9199817, 12.5819902 ], [ -0.9245384, 12.588726 ], [ -0.9275092, 12.5913858 ], [ -0.930728, 12.5963945 ], [ -0.935909, 12.6000595 ], [ -0.9407655, 12.6043253 ], [ -0.9444066, 12.6093788 ], [ -0.9468614, 12.6112051 ], [ -0.9491826, 12.6158085 ], [ -0.9495758, 12.6188002 ], [ -0.9530193, 12.6297951 ], [ -0.9571611, 12.6321287 ], [ -0.9599779, 12.6325321 ], [ -0.9655547, 12.6316366 ], [ -0.9734972, 12.6340475 ], [ -0.9740539, 12.6371565 ], [ -0.967416, 12.6417818 ], [ -0.9650382, 12.6447372 ], [ -0.9639775, 12.6485615 ], [ -0.9647239, 12.6564512 ], [ -0.9724434, 12.6558199 ], [ -0.978367, 12.65411 ], [ -0.9813113, 12.6561594 ], [ -0.9832199, 12.6588001 ], [ -0.9916189, 12.6669264 ], [ -0.9940292, 12.672061 ], [ -0.9948984, 12.6758461 ], [ -0.9972445, 12.6793947 ], [ -1.0015672, 12.6764517 ], [ -1.0015663, 12.6752825 ], [ -1.0086313, 12.6736526 ], [ -1.0183873, 12.6735363 ], [ -1.0255911, 12.6757889 ], [ -1.0308303, 12.6768417 ], [ -1.0409514, 12.6772785 ], [ -1.0463836, 12.6784143 ], [ -1.0520819, 12.6811161 ], [ -1.0738956, 12.6855927 ], [ -1.0898116, 12.6896544 ], [ -1.0959852, 12.6917162 ], [ -1.1042324, 12.6925993 ], [ -1.1078969, 12.6920643 ], [ -1.1109951, 12.690712 ], [ -1.1126996, 12.6881447 ], [ -1.1130905, 12.6848354 ], [ -1.1130661, 12.6732435 ], [ -1.1161863, 12.6671486 ], [ -1.1209033, 12.6621513 ], [ -1.1212841, 12.6547422 ], [ -1.1199485, 12.6517372 ], [ -1.1210053, 12.646678 ], [ -1.1235725, 12.6418638 ], [ -1.1275011, 12.6374846 ], [ -1.1291337, 12.6331701 ], [ -1.1340642, 12.6306267 ], [ -1.1360116, 12.6303053 ], [ -1.1420799, 12.6356783 ], [ -1.1443673, 12.6355219 ], [ -1.1464559, 12.6404505 ], [ -1.1460916, 12.644022 ], [ -1.1475234, 12.6450281 ], [ -1.1519271, 12.6455565 ], [ -1.1531612, 12.6500626 ], [ -1.1513548, 12.6556244 ], [ -1.1484452, 12.6592684 ], [ -1.1412243, 12.6622944 ], [ -1.1314486, 12.6682167 ], [ -1.1262507, 12.673419 ], [ -1.1231457, 12.6828346 ], [ -1.1271819, 12.6874428 ], [ -1.1356363, 12.6890774 ], [ -1.1443818, 12.6871481 ], [ -1.1503141, 12.6866922 ], [ -1.154215, 12.6880856 ], [ -1.155157, 12.6907072 ], [ -1.1545839, 12.7008572 ], [ -1.1582109, 12.703289 ], [ -1.1633188, 12.7106009 ], [ -1.1582159, 12.7138863 ], [ -1.1521001, 12.7155085 ], [ -1.1499622, 12.7194929 ], [ -1.1513906, 12.7210779 ], [ -1.1511919, 12.7246599 ], [ -1.1529486, 12.7282467 ], [ -1.1510558, 12.7328119 ], [ -1.1515443, 12.7385168 ], [ -1.1508597, 12.7430725 ], [ -1.1517684, 12.7465715 ], [ -1.1558663, 12.754673 ], [ -1.1579421, 12.7616825 ], [ -1.1551825, 12.7689838 ], [ -1.1545633, 12.773386 ], [ -1.1556152, 12.7789955 ], [ -1.1539332, 12.7822952 ], [ -1.1582597, 12.7851038 ], [ -1.1656493, 12.7879162 ], [ -1.1731368, 12.7912712 ], [ -1.1798617, 12.7956343 ], [ -1.1884651, 12.8005629 ], [ -1.1963208, 12.8042011 ], [ -1.2058649, 12.8078499 ], [ -1.2181988, 12.8168478 ], [ -1.224461, 12.8201942 ], [ -1.2314811, 12.8233633 ], [ -1.2392527, 12.8258963 ], [ -1.2479776, 12.8265066 ], [ -1.2550083, 12.8265448 ], [ -1.263743, 12.8255892 ], [ -1.2778344, 12.8222618 ], [ -1.2893777, 12.8206816 ], [ -1.2935944, 12.8207006 ], [ -1.2986579, 12.8225708 ], [ -1.3114785, 12.8280745 ], [ -1.3183022, 12.831974 ], [ -1.3264449, 12.8359814 ], [ -1.3341211, 12.8393335 ], [ -1.3379651, 12.8400011 ], [ -1.3426543, 12.8397503 ], [ -1.3545948, 12.8350382 ], [ -1.3585424, 12.8337688 ], [ -1.3669776, 12.8351974 ], [ -1.369971, 12.8377962 ], [ -1.3734643, 12.8368855 ], [ -1.3735831, 12.8435564 ], [ -1.3710858, 12.847785 ], [ -1.3676615, 12.8511028 ], [ -1.3629144, 12.8533449 ], [ -1.3609815, 12.8572693 ], [ -1.3617212, 12.8618259 ], [ -1.3619391, 12.8688507 ], [ -1.3638296, 12.8723011 ], [ -1.3693624, 12.8779469 ], [ -1.3747904, 12.8793478 ], [ -1.3800271, 12.8819599 ], [ -1.3834338, 12.8801527 ], [ -1.3861438, 12.880785 ], [ -1.3884847, 12.8862572 ], [ -1.3927301, 12.8879309 ], [ -1.3990307, 12.8885393 ], [ -1.404189, 12.887105 ], [ -1.4049239, 12.8844404 ], [ -1.4085845, 12.8834486 ], [ -1.4144267, 12.8785162 ], [ -1.4206436, 12.8742189 ], [ -1.4236475, 12.8734131 ], [ -1.4270229, 12.8738861 ], [ -1.4308356, 12.8804436 ], [ -1.4355968, 12.8857126 ], [ -1.4382232, 12.8864613 ], [ -1.4625411, 12.883647 ], [ -1.4794271, 12.8845615 ], [ -1.4831806, 12.8851357 ], [ -1.4855018, 12.8895569 ], [ -1.4863261, 12.8942585 ], [ -1.4887366, 12.9009886 ], [ -1.4949722, 12.9123287 ], [ -1.4982449, 12.9149275 ], [ -1.5014321, 12.9162312 ], [ -1.5097752, 12.9183874 ], [ -1.5196164, 12.9200916 ], [ -1.52974, 12.9225388 ], [ -1.5385464, 12.9262629 ], [ -1.5428307, 12.9133987 ], [ -1.5446445, 12.9070644 ], [ -1.5443947, 12.8998861 ], [ -1.5482466, 12.8975182 ], [ -1.5513463, 12.8978977 ], [ -1.5743126, 12.9035282 ], [ -1.5775042, 12.904007 ], [ -1.5819974, 12.9063673 ], [ -1.5913366, 12.9164009 ], [ -1.6020846, 12.9292393 ], [ -1.6082098, 12.9336214 ], [ -1.6157086, 12.9310226 ], [ -1.6253128, 12.929965 ], [ -1.6296566, 12.9304714 ], [ -1.6364324, 12.9304924 ], [ -1.6443852, 12.9291973 ], [ -1.6522222, 12.9285965 ], [ -1.6596057, 12.92733 ], [ -1.6681474, 12.9269381 ], [ -1.6759578, 12.9287615 ], [ -1.6794865, 12.9306135 ], [ -1.6932454, 12.9228468 ], [ -1.7047201, 12.9168224 ], [ -1.7128981, 12.9129982 ], [ -1.7223009, 12.9098139 ], [ -1.7270997, 12.9059725 ], [ -1.7412025, 12.8981218 ], [ -1.7475001, 12.8955727 ], [ -1.7547358, 12.8937607 ], [ -1.7649695, 12.8925161 ], [ -1.7732317, 12.8924551 ], [ -1.7898371, 12.895195 ], [ -1.8002453, 12.8964291 ], [ -1.8086921, 12.8964682 ], [ -1.8235317, 12.8930244 ], [ -1.8346227, 12.8896618 ], [ -1.8519121, 12.8827419 ], [ -1.8634717, 12.8773537 ], [ -1.8673297, 12.8750715 ], [ -1.872786, 12.869935 ], [ -1.8774965, 12.864253 ], [ -1.880229, 12.8592052 ], [ -1.8816556, 12.8528566 ], [ -1.8810149, 12.8488979 ], [ -1.8789755, 12.8413496 ], [ -1.8816181, 12.8355589 ], [ -1.8856691, 12.8307877 ], [ -1.8922503, 12.8255749 ], [ -1.8990167, 12.8226528 ], [ -1.9058725, 12.8230982 ], [ -1.9121557, 12.8210421 ], [ -1.9144132, 12.8194857 ], [ -1.9192001, 12.81775 ], [ -1.9239008, 12.8168459 ], [ -1.9330031, 12.8161507 ], [ -1.9398628, 12.8127661 ], [ -1.9424005, 12.8101959 ], [ -1.9446681, 12.8056068 ], [ -1.9462817, 12.7979736 ], [ -1.9469585, 12.7916307 ], [ -1.9485619, 12.7869396 ], [ -1.9512005, 12.7817087 ], [ -1.9554465, 12.7759237 ], [ -1.9729339, 12.7589569 ], [ -1.9761422, 12.7541904 ], [ -1.978598, 12.748126 ], [ -1.9799231, 12.7407627 ], [ -1.9805074, 12.7342377 ], [ -1.9800613, 12.7267771 ], [ -1.9787571, 12.7221737 ], [ -1.9764187, 12.7178469 ], [ -1.9724928, 12.7137852 ], [ -1.9651121, 12.7083607 ], [ -1.9651628, 12.7070026 ], [ -1.9564825, 12.704072 ], [ -1.9546058, 12.7024984 ], [ -1.9515326, 12.6974258 ], [ -1.9467607, 12.6928082 ], [ -1.9389383, 12.6900969 ], [ -1.9356996, 12.6876583 ], [ -1.9347653, 12.6857443 ], [ -1.9302841, 12.682539 ], [ -1.9269036, 12.6811495 ], [ -1.9255151, 12.6772785 ], [ -1.9280567, 12.673152 ], [ -1.9321927, 12.6693945 ], [ -1.9397265, 12.6592054 ], [ -1.9415085, 12.655899 ], [ -1.9414304, 12.651762 ], [ -1.9321558, 12.6479502 ], [ -1.9281299, 12.6466484 ], [ -1.9195124, 12.6422949 ], [ -1.905371, 12.6379271 ], [ -1.8947926, 12.632823 ], [ -1.8887047, 12.6305981 ], [ -1.883932, 12.626812 ], [ -1.8782243, 12.6215467 ], [ -1.8636295, 12.6131201 ], [ -1.8577189, 12.6130037 ], [ -1.8501273, 12.6136227 ], [ -1.8446919, 12.6122227 ], [ -1.8422576, 12.6097231 ], [ -1.838993, 12.604929 ], [ -1.834457, 12.5877104 ], [ -1.8310062, 12.581069 ], [ -1.824749, 12.5729494 ], [ -1.8225996, 12.5708218 ], [ -1.8211113, 12.567049 ], [ -1.8178751, 12.5526791 ], [ -1.8148141, 12.5431967 ], [ -1.7999092, 12.5143452 ], [ -1.7959131, 12.506135 ], [ -1.7935851, 12.5004215 ], [ -1.7907929, 12.4955387 ], [ -1.7877221, 12.4888992 ], [ -1.7900683, 12.4876242 ], [ -1.796735, 12.4821234 ], [ -1.8039683, 12.4778299 ], [ -1.8139244, 12.4700441 ], [ -1.8191775, 12.4676781 ], [ -1.8313783, 12.4607258 ], [ -1.8417002, 12.455801 ], [ -1.8489263, 12.4530621 ], [ -1.8567079, 12.4495926 ], [ -1.8622431, 12.4480505 ], [ -1.8681529, 12.4473419 ], [ -1.8728327, 12.447814 ], [ -1.8791931, 12.4525299 ], [ -1.885546, 12.4594545 ], [ -1.8959181, 12.4687853 ], [ -1.901057, 12.4725723 ], [ -1.9140654, 12.4795141 ], [ -1.9224006, 12.4812956 ], [ -1.9264272, 12.4816742 ], [ -1.9371177, 12.4793177 ], [ -1.9494861, 12.4795485 ], [ -1.9549221, 12.4802036 ], [ -1.9630719, 12.4795923 ], [ -1.9773272, 12.4749403 ], [ -1.988395, 12.4725838 ], [ -1.9927924, 12.4723196 ], [ -1.9975793, 12.4712334 ], [ -2.0031104, 12.470892 ], [ -2.0077636, 12.4653788 ], [ -2.0095184, 12.4612303 ], [ -2.0100503, 12.4560814 ], [ -2.009069, 12.4485369 ], [ -2.0103545, 12.4440241 ], [ -2.0251741, 12.4285898 ], [ -2.0332801, 12.4205446 ], [ -2.0368133, 12.4161129 ], [ -2.0378189, 12.4126129 ], [ -2.0392971, 12.39254 ], [ -2.0391512, 12.3826084 ], [ -2.0393913, 12.3761635 ], [ -2.0452466, 12.3682184 ], [ -2.0542815, 12.3598042 ], [ -2.0646224, 12.3487148 ], [ -2.0755141, 12.3379889 ], [ -2.0845568, 12.3293839 ], [ -2.0860913, 12.3274517 ], [ -2.0822659, 12.3149729 ], [ -2.0762823, 12.3135319 ], [ -2.0734155, 12.3109684 ], [ -2.0700858, 12.3092098 ], [ -2.0635092, 12.3025875 ], [ -2.0585625, 12.2994385 ], [ -2.0498533, 12.297905 ], [ -2.0425441, 12.2996168 ], [ -2.0372503, 12.2987833 ], [ -2.030302, 12.2967939 ], [ -2.0254762, 12.2965412 ], [ -2.0182898, 12.2972126 ], [ -2.0118079, 12.2963734 ], [ -2.0121582, 12.2993898 ], [ -2.0141475, 12.3025198 ], [ -2.0139112, 12.3044834 ], [ -2.0102425, 12.3084259 ], [ -2.0029874, 12.3104086 ], [ -2.0029852, 12.3080463 ], [ -1.9973214, 12.3077354 ], [ -1.9943904, 12.3083315 ], [ -1.990689, 12.3078642 ], [ -1.985742, 12.3110323 ], [ -1.9827456, 12.3148232 ], [ -1.9834394, 12.3168173 ], [ -1.972837, 12.3255939 ], [ -1.9675745, 12.3322001 ], [ -1.9611765, 12.3423052 ], [ -1.9554477, 12.3476238 ], [ -1.9508522, 12.3499966 ], [ -1.9452304, 12.350626 ], [ -1.9239651, 12.3542347 ], [ -1.8900397, 12.3609314 ], [ -1.8619299, 12.3640451 ], [ -1.8159226, 12.371151 ], [ -1.8088853, 12.3732386 ], [ -1.7917386, 12.3760223 ], [ -1.7834934, 12.378293 ], [ -1.7757972, 12.3814802 ], [ -1.7719445, 12.3842325 ], [ -1.7640487, 12.3934927 ], [ -1.7616901, 12.3980799 ], [ -1.7566112, 12.4055157 ], [ -1.7521933, 12.4088984 ], [ -1.7472196, 12.4107218 ], [ -1.7377579, 12.4127054 ], [ -1.7238808, 12.4151373 ], [ -1.7138541, 12.4177599 ], [ -1.6927556, 12.4216309 ], [ -1.6853492, 12.4233418 ], [ -1.6861811, 12.4270306 ], [ -1.6942891, 12.4401312 ], [ -1.6966954, 12.4462976 ], [ -1.6969603, 12.4511786 ], [ -1.6961857, 12.459918 ], [ -1.6927639, 12.4713068 ], [ -1.6942464, 12.4759121 ], [ -1.696678, 12.4784126 ], [ -1.7037778, 12.4841414 ], [ -1.7123793, 12.4900665 ], [ -1.7179798, 12.4952431 ], [ -1.7225446, 12.5034485 ], [ -1.7239324, 12.5087948 ], [ -1.7244666, 12.5155144 ], [ -1.724534, 12.5236063 ], [ -1.7238358, 12.536212 ], [ -1.7256584, 12.5500155 ], [ -1.7260009, 12.5584803 ], [ -1.7279494, 12.5642824 ], [ -1.731096, 12.576807 ], [ -1.7268703, 12.5797377 ], [ -1.7178582, 12.5829163 ], [ -1.7111853, 12.586668 ], [ -1.6973805, 12.5935974 ], [ -1.6889265, 12.5997286 ], [ -1.6820683, 12.6034689 ], [ -1.6761471, 12.6059284 ], [ -1.6649889, 12.6082706 ], [ -1.65484, 12.6075764 ], [ -1.6463357, 12.6081848 ], [ -1.6409909, 12.6075144 ], [ -1.6363056, 12.6077709 ], [ -1.6324564, 12.608675 ], [ -1.626727, 12.6114149 ], [ -1.6244658, 12.613883 ], [ -1.6200099, 12.6262865 ], [ -1.6160355, 12.6362047 ], [ -1.6152662, 12.6409788 ], [ -1.6126051, 12.6499891 ], [ -1.6127505, 12.6602907 ], [ -1.6111354, 12.6664457 ], [ -1.6092499, 12.6712236 ], [ -1.6071231, 12.6743717 ], [ -1.6083543, 12.6792746 ], [ -1.6058275, 12.6850901 ], [ -1.6017705, 12.6848154 ], [ -1.5966774, 12.6832676 ], [ -1.5943689, 12.6818886 ], [ -1.5861834, 12.6809397 ], [ -1.5846599, 12.6735907 ], [ -1.5781219, 12.6676722 ], [ -1.5744838, 12.6628733 ], [ -1.5717895, 12.6574287 ], [ -1.5690136, 12.6479368 ], [ -1.5682962, 12.6399317 ], [ -1.5659938, 12.6317377 ], [ -1.5630285, 12.6233492 ], [ -1.5634106, 12.6205902 ], [ -1.5749271, 12.60151 ], [ -1.5804254, 12.5873652 ], [ -1.5826266, 12.5762444 ], [ -1.5830326, 12.5684261 ], [ -1.5818442, 12.5605097 ], [ -1.5797137, 12.5548954 ], [ -1.5749629, 12.5478735 ], [ -1.5699105, 12.5461082 ], [ -1.5625029, 12.5453358 ], [ -1.5528419, 12.5473108 ], [ -1.5337023, 12.5534782 ], [ -1.5259085, 12.5561953 ], [ -1.5150245, 12.5592756 ], [ -1.4988748, 12.566371 ], [ -1.4893839, 12.5709152 ], [ -1.4770137, 12.5688887 ], [ -1.4750279, 12.5660448 ], [ -1.4721719, 12.5639286 ], [ -1.4705141, 12.5583172 ], [ -1.4684713, 12.5540695 ], [ -1.4650124, 12.5509272 ], [ -1.4543678, 12.5435066 ], [ -1.4510115, 12.540184 ], [ -1.4492424, 12.536581 ], [ -1.4494485, 12.5324459 ], [ -1.4549326, 12.5218973 ], [ -1.4621361, 12.5031681 ], [ -1.4625484, 12.4965448 ], [ -1.4595941, 12.4851246 ], [ -1.4566565, 12.4723186 ], [ -1.4549888, 12.4687252 ], [ -1.4515316, 12.4654827 ], [ -1.444886, 12.4658241 ], [ -1.4312949, 12.4674101 ], [ -1.4251111, 12.467555 ], [ -1.409541, 12.4704227 ], [ -1.396126, 12.4734735 ], [ -1.3908749, 12.4749174 ], [ -1.3868364, 12.4770107 ], [ -1.3726976, 12.4942293 ], [ -1.3668665, 12.5004568 ], [ -1.3614088, 12.5041065 ], [ -1.3564272, 12.5066557 ], [ -1.3477966, 12.5090914 ], [ -1.3314856, 12.5104742 ], [ -1.3182839, 12.5096579 ], [ -1.3080872, 12.5055571 ], [ -1.2990282, 12.5008116 ], [ -1.2929467, 12.4991169 ], [ -1.2737348, 12.5002966 ], [ -1.268865, 12.4994411 ], [ -1.2598953, 12.4953375 ], [ -1.2549473, 12.4921837 ], [ -1.2510277, 12.4881125 ], [ -1.2486875, 12.4711742 ], [ -1.2495093, 12.4570169 ], [ -1.2491068, 12.4442263 ], [ -1.2484983, 12.4365931 ], [ -1.2492963, 12.4263811 ], [ -1.250752, 12.4171057 ], [ -1.252094, 12.4114037 ], [ -1.2572811, 12.4050932 ], [ -1.2607571, 12.402998 ], [ -1.2667587, 12.4006386 ], [ -1.2719252, 12.3945999 ], [ -1.2727262, 12.3883877 ], [ -1.2718129, 12.3870239 ], [ -1.2733859, 12.381115 ], [ -1.2740446, 12.3739977 ], [ -1.2791733, 12.3664007 ], [ -1.280785, 12.3616781 ], [ -1.2812941, 12.3549118 ], [ -1.2778814, 12.3525734 ], [ -1.2748299, 12.3515129 ], [ -1.2705572, 12.3482189 ], [ -1.2701774, 12.3470306 ], [ -1.266343, 12.3443995 ], [ -1.2616431, 12.3448944 ], [ -1.2588406, 12.3469124 ], [ -1.2549207, 12.3478832 ], [ -1.2527395, 12.3429365 ], [ -1.2529585, 12.338603 ], [ -1.2474903, 12.3335543 ], [ -1.2420167, 12.3325596 ], [ -1.2369647, 12.3303633 ], [ -1.2341603, 12.331151 ], [ -1.2288821, 12.3359938 ], [ -1.2256578, 12.3361626 ], [ -1.2209151, 12.3346109 ], [ -1.215933, 12.3300266 ], [ -1.2121295, 12.3285351 ], [ -1.2093533, 12.3261909 ], [ -1.2068242, 12.3256311 ], [ -1.2024198, 12.3200092 ], [ -1.199445, 12.3185692 ], [ -1.2008145, 12.3159714 ], [ -1.19848, 12.3106985 ], [ -1.1964917, 12.3090649 ], [ -1.1990323, 12.3031816 ], [ -1.1952101, 12.2972736 ], [ -1.1899384, 12.2935467 ], [ -1.1838276, 12.2945375 ], [ -1.181197, 12.3000584 ], [ -1.1750462, 12.3045235 ], [ -1.1725926, 12.305213 ], [ -1.1710584, 12.3016644 ], [ -1.1703743, 12.2946911 ], [ -1.1680372, 12.2914543 ], [ -1.1614568, 12.290966 ], [ -1.1609161, 12.28613 ], [ -1.1628588, 12.2831573 ], [ -1.1668767, 12.2796278 ], [ -1.1622276, 12.2750893 ], [ -1.1575484, 12.2754288 ], [ -1.1555263, 12.2778406 ], [ -1.150583, 12.2791643 ], [ -1.1466523, 12.2761154 ], [ -1.1473752, 12.2636042 ], [ -1.1450506, 12.2613897 ], [ -1.1410352, 12.2601681 ], [ -1.1362492, 12.2614203 ], [ -1.1314613, 12.2644281 ], [ -1.1229364, 12.2687397 ], [ -1.1225272, 12.2664843 ], [ -1.1191876, 12.2675734 ], [ -1.1151664, 12.2701254 ], [ -1.1122354, 12.2691994 ], [ -1.1088419, 12.2700815 ], [ -1.1040596, 12.2692881 ], [ -1.09793, 12.2661505 ], [ -1.0984664, 12.2643261 ], [ -1.0993744, 12.254858 ], [ -1.0948588, 12.2513151 ], [ -1.0889299, 12.2414103 ], [ -1.09045, 12.2383528 ], [ -1.0947452, 12.2332335 ], [ -1.0949972, 12.2298326 ], [ -1.0930825, 12.2255487 ], [ -1.0917068, 12.2247877 ], [ -1.0846062, 12.2253447 ], [ -1.0791292, 12.2239389 ], [ -1.0740606, 12.2234516 ], [ -1.0726874, 12.2223015 ], [ -1.0706445, 12.2179794 ], [ -1.0723989, 12.2128878 ], [ -1.0724381, 12.2068796 ], [ -1.0652314, 12.2012091 ], [ -1.0652722, 12.1949749 ], [ -1.0737458, 12.1855059 ], [ -1.0744501, 12.1833572 ], [ -1.0720612, 12.1782389 ], [ -1.0650704, 12.1722965 ], [ -1.0628986, 12.1694489 ], [ -1.0578376, 12.1679735 ], [ -1.0513281, 12.1642542 ], [ -1.0438877, 12.1593781 ], [ -1.0378464, 12.1545019 ], [ -1.0376285, 12.1526642 ], [ -1.032236, 12.14573 ], [ -1.0329151, 12.1376629 ], [ -1.0307248, 12.1349421 ], [ -1.0303367, 12.1310024 ], [ -1.0284863, 12.1297674 ], [ -1.0257338, 12.1299562 ], [ -1.0255584, 12.124507 ], [ -1.0224359, 12.1194716 ], [ -1.0234109, 12.1139593 ], [ -1.0222974, 12.1126204 ], [ -1.0265852, 12.1042356 ], [ -1.0261905, 12.1013193 ], [ -1.0283201, 12.0923128 ], [ -1.0265064, 12.0869246 ], [ -1.020684, 12.082612 ], [ -1.0187039, 12.0801544 ], [ -1.015753, 12.0784407 ], [ -1.0150243, 12.0732145 ], [ -1.0122927, 12.0703449 ], [ -1.0123768, 12.0673857 ], [ -1.0064783, 12.0635433 ], [ -1.0009768, 12.0611334 ], [ -1.000977, 12.0599689 ], [ -0.9963416, 12.0572872 ], [ -0.9941558, 12.0522299 ], [ -0.9904772, 12.048008 ], [ -0.9916729, 12.0446882 ], [ -0.9886187, 12.0428581 ], [ -0.9882206, 12.0392208 ], [ -0.9830964, 12.035697 ], [ -0.9814915, 12.0336294 ], [ -0.981539, 12.0264902 ], [ -0.9772636, 12.0239754 ], [ -0.9781764, 12.0209255 ], [ -0.9740186, 12.0167513 ], [ -0.9727553, 12.0142765 ], [ -0.9672199, 12.0122271 ], [ -0.9658455, 12.0095148 ], [ -0.9635036, 12.009202 ], [ -0.9581718, 12.0059042 ], [ -0.9497031, 12.0026731 ], [ -0.9469057, 11.9995556 ], [ -0.9453233, 11.9995584 ], [ -0.9429891, 11.9966345 ], [ -0.9409202, 11.9912443 ], [ -0.9371833, 11.9890356 ], [ -0.9347013, 11.9889088 ], [ -0.9315401, 11.9859171 ], [ -0.927929, 11.9855099 ], [ -0.9257895, 11.9837208 ], [ -0.9157662, 11.9850302 ], [ -0.9153686, 11.98139 ], [ -0.9113328, 11.9759483 ], [ -0.9117847, 11.9717894 ], [ -0.9099074, 11.9706812 ], [ -0.9104919, 11.9659615 ], [ -0.9087829, 11.9631443 ], [ -0.9053149, 11.9646835 ], [ -0.9007788, 11.9598351 ], [ -0.897747, 11.959487 ], [ -0.8982298, 11.9561968 ], [ -0.8917779, 11.9492445 ], [ -0.8929085, 11.9466743 ], [ -0.8911358, 11.9424896 ], [ -0.8886877, 11.9415207 ], [ -0.8873205, 11.9385242 ], [ -0.891915, 11.9362516 ], [ -0.8936223, 11.9340115 ], [ -0.8900274, 11.931406 ], [ -0.8881881, 11.9314919 ], [ -0.8863578, 11.9289799 ], [ -0.8876807, 11.9264927 ], [ -0.8879371, 11.9227123 ], [ -0.8897251, 11.9207535 ], [ -0.8888125, 11.9184752 ], [ -0.8902613, 11.9163961 ], [ -0.8891509, 11.9147949 ], [ -0.8896323, 11.9116955 ], [ -0.8898452, 11.9035988 ], [ -0.8939581, 11.8977938 ], [ -0.8936545, 11.8965063 ], [ -0.8914751, 11.8926716 ], [ -0.8858096, 11.8891449 ], [ -0.878791, 11.8819714 ], [ -0.8728163, 11.8793564 ], [ -0.8708565, 11.8809252 ], [ -0.8657253, 11.8786144 ], [ -0.8632818, 11.8758001 ], [ -0.8552066, 11.8777742 ], [ -0.8521167, 11.8792706 ], [ -0.8514879, 11.8810844 ], [ -0.8461586, 11.8846722 ], [ -0.8406275, 11.8843308 ], [ -0.8348488, 11.8800793 ], [ -0.8280268, 11.8777552 ], [ -0.8262911, 11.8737249 ], [ -0.8213876, 11.8743296 ], [ -0.8119451, 11.8747349 ], [ -0.8085858, 11.8740759 ], [ -0.7988736, 11.8736467 ], [ -0.7779453, 11.8736181 ], [ -0.7571928, 11.8746834 ], [ -0.7378544, 11.8747454 ], [ -0.7340156, 11.875556 ], [ -0.73185, 11.8750954 ], [ -0.7293738, 11.876812 ], [ -0.7216328, 11.8795271 ], [ -0.7205924, 11.884594 ], [ -0.716792, 11.8900099 ], [ -0.7130955, 11.8902063 ], [ -0.7090298, 11.8894224 ], [ -0.7049775, 11.8868828 ], [ -0.7000633, 11.8864717 ], [ -0.6953368, 11.8915358 ], [ -0.6929455, 11.8917418 ], [ -0.6903988, 11.8942184 ], [ -0.6908444, 11.8972254 ], [ -0.6882165, 11.8994837 ], [ -0.679731, 11.9032679 ], [ -0.6779504, 11.9052982 ], [ -0.6755145, 11.9135742 ], [ -0.6729037, 11.9136248 ], [ -0.667814, 11.9156265 ], [ -0.6657521, 11.9136467 ], [ -0.6637215, 11.9182434 ], [ -0.6590902, 11.9204035 ], [ -0.6595278, 11.9232025 ], [ -0.6571195, 11.9278774 ], [ -0.6574657, 11.9329472 ], [ -0.6549736, 11.9365635 ], [ -0.6545053, 11.9423313 ], [ -0.6510067, 11.9488335 ], [ -0.6478088, 11.9533119 ], [ -0.6407541, 11.9607162 ], [ -0.6370761, 11.9665747 ], [ -0.6333883, 11.9736271 ], [ -0.6299167, 11.9766378 ], [ -0.6224824, 11.98421 ], [ -0.6179707, 11.9896088 ], [ -0.6128087, 11.9935265 ], [ -0.6077405, 11.9960613 ], [ -0.6032391, 12.0007048 ], [ -0.5997142, 12.0027504 ], [ -0.593034, 12.0075817 ], [ -0.585851, 12.0107031 ], [ -0.5803055, 12.0139303 ], [ -0.5699396, 12.0169802 ], [ -0.5626736, 12.018487 ], [ -0.553553, 12.0175829 ], [ -0.5423411, 12.0146332 ], [ -0.531416, 12.0109015 ], [ -0.5252147, 12.0075779 ], [ -0.5158269, 12.0049191 ], [ -0.5025155, 12.0004101 ], [ -0.4911389, 12.0009956 ], [ -0.4866971, 12.0066557 ] ] ] ] } },
{ "type": "Feature", "properties": { "region": "Sahel", "id_adm": 12.0 }, "geometry": { "type": "MultiPolygon", "coordinates": [ [ [ [ -0.2455556, 15.0783333 ], [ -0.2984718, 15.0507326 ], [ -0.384493, 15.00479 ], [ -0.4035789, 15.0047901 ], [ -0.4233551, 15.044373 ], [ -0.4430556, 15.0833333 ], [ -0.5501396, 15.0833333 ], [ -0.6380537, 15.0833333 ], [ -0.7023149, 15.0833333 ], [ -0.7247222, 15.0833333 ], [ -0.7484956, 15.0628845 ], [ -0.8141803, 15.0063164 ], [ -0.8977546, 14.9343015 ], [ -0.9458903, 14.8928236 ], [ -0.9861595, 14.8581241 ], [ -1.0461355, 14.8064436 ], [ -1.0716659, 14.7844443 ], [ -1.0927778, 14.7844444 ], [ -1.1924756, 14.7599835 ], [ -1.2537908, 14.7449398 ], [ -1.3180556, 14.7291667 ], [ -1.3634422, 14.7003606 ], [ -1.4480916, 14.6466351 ], [ -1.4945695, 14.6171363 ], [ -1.5453003, 14.5849384 ], [ -1.5932507, 14.5545051 ], [ -1.6777778, 14.5008333 ], [ -1.7772222, 14.4816667 ], [ -1.9066667, 14.4888889 ], [ -1.9802778, 14.475 ], [ -1.9836111, 14.4111111 ], [ -1.988877, 14.332172 ], [ -1.9895995, 14.3191027 ], [ -1.9931761, 14.2544053 ], [ -1.9972126, 14.1932745 ], [ -2.1014207, 14.1473596 ], [ -2.0981076, 14.1448317 ], [ -2.0937071, 14.1424971 ], [ -2.0926826, 14.1378498 ], [ -2.0555513, 14.1055269 ], [ -2.0274558, 14.0816441 ], [ -2.0042484, 14.0604782 ], [ -1.9764434, 14.0377579 ], [ -1.9150043, 14.0087938 ], [ -1.8747424, 14.0045624 ], [ -1.8721473, 14.0019159 ], [ -1.8715756, 13.9989262 ], [ -1.8713051, 13.985919 ], [ -1.8800964, 13.9791899 ], [ -1.880985, 13.9750757 ], [ -1.8867724, 13.9703331 ], [ -1.8902489, 13.9660044 ], [ -1.8935738, 13.960145 ], [ -1.8953725, 13.9555922 ], [ -1.8965019, 13.9491796 ], [ -1.8959075, 13.9448328 ], [ -1.8942175, 13.9408693 ], [ -1.8961942, 13.9358187 ], [ -1.897948, 13.9331656 ], [ -1.8991779, 13.9293337 ], [ -1.8995645, 13.9254436 ], [ -1.8975942, 13.9150982 ], [ -1.8947725, 13.9044323 ], [ -1.8892237, 13.8874178 ], [ -1.88621, 13.8831224 ], [ -1.8815275, 13.8788919 ], [ -1.8770636, 13.8756666 ], [ -1.8713683, 13.8699112 ], [ -1.864054, 13.8634863 ], [ -1.8512048, 13.850935 ], [ -1.8437734, 13.8439579 ], [ -1.8251405, 13.8256483 ], [ -1.8080546, 13.8081055 ], [ -1.7964423, 13.7958651 ], [ -1.7790568, 13.779994 ], [ -1.769075, 13.7704487 ], [ -1.7614059, 13.7640018 ], [ -1.7564141, 13.7716246 ], [ -1.7550561, 13.7768221 ], [ -1.751989, 13.7849884 ], [ -1.7486204, 13.7861567 ], [ -1.7453022, 13.7884111 ], [ -1.7407006, 13.7936821 ], [ -1.7317846, 13.8080721 ], [ -1.7228938, 13.820796 ], [ -1.7092751, 13.8433142 ], [ -1.6976132, 13.8612261 ], [ -1.6899742, 13.8749151 ], [ -1.6852208, 13.884057 ], [ -1.6798534, 13.8898115 ], [ -1.6756874, 13.8887835 ], [ -1.6719437, 13.8867273 ], [ -1.667094, 13.8852701 ], [ -1.6554044, 13.8837214 ], [ -1.6331315, 13.8801212 ], [ -1.6264517, 13.8795671 ], [ -1.5995926, 13.884635 ], [ -1.582207, 13.8876562 ], [ -1.5672081, 13.8897495 ], [ -1.5516654, 13.8932447 ], [ -1.5498126, 13.8927679 ], [ -1.5431058, 13.8786545 ], [ -1.5381476, 13.8702803 ], [ -1.5308771, 13.8561001 ], [ -1.5235767, 13.8391504 ], [ -1.5061361, 13.8065815 ], [ -1.5007242, 13.7985935 ], [ -1.4939297, 13.7910309 ], [ -1.483327, 13.7820597 ], [ -1.4767581, 13.7773399 ], [ -1.4673296, 13.7737608 ], [ -1.4602585, 13.772666 ], [ -1.4400703, 13.7715521 ], [ -1.4218439, 13.7723761 ], [ -1.4002439, 13.7689133 ], [ -1.38906, 13.76789 ], [ -1.3765037, 13.7656345 ], [ -1.3609802, 13.7639475 ], [ -1.351207, 13.7611122 ], [ -1.3207463, 13.751729 ], [ -1.3153545, 13.7504702 ], [ -1.3112329, 13.7504511 ], [ -1.3053896, 13.7517042 ], [ -1.2877455, 13.7572918 ], [ -1.2533544, 13.7655725 ], [ -1.2465421, 13.7662115 ], [ -1.2428769, 13.7658052 ], [ -1.2333082, 13.7631483 ], [ -1.2300211, 13.7629976 ], [ -1.2234377, 13.7667599 ], [ -1.2192667, 13.7698784 ], [ -1.2150304, 13.7717028 ], [ -1.2100894, 13.7722721 ], [ -1.2039888, 13.7717752 ], [ -1.1913108, 13.7687683 ], [ -1.1799511, 13.7680235 ], [ -1.1684453, 13.7682905 ], [ -1.1568013, 13.7697678 ], [ -1.1435512, 13.7730522 ], [ -1.1405977, 13.7741785 ], [ -1.1364256, 13.7772951 ], [ -1.1325625, 13.781229 ], [ -1.1242149, 13.7853365 ], [ -1.1214691, 13.7846098 ], [ -1.1179711, 13.7816153 ], [ -1.114193, 13.7764101 ], [ -1.1091932, 13.7710781 ], [ -1.1033381, 13.7700195 ], [ -1.0967289, 13.7707376 ], [ -1.0904746, 13.7735662 ], [ -1.0850496, 13.7782011 ], [ -1.0816655, 13.7823915 ], [ -1.0781611, 13.7902718 ], [ -1.0688319, 13.8089733 ], [ -1.0654305, 13.812891 ], [ -1.04758, 13.8250179 ], [ -1.0362999, 13.8306189 ], [ -1.0331213, 13.8307371 ], [ -1.0263444, 13.8277693 ], [ -1.0234126, 13.8271484 ], [ -1.0104283, 13.8302364 ], [ -1.0052853, 13.83043 ], [ -1.0011532, 13.8292828 ], [ -0.9964484, 13.8303118 ], [ -0.991299, 13.8360243 ], [ -0.9901916, 13.841362 ], [ -0.990402, 13.8464127 ], [ -0.9894955, 13.8521137 ], [ -0.9865936, 13.8558903 ], [ -0.9850224, 13.8636131 ], [ -0.983434, 13.8664675 ], [ -0.9787387, 13.8685093 ], [ -0.9714794, 13.8690825 ], [ -0.9641408, 13.870306 ], [ -0.9587738, 13.8705959 ], [ -0.9455637, 13.8668747 ], [ -0.9388577, 13.8632164 ], [ -0.931024, 13.8603907 ], [ -0.9212111, 13.8583164 ], [ -0.9134855, 13.8570471 ], [ -0.9101834, 13.8575163 ], [ -0.9043569, 13.8596554 ], [ -0.8987055, 13.860774 ], [ -0.8919295, 13.8634386 ], [ -0.8893846, 13.8653164 ], [ -0.885385, 13.8660955 ], [ -0.8795652, 13.8707047 ], [ -0.8753811, 13.8713741 ], [ -0.87099, 13.8691187 ], [ -0.8661732, 13.8679094 ], [ -0.8614361, 13.8704376 ], [ -0.8569195, 13.8698912 ], [ -0.8579011, 13.8743238 ], [ -0.8559157, 13.8757448 ], [ -0.850647, 13.8775616 ], [ -0.8486676, 13.879344 ], [ -0.8463021, 13.884037 ], [ -0.8485392, 13.8879013 ], [ -0.8480455, 13.8892994 ], [ -0.843968, 13.8926382 ], [ -0.8382234, 13.8947945 ], [ -0.833095, 13.9017963 ], [ -0.8307585, 13.9041271 ], [ -0.8280024, 13.9046001 ], [ -0.8255971, 13.9073744 ], [ -0.8223617, 13.9086294 ], [ -0.8171832, 13.9074163 ], [ -0.8075919, 13.9085875 ], [ -0.8019654, 13.910943 ], [ -0.7974147, 13.9184732 ], [ -0.7901869, 13.9269114 ], [ -0.7781367, 13.9273262 ], [ -0.7732705, 13.9253635 ], [ -0.7702448, 13.9227753 ], [ -0.7678847, 13.9182844 ], [ -0.7650625, 13.9178333 ], [ -0.7619544, 13.9193153 ], [ -0.761505, 13.9239979 ], [ -0.7588927, 13.9311743 ], [ -0.7559952, 13.9370642 ], [ -0.7521417, 13.9410267 ], [ -0.7484739, 13.9428654 ], [ -0.7400854, 13.9430761 ], [ -0.7356582, 13.9438219 ], [ -0.7288747, 13.9438305 ], [ -0.718502, 13.9411011 ], [ -0.7133226, 13.942029 ], [ -0.704572, 13.9463701 ], [ -0.700438, 13.95051 ], [ -0.7000874, 13.9553823 ], [ -0.7018076, 13.96383 ], [ -0.7021266, 13.9744892 ], [ -0.7013097, 13.9816637 ], [ -0.6987727, 13.984417 ], [ -0.6940665, 13.9871855 ], [ -0.6899487, 13.9944553 ], [ -0.6869469, 13.9973116 ], [ -0.6807271, 13.999342 ], [ -0.6741366, 14.0003643 ], [ -0.667061, 13.9997435 ], [ -0.6567883, 14.0000334 ], [ -0.6435936, 13.9996061 ], [ -0.6196557, 13.9992809 ], [ -0.6220888, 13.9939404 ], [ -0.6206659, 13.9905701 ], [ -0.6213474, 13.9823093 ], [ -0.6277218, 13.9766731 ], [ -0.6303333, 13.9778566 ], [ -0.6351286, 13.9745302 ], [ -0.6320018, 13.9710073 ], [ -0.6282587, 13.9699211 ], [ -0.6231175, 13.9658003 ], [ -0.6214458, 13.9593802 ], [ -0.6218212, 13.9569407 ], [ -0.6261513, 13.9527864 ], [ -0.6279728, 13.9493122 ], [ -0.6281254, 13.94594 ], [ -0.6260306, 13.9420929 ], [ -0.6144142, 13.9349413 ], [ -0.6127334, 13.9304743 ], [ -0.6109374, 13.9283676 ], [ -0.6079247, 13.9275417 ], [ -0.5981219, 13.926549 ], [ -0.5924628, 13.9253712 ], [ -0.5903004, 13.9257383 ], [ -0.5849353, 13.9296112 ], [ -0.5816445, 13.9307184 ], [ -0.5772164, 13.9306288 ], [ -0.5720239, 13.9281616 ], [ -0.5625839, 13.9213734 ], [ -0.5583208, 13.9148626 ], [ -0.5543561, 13.911006 ], [ -0.5532136, 13.9075212 ], [ -0.5534756, 13.900631 ], [ -0.5526204, 13.8971395 ], [ -0.5498822, 13.8948421 ], [ -0.5407369, 13.8921986 ], [ -0.5267789, 13.8872538 ], [ -0.5189468, 13.8830404 ], [ -0.5078208, 13.8784676 ], [ -0.5029092, 13.8759031 ], [ -0.4985691, 13.8717699 ], [ -0.4929896, 13.8637886 ], [ -0.4896788, 13.8577309 ], [ -0.4875862, 13.852129 ], [ -0.4862494, 13.8450508 ], [ -0.485093, 13.8347635 ], [ -0.4846924, 13.8276052 ], [ -0.4838337, 13.8227301 ], [ -0.481372, 13.8188791 ], [ -0.4784753, 13.8159275 ], [ -0.4755077, 13.8145037 ], [ -0.4690677, 13.8149071 ], [ -0.466112, 13.8132401 ], [ -0.4627462, 13.8127527 ], [ -0.464961, 13.8089228 ], [ -0.4675475, 13.806797 ], [ -0.4701434, 13.8028078 ], [ -0.4702904, 13.8001595 ], [ -0.4768353, 13.7892551 ], [ -0.4779972, 13.7832613 ], [ -0.4770249, 13.7777252 ], [ -0.4741773, 13.7690039 ], [ -0.4697281, 13.7602835 ], [ -0.4699908, 13.7562428 ], [ -0.4713894, 13.7506313 ], [ -0.47007, 13.7483387 ], [ -0.4662039, 13.7461367 ], [ -0.4388406, 13.7249594 ], [ -0.4333686, 13.7187157 ], [ -0.4306318, 13.7147713 ], [ -0.4170569, 13.7062445 ], [ -0.4127067, 13.699913 ], [ -0.4065675, 13.6893473 ], [ -0.4037086, 13.6784277 ], [ -0.3981223, 13.6645584 ], [ -0.3957573, 13.6578588 ], [ -0.3936285, 13.6542997 ], [ -0.3912938, 13.6527739 ], [ -0.3867482, 13.6457882 ], [ -0.3815636, 13.6406775 ], [ -0.377704, 13.6389999 ], [ -0.3668443, 13.6351309 ], [ -0.3666568, 13.641614 ], [ -0.3619594, 13.6422148 ], [ -0.3547234, 13.6395779 ], [ -0.3489889, 13.6411448 ], [ -0.3458568, 13.644249 ], [ -0.3363588, 13.6490936 ], [ -0.3335382, 13.6498327 ], [ -0.3262323, 13.6477098 ], [ -0.3225005, 13.6427221 ], [ -0.3190533, 13.6414728 ], [ -0.3054437, 13.6422653 ], [ -0.3008061, 13.6372499 ], [ -0.2922948, 13.6354475 ], [ -0.2902186, 13.6340675 ], [ -0.2863503, 13.6281023 ], [ -0.281172, 13.6252594 ], [ -0.277442, 13.6262674 ], [ -0.2723325, 13.6333923 ], [ -0.2690744, 13.6369648 ], [ -0.2631432, 13.6404533 ], [ -0.2469704, 13.6455822 ], [ -0.2338907, 13.6487093 ], [ -0.228821, 13.6511936 ], [ -0.2248694, 13.6521177 ], [ -0.2230929, 13.6512833 ], [ -0.2213854, 13.6483707 ], [ -0.2212861, 13.6430969 ], [ -0.2272492, 13.6350517 ], [ -0.2275343, 13.6309767 ], [ -0.2341465, 13.6244402 ], [ -0.2309494, 13.6181555 ], [ -0.2281262, 13.6157722 ], [ -0.2280958, 13.611784 ], [ -0.227047, 13.6095562 ], [ -0.2281042, 13.6067743 ], [ -0.2266804, 13.6050129 ], [ -0.2286121, 13.6009283 ], [ -0.232581, 13.5974827 ], [ -0.2334312, 13.5958643 ], [ -0.234441, 13.5889206 ], [ -0.2415638, 13.577795 ], [ -0.2444697, 13.5708189 ], [ -0.2476602, 13.5665855 ], [ -0.2508501, 13.5641069 ], [ -0.2558308, 13.5628147 ], [ -0.2583731, 13.5603371 ], [ -0.2597478, 13.5572147 ], [ -0.2585435, 13.5530949 ], [ -0.2591842, 13.550272 ], [ -0.258166, 13.545187 ], [ -0.258828, 13.5412426 ], [ -0.2579169, 13.5391073 ], [ -0.2547711, 13.5357981 ], [ -0.249246, 13.5267305 ], [ -0.2467166, 13.5194407 ], [ -0.2385571, 13.5120516 ], [ -0.2350053, 13.5095797 ], [ -0.2298646, 13.509532 ], [ -0.2236662, 13.5106659 ], [ -0.2224459, 13.5114927 ], [ -0.2184141, 13.5174618 ], [ -0.2154976, 13.5194912 ], [ -0.2108983, 13.5215111 ], [ -0.207418, 13.5243568 ], [ -0.2042395, 13.5308867 ], [ -0.2035849, 13.5349216 ], [ -0.1961789, 13.5474176 ], [ -0.1939307, 13.5533876 ], [ -0.1929204, 13.5653315 ], [ -0.1907588, 13.5692854 ], [ -0.187664, 13.5731392 ], [ -0.1840932, 13.5757122 ], [ -0.1803341, 13.5769081 ], [ -0.177322, 13.5766296 ], [ -0.1679218, 13.5744343 ], [ -0.1578477, 13.5729628 ], [ -0.1481643, 13.5721464 ], [ -0.1413892, 13.5726023 ], [ -0.1326432, 13.5715065 ], [ -0.1302852, 13.5681963 ], [ -0.1226648, 13.5665445 ], [ -0.1180587, 13.5633259 ], [ -0.1143903, 13.5630569 ], [ -0.1071449, 13.5634251 ], [ -0.1030102, 13.5626898 ], [ -0.0994291, 13.5588322 ], [ -0.0939656, 13.5513897 ], [ -0.0879436, 13.5467072 ], [ -0.082576, 13.5438595 ], [ -0.0724154, 13.5412903 ], [ -0.0671568, 13.5418425 ], [ -0.0601991, 13.544591 ], [ -0.0497629, 13.5458784 ], [ -0.0424245, 13.5447779 ], [ -0.0337712, 13.5414658 ], [ -0.0276646, 13.5410042 ], [ -0.0255886, 13.5421991 ], [ -0.0196721, 13.5491819 ], [ -0.0143182, 13.5546875 ], [ -0.0098169, 13.5615768 ], [ -0.0084062, 13.5667143 ], [ -0.0037696, 13.5685377 ], [ -0.003769, 13.5712233 ], [ 0.0024595, 13.5728636 ], [ 0.0340804, 13.5780087 ], [ 0.0488737, 13.5792818 ], [ 0.0548119, 13.5794363 ], [ 0.0619052, 13.5774813 ], [ 0.0652501, 13.5736399 ], [ 0.066545, 13.5676641 ], [ 0.066513, 13.5625906 ], [ 0.0680575, 13.5442505 ], [ 0.0670962, 13.5378714 ], [ 0.0636671, 13.5255661 ], [ 0.0590429, 13.517951 ], [ 0.0573993, 13.5136929 ], [ 0.0571495, 13.5105553 ], [ 0.0584459, 13.5052147 ], [ 0.060571, 13.5010872 ], [ 0.0624372, 13.4945574 ], [ 0.0664954, 13.486021 ], [ 0.069614, 13.4855013 ], [ 0.0807217, 13.4869156 ], [ 0.096491, 13.4920673 ], [ 0.1036456, 13.4933472 ], [ 0.1079247, 13.4824114 ], [ 0.1127435, 13.4650307 ], [ 0.1176208, 13.4512472 ], [ 0.1293145, 13.4193621 ], [ 0.134936, 13.4059582 ], [ 0.1407139, 13.3957815 ], [ 0.1494609, 13.3810234 ], [ 0.1575244, 13.3684702 ], [ 0.1736424, 13.3439236 ], [ 0.1759493, 13.339798 ], [ 0.1786202, 13.3369637 ], [ 0.1893467, 13.3299732 ], [ 0.2123288, 13.3139849 ], [ 0.2260827, 13.3050861 ], [ 0.2305526, 13.3019066 ], [ 0.2317377, 13.2970266 ], [ 0.2309704, 13.2897358 ], [ 0.2324159, 13.2871675 ], [ 0.2388337, 13.2859468 ], [ 0.2414866, 13.2845888 ], [ 0.2433976, 13.2817459 ], [ 0.2479341, 13.2726688 ], [ 0.248529, 13.2699938 ], [ 0.2437877, 13.2646914 ], [ 0.2452466, 13.2609186 ], [ 0.2649072, 13.229495 ], [ 0.286385, 13.2282362 ], [ 0.3345098, 13.2099142 ], [ 0.397068, 13.1869326 ], [ 0.4253193, 13.1769695 ], [ 0.4274137, 13.1748705 ], [ 0.4342451, 13.1528997 ], [ 0.4405918, 13.131196 ], [ 0.4489105, 13.1280508 ], [ 0.4618158, 13.1265163 ], [ 0.475488, 13.1232319 ], [ 0.4814463, 13.1202364 ], [ 0.4855305, 13.1187534 ], [ 0.48735, 13.1163168 ], [ 0.4895483, 13.1112471 ], [ 0.4932512, 13.1047344 ], [ 0.4905102, 13.0999622 ], [ 0.4897027, 13.0967941 ], [ 0.4911617, 13.0943527 ], [ 0.4914706, 13.0879164 ], [ 0.494604, 13.0792332 ], [ 0.4957665, 13.0742455 ], [ 0.5022302, 13.0679388 ], [ 0.5077377, 13.057621 ], [ 0.5126938, 13.0539722 ], [ 0.5168762, 13.0526075 ], [ 0.5201858, 13.0499573 ], [ 0.5271207, 13.0470066 ], [ 0.5289674, 13.0471601 ], [ 0.532609, 13.0453825 ], [ 0.5369529, 13.0418644 ], [ 0.5405803, 13.0414362 ], [ 0.5509587, 13.0379372 ], [ 0.5548117, 13.0353651 ], [ 0.560021, 13.033864 ], [ 0.5634404, 13.0338326 ], [ 0.5699105, 13.0292635 ], [ 0.570744, 13.0273609 ], [ 0.5707925, 13.0226698 ], [ 0.5739053, 13.0192766 ], [ 0.5741035, 13.0135088 ], [ 0.573159, 13.0057297 ], [ 0.5754538, 12.9938965 ], [ 0.5773533, 12.9916143 ], [ 0.5788109, 12.9865017 ], [ 0.582136, 12.9812527 ], [ 0.5853544, 12.977397 ], [ 0.5912231, 12.9754591 ], [ 0.5952576, 12.9703703 ], [ 0.5976642, 12.9716959 ], [ 0.6023782, 12.9759417 ], [ 0.6032861, 12.978404 ], [ 0.6070144, 12.9805841 ], [ 0.6078294, 12.9830818 ], [ 0.6073294, 12.9859114 ], [ 0.6117795, 12.9861794 ], [ 0.610941, 12.9913778 ], [ 0.6117041, 12.9935226 ], [ 0.6146569, 12.9947805 ], [ 0.6225965, 12.9963017 ], [ 0.6269704, 12.9959602 ], [ 0.6294752, 12.9949865 ], [ 0.6346729, 12.9980946 ], [ 0.6330355, 13.0009956 ], [ 0.6325134, 13.0050755 ], [ 0.6344154, 13.0060968 ], [ 0.6396828, 13.0060186 ], [ 0.6463297, 13.0038586 ], [ 0.6484167, 13.0009346 ], [ 0.6505181, 12.9944515 ], [ 0.6504722, 12.9907751 ], [ 0.652292, 12.988039 ], [ 0.6540874, 12.980402 ], [ 0.6557355, 12.9800367 ], [ 0.6675776, 12.9811296 ], [ 0.6727831, 12.9834757 ], [ 0.6743924, 12.9869308 ], [ 0.6747377, 12.9912262 ], [ 0.6715759, 12.995101 ], [ 0.6746319, 13.0009155 ], [ 0.6750941, 13.0044956 ], [ 0.6783229, 13.0031834 ], [ 0.6819406, 13.0035496 ], [ 0.687441, 13.0069494 ], [ 0.6914934, 13.0045033 ], [ 0.6917026, 13.0008993 ], [ 0.6903017, 12.9998751 ], [ 0.6891905, 12.9945326 ], [ 0.6897001, 12.9897909 ], [ 0.692601, 12.988821 ], [ 0.6930857, 12.9865341 ], [ 0.6961644, 12.9835014 ], [ 0.7089696, 12.9824629 ], [ 0.7109765, 12.9840927 ], [ 0.7154146, 12.9855795 ], [ 0.7179981, 12.9849949 ], [ 0.7222966, 12.9865446 ], [ 0.7253501, 12.9860363 ], [ 0.7288204, 12.9901228 ], [ 0.7344235, 12.9915476 ], [ 0.7368987, 12.9934797 ], [ 0.7421285, 12.993371 ], [ 0.7512242, 12.9890118 ], [ 0.7538831, 12.9881926 ], [ 0.7564819, 12.9859972 ], [ 0.7609345, 12.9840965 ], [ 0.7636613, 12.9838848 ], [ 0.7684647, 12.9801044 ], [ 0.7727431, 12.9809017 ], [ 0.7777607, 12.9864578 ], [ 0.7800429, 12.9931316 ], [ 0.778752, 12.9967155 ], [ 0.7790762, 13.0008106 ], [ 0.7759042, 13.0066061 ], [ 0.7726608, 13.0105352 ], [ 0.7741419, 13.0121498 ], [ 0.7725612, 13.0208921 ], [ 0.7740246, 13.0243902 ], [ 0.7801679, 13.0253744 ], [ 0.7821574, 13.0241232 ], [ 0.784245, 13.0270205 ], [ 0.7882749, 13.0277882 ], [ 0.7913558, 13.0264101 ], [ 0.7968057, 13.0186958 ], [ 0.796573, 13.0150099 ], [ 0.8002149, 13.0118885 ], [ 0.8006496, 13.009882 ], [ 0.8066064, 13.0052061 ], [ 0.8089928, 13.0058327 ], [ 0.8106584, 13.0035648 ], [ 0.8129589, 13.0055304 ], [ 0.8150978, 13.003005 ], [ 0.8200731, 13.004385 ], [ 0.8218874, 13.0069447 ], [ 0.8257866, 13.0068407 ], [ 0.8299811, 13.0106964 ], [ 0.8355168, 13.0104694 ], [ 0.8370735, 13.0119591 ], [ 0.836848, 13.0143013 ], [ 0.843533, 13.0156326 ], [ 0.8451877, 13.0184889 ], [ 0.8455593, 13.0222397 ], [ 0.8430696, 13.0257683 ], [ 0.8391739, 13.0264072 ], [ 0.8361256, 13.0313435 ], [ 0.837658, 13.0354385 ], [ 0.8398901, 13.036788 ], [ 0.8415585, 13.0412197 ], [ 0.8480297, 13.0437527 ], [ 0.8515047, 13.0445862 ], [ 0.8529915, 13.0426435 ], [ 0.8570139, 13.0432825 ], [ 0.8607181, 13.0413027 ], [ 0.8613659, 13.0382299 ], [ 0.8676771, 13.0350657 ], [ 0.8725926, 13.0349712 ], [ 0.8787147, 13.0382967 ], [ 0.8833493, 13.0396099 ], [ 0.8857619, 13.0445175 ], [ 0.8851543, 13.0483704 ], [ 0.8833249, 13.0544481 ], [ 0.8844667, 13.0569372 ], [ 0.8875334, 13.056962 ], [ 0.8898188, 13.0535669 ], [ 0.8931763, 13.0531225 ], [ 0.8945856, 13.0556145 ], [ 0.9007245, 13.0571928 ], [ 0.9017375, 13.0585403 ], [ 0.901627, 13.0626221 ], [ 0.9055805, 13.0637226 ], [ 0.9056998, 13.0658684 ], [ 0.9080196, 13.0698795 ], [ 0.911971, 13.07125 ], [ 0.9165179, 13.0741644 ], [ 0.9188769, 13.0780029 ], [ 0.9267119, 13.0800104 ], [ 0.9294204, 13.0829735 ], [ 0.9342892, 13.0809374 ], [ 0.9383652, 13.0829067 ], [ 0.9440465, 13.0840282 ], [ 0.9466513, 13.0830431 ], [ 0.9561538, 13.0825186 ], [ 0.9603711, 13.0841532 ], [ 0.9635169, 13.08358 ], [ 0.9736795, 13.0857296 ], [ 0.9781293, 13.0840244 ], [ 0.984204, 13.0845327 ], [ 0.9886352, 13.0859785 ], [ 0.9897395, 13.0843754 ], [ 0.9928455, 13.0844695 ], [ 0.9930739, 13.0871678 ], [ 0.9949013, 13.0890238 ], [ 0.9924029, 13.0924074 ], [ 0.9954295, 13.093264 ], [ 0.9935307, 13.1011876 ], [ 0.9919204, 13.1033553 ], [ 0.9919196, 13.1572491 ], [ 0.9919183, 13.2410684 ], [ 0.9919176, 13.2896774 ], [ 0.9919163, 13.3746943 ], [ 1.0124078, 13.374594 ], [ 1.0175693, 13.3685842 ], [ 1.054439, 13.3685002 ], [ 1.0599882, 13.3679462 ], [ 1.0731435, 13.356318 ], [ 1.1167207, 13.3338184 ], [ 1.1248004, 13.3338253 ], [ 1.1276379, 13.3316609 ], [ 1.1301197, 13.3326131 ], [ 1.1297794, 13.3348589 ], [ 1.1333867, 13.3368006 ], [ 1.1364818, 13.3363563 ], [ 1.1451222, 13.3299763 ], [ 1.1471875, 13.33168 ], [ 1.1485867, 13.3345163 ], [ 1.152747, 13.3318344 ], [ 1.1513015, 13.3284763 ], [ 1.1594563, 13.3255377 ], [ 1.1627429, 13.3255798 ], [ 1.1657664, 13.3243607 ], [ 1.1686073, 13.3244825 ], [ 1.1703825, 13.3225999 ], [ 1.1720295, 13.3241013 ], [ 1.1748654, 13.321572 ], [ 1.1773601, 13.3214558 ], [ 1.1839359, 13.3230568 ], [ 1.1851732, 13.3208867 ], [ 1.192726, 13.3235273 ], [ 1.1953859, 13.3262833 ], [ 1.1981919, 13.3272411 ], [ 1.2000546, 13.330902 ], [ 1.2030478, 13.3327555 ], [ 1.2037676, 13.3359559 ], [ 1.2039424, 13.3414262 ], [ 1.2018009, 13.3438533 ], [ 1.2023339, 13.3457759 ], [ 1.206379, 13.3471274 ], [ 1.2065884, 13.3585108 ], [ 1.2056266, 13.3645189 ], [ 1.2063285, 13.3673337 ], [ 1.2059776, 13.3708945 ], [ 1.2036474, 13.373311 ], [ 1.2051233, 13.3763074 ], [ 1.2082255, 13.3757 ], [ 1.2104022, 13.377629 ], [ 1.2114806, 13.3801639 ], [ 1.2133733, 13.3801754 ], [ 1.2168962, 13.3778984 ], [ 1.2198658, 13.3784316 ], [ 1.2207305, 13.3756016 ], [ 1.2229462, 13.3735656 ], [ 1.2241165, 13.3708367 ], [ 1.2272231, 13.3703799 ], [ 1.22768, 13.3679471 ], [ 1.2272345, 13.3588328 ], [ 1.2307, 13.3544415 ], [ 1.2321128, 13.3504491 ], [ 1.2337722, 13.34982 ], [ 1.2378064, 13.3440559 ], [ 1.2400878, 13.3459298 ], [ 1.2414608, 13.3441155 ], [ 1.2401846, 13.3415541 ], [ 1.2409878, 13.3392272 ], [ 1.2446059, 13.3386737 ], [ 1.2502269, 13.3395332 ], [ 1.2521398, 13.3405308 ], [ 1.2573685, 13.3394889 ], [ 1.2624224, 13.3421382 ], [ 1.2642274, 13.344717 ], [ 1.2691925, 13.3445319 ], [ 1.2737432, 13.3473689 ], [ 1.275652, 13.3497066 ], [ 1.2832074, 13.3511825 ], [ 1.2838465, 13.352808 ], [ 1.2852048, 13.3546255 ], [ 1.2840395, 13.3564867 ], [ 1.2670132, 13.3690508 ], [ 1.2421362, 13.3915647 ], [ 1.2387302, 13.3921208 ], [ 1.212756, 13.3902968 ], [ 1.1793797, 13.4026627 ], [ 1.1597599, 13.4129074 ], [ 1.1378603, 13.4123203 ], [ 1.0897314, 13.4623678 ], [ 1.0853058, 13.4617932 ], [ 1.0677167, 13.4624275 ], [ 1.0387208, 13.4849613 ], [ 1.0353279, 13.486012 ], [ 1.0339682, 13.4826945 ], [ 1.0276307, 13.4809821 ], [ 1.0267638, 13.4832513 ], [ 1.0240728, 13.4847024 ], [ 1.0190674, 13.4859975 ], [ 1.0170842, 13.4845437 ], [ 1.0150323, 13.4863763 ], [ 1.015847, 13.4884165 ], [ 1.0130956, 13.4907883 ], [ 1.0128973, 13.4939492 ], [ 1.0141357, 13.49657 ], [ 1.0164238, 13.4961477 ], [ 1.017776, 13.4981624 ], [ 1.0177478, 13.5013091 ], [ 1.0158651, 13.5014158 ], [ 1.0130236, 13.5070306 ], [ 1.0134069, 13.5119316 ], [ 1.0089402, 13.5155624 ], [ 1.0084996, 13.5189313 ], [ 1.0095088, 13.5214487 ], [ 1.0148189, 13.5233028 ], [ 1.0152743, 13.5254779 ], [ 1.0183832, 13.5282831 ], [ 1.0161269, 13.5323386 ], [ 1.0168855, 13.5344072 ], [ 1.0148989, 13.5361456 ], [ 1.0135216, 13.5400769 ], [ 1.0097193, 13.5450466 ], [ 1.0082093, 13.5484898 ], [ 1.0088569, 13.5502899 ], [ 1.0063254, 13.5548293 ], [ 1.0077905, 13.5573832 ], [ 1.0078097, 13.5610905 ], [ 1.0048969, 13.5628452 ], [ 1.0039968, 13.5664235 ], [ 1.0017251, 13.5675565 ], [ 0.9980538, 13.5711232 ], [ 0.9981103, 13.5756197 ], [ 0.9965495, 13.5773122 ], [ 0.993501, 13.5777469 ], [ 0.9709878, 13.5789906 ], [ 0.9079263, 13.6168573 ], [ 0.8522987, 13.6251969 ], [ 0.8361112, 13.6194897 ], [ 0.7972787, 13.6312596 ], [ 0.7896913, 13.6541164 ], [ 0.8044686, 13.6669079 ], [ 0.769994, 13.6907797 ], [ 0.7223887, 13.6871777 ], [ 0.6442355, 13.6812644 ], [ 0.6417197, 13.6835221 ], [ 0.638559, 13.6845529 ], [ 0.6347117, 13.6885156 ], [ 0.6332009, 13.6886821 ], [ 0.6292903, 13.691608 ], [ 0.6290476, 13.6937257 ], [ 0.6204241, 13.6975663 ], [ 0.6159585, 13.7003243 ], [ 0.613782, 13.7008635 ], [ 0.6118776, 13.7030446 ], [ 0.6106692, 13.7067907 ], [ 0.6113269, 13.7110763 ], [ 0.6109267, 13.7148937 ], [ 0.6088309, 13.7164399 ], [ 0.6090575, 13.7201173 ], [ 0.60735, 13.7222516 ], [ 0.6085736, 13.7260041 ], [ 0.6071876, 13.7304989 ], [ 0.6076511, 13.7390011 ], [ 0.6072526, 13.7415017 ], [ 0.6101757, 13.7464001 ], [ 0.6097722, 13.7491238 ], [ 0.6159185, 13.7542325 ], [ 0.6177948, 13.7594095 ], [ 0.6206769, 13.7604204 ], [ 0.6233693, 13.7639158 ], [ 0.6225378, 13.7658445 ], [ 0.626111, 13.7725097 ], [ 0.6235347, 13.7740778 ], [ 0.6205679, 13.7734874 ], [ 0.6180992, 13.7774218 ], [ 0.6135604, 13.7762421 ], [ 0.6120252, 13.7773081 ], [ 0.6081618, 13.7769706 ], [ 0.6016663, 13.7784871 ], [ 0.5999527, 13.7775105 ], [ 0.5963036, 13.7807086 ], [ 0.5970451, 13.7840734 ], [ 0.5951924, 13.7864572 ], [ 0.5926797, 13.7865551 ], [ 0.5867697, 13.7898723 ], [ 0.5850202, 13.7934506 ], [ 0.5818099, 13.8039935 ], [ 0.5834344, 13.8045621 ], [ 0.5833138, 13.8084859 ], [ 0.5778103, 13.8135172 ], [ 0.5742391, 13.8186714 ], [ 0.5691863, 13.8198751 ], [ 0.5649824, 13.8247965 ], [ 0.5586847, 13.8266777 ], [ 0.5550037, 13.8313091 ], [ 0.5520518, 13.8336647 ], [ 0.5510503, 13.8365573 ], [ 0.5458494, 13.8404119 ], [ 0.5398473, 13.8431342 ], [ 0.5375888, 13.845224 ], [ 0.5354224, 13.8454542 ], [ 0.5323244, 13.8480062 ], [ 0.5308323, 13.8519102 ], [ 0.5272338, 13.8585542 ], [ 0.5258972, 13.8645658 ], [ 0.5232439, 13.8659052 ], [ 0.5179342, 13.8660953 ], [ 0.514036, 13.868394 ], [ 0.5131034, 13.8718762 ], [ 0.5109726, 13.8732515 ], [ 0.5076274, 13.8789983 ], [ 0.5032117, 13.8810578 ], [ 0.5001633, 13.8847026 ], [ 0.499128, 13.8885973 ], [ 0.4931719, 13.8932753 ], [ 0.4929863, 13.8948943 ], [ 0.4893506, 13.897602 ], [ 0.4881899, 13.9006812 ], [ 0.4845972, 13.903784 ], [ 0.4795509, 13.9054218 ], [ 0.4773171, 13.9094073 ], [ 0.4740796, 13.9118825 ], [ 0.4744185, 13.9153456 ], [ 0.4708125, 13.9196728 ], [ 0.4684338, 13.9243403 ], [ 0.4687097, 13.9272043 ], [ 0.4707402, 13.9317684 ], [ 0.4693896, 13.9334176 ], [ 0.4695722, 13.9372152 ], [ 0.4725494, 13.939302 ], [ 0.473099, 13.9422503 ], [ 0.470162, 13.9445627 ], [ 0.4686557, 13.9482676 ], [ 0.4665041, 13.9498108 ], [ 0.4648609, 13.9533243 ], [ 0.4621305, 13.9565122 ], [ 0.4586164, 13.9566629 ], [ 0.457587, 13.9579024 ], [ 0.4535854, 13.9576549 ], [ 0.4501474, 13.9547752 ], [ 0.448546, 13.9487441 ], [ 0.4439081, 13.9487447 ], [ 0.4399601, 13.9528317 ], [ 0.440067, 13.9539407 ], [ 0.444962, 13.9574441 ], [ 0.4437215, 13.9602724 ], [ 0.4444878, 13.9649355 ], [ 0.4464793, 13.967479 ], [ 0.4402486, 13.9667672 ], [ 0.4386447, 13.9692636 ], [ 0.4400298, 13.9723531 ], [ 0.4395913, 13.9748203 ], [ 0.4344328, 13.9774789 ], [ 0.4243386, 13.9796293 ], [ 0.4236426, 13.9805929 ], [ 0.4220914, 13.9885004 ], [ 0.4128457, 14.0060601 ], [ 0.4109973, 14.0295997 ], [ 0.3913559, 14.0374272 ], [ 0.3816748, 14.0450237 ], [ 0.3809663, 14.0522943 ], [ 0.3589009, 14.1004368 ], [ 0.3157664, 14.1945486 ], [ 0.2746303, 14.2843 ], [ 0.2537173, 14.3299285 ], [ 0.2143709, 14.4157752 ], [ 0.2118294, 14.421493 ], [ 0.1782496, 14.4970379 ], [ 0.1617178, 14.5342299 ], [ 0.1721213, 14.6329452 ], [ 0.2049793, 14.6936716 ], [ 0.2368761, 14.7526215 ], [ 0.1775314, 14.8469404 ], [ 0.2193585, 14.8853245 ], [ 0.244, 14.913 ], [ 0.1874697, 14.9320274 ], [ 0.1255824, 14.9528579 ], [ 0.0568768, 14.9759834 ], [ 0.0, 14.9951274 ], [ -0.0655612, 15.0171945 ], [ -0.1225065, 15.0363616 ], [ -0.1797726, 15.0556367 ], [ -0.2455556, 15.0783333 ] ] ] ] } },
{ "type": "Feature", "properties": { "region": "Sud-ouest", "id_adm": 13.0 }, "geometry": { "type": "MultiPolygon", "coordinates": [ [ [ [ -3.706125, 10.640976 ], [ -3.7075541, 10.6350794 ], [ -3.7128696, 10.627389 ], [ -3.714936, 10.620286 ], [ -3.7163401, 10.6122704 ], [ -3.7146916, 10.6062164 ], [ -3.7093492, 10.6018457 ], [ -3.7071421, 10.5957117 ], [ -3.7079077, 10.5884304 ], [ -3.713496, 10.5802784 ], [ -3.7149272, 10.5752048 ], [ -3.7138751, 10.5724545 ], [ -3.7071722, 10.5630531 ], [ -3.7052357, 10.5554333 ], [ -3.7052999, 10.5523996 ], [ -3.7076547, 10.5469437 ], [ -3.7078214, 10.5445538 ], [ -3.706821, 10.5375652 ], [ -3.7072639, 10.5357265 ], [ -3.7115536, 10.5283203 ], [ -3.7113333, 10.5251064 ], [ -3.7095518, 10.5232811 ], [ -3.7000194, 10.5193272 ], [ -3.6977565, 10.5156736 ], [ -3.6933315, 10.511301 ], [ -3.6924739, 10.5091925 ], [ -3.6931748, 10.5047731 ], [ -3.6965771, 10.5006914 ], [ -3.6985784, 10.4964399 ], [ -3.6981266, 10.489171 ], [ -3.6967866, 10.4848633 ], [ -3.6967242, 10.47925 ], [ -3.6982334, 10.4727001 ], [ -3.7126513, 10.4549952 ], [ -3.715663, 10.4491673 ], [ -3.7177434, 10.4439926 ], [ -3.7186124, 10.4378242 ], [ -3.7186503, 10.4322109 ], [ -3.7164712, 10.4196301 ], [ -3.7167041, 10.4149303 ], [ -3.7176797, 10.4106903 ], [ -3.7225127, 10.4019966 ], [ -3.7277436, 10.3948593 ], [ -3.7416506, 10.3823061 ], [ -3.7528813, 10.3716145 ], [ -3.7601655, 10.3661108 ], [ -3.7715905, 10.3564234 ], [ -3.7810044, 10.3504438 ], [ -3.7857008, 10.3456163 ], [ -3.7861309, 10.3428535 ], [ -3.7834113, 10.3392563 ], [ -3.7795932, 10.3382778 ], [ -3.7784364, 10.3370409 ], [ -3.7689278, 10.3332233 ], [ -3.7642119, 10.3260183 ], [ -3.7598591, 10.3237104 ], [ -3.7617507, 10.3200483 ], [ -3.7612798, 10.3186817 ], [ -3.7640011, 10.3083715 ], [ -3.7644129, 10.3054829 ], [ -3.763675, 10.3006401 ], [ -3.75981, 10.2962303 ], [ -3.7579141, 10.2924862 ], [ -3.7578156, 10.2873163 ], [ -3.7568889, 10.2864132 ], [ -3.7570322, 10.2824745 ], [ -3.7521684, 10.2774143 ], [ -3.7472901, 10.2735052 ], [ -3.7446814, 10.2698889 ], [ -3.7428961, 10.2693768 ], [ -3.7436442, 10.2597418 ], [ -3.7458169, 10.2524481 ], [ -3.7453802, 10.250185 ], [ -3.7426, 10.2472668 ], [ -3.7416136, 10.2447796 ], [ -3.7423604, 10.2406845 ], [ -3.7418468, 10.2371998 ], [ -3.7428598, 10.2335033 ], [ -3.7498202, 10.2276392 ], [ -3.7525814, 10.227334 ], [ -3.7548511, 10.2249203 ], [ -3.758378, 10.2238169 ], [ -3.7607596, 10.2221088 ], [ -3.7628007, 10.2166986 ], [ -3.763551, 10.2109385 ], [ -3.7658863, 10.2032194 ], [ -3.7680557, 10.1979532 ], [ -3.7832103, 10.1810589 ], [ -3.787178, 10.1778898 ], [ -3.7936933, 10.1707401 ], [ -3.7966897, 10.1641769 ], [ -3.7992182, 10.157073 ], [ -3.8006201, 10.1494188 ], [ -3.8009546, 10.1368141 ], [ -3.8017311, 10.1309175 ], [ -3.8039253, 10.1280422 ], [ -3.8080006, 10.1272631 ], [ -3.818975, 10.1282597 ], [ -3.8227091, 10.1294184 ], [ -3.8274341, 10.1288185 ], [ -3.8429487, 10.1203775 ], [ -3.8565023, 10.1108541 ], [ -3.8607552, 10.1086617 ], [ -3.8662403, 10.1085749 ], [ -3.8760502, 10.1007452 ], [ -3.8804107, 10.1006613 ], [ -3.8897386, 10.1015425 ], [ -3.8934457, 10.1002646 ], [ -3.8976057, 10.0978088 ], [ -3.9018145, 10.0962048 ], [ -3.9069941, 10.0951128 ], [ -3.9121733, 10.0965748 ], [ -3.9204881, 10.1005363 ], [ -3.9256418, 10.1049862 ], [ -3.9287169, 10.1059647 ], [ -3.9340088, 10.1056328 ], [ -3.9440105, 10.1032324 ], [ -3.9476411, 10.1035576 ], [ -3.9500601, 10.1050625 ], [ -3.9504526, 10.1073971 ], [ -3.9526, 10.1096821 ], [ -3.9555197, 10.1105614 ], [ -3.9628472, 10.1093817 ], [ -3.971669, 10.109374 ], [ -3.9750934, 10.1083317 ], [ -3.9805253, 10.1038523 ], [ -3.9844112, 10.0943346 ], [ -3.9876101, 10.0893364 ], [ -3.9966624, 10.0682688 ], [ -3.9996569, 10.0625286 ], [ -4.0019445, 10.051096 ], [ -4.0025053, 10.0400124 ], [ -4.0047083, 10.0371351 ], [ -4.000329, 10.0325308 ], [ -3.9964206, 10.0309486 ], [ -3.9902883, 10.0261955 ], [ -3.9875956, 10.0222559 ], [ -3.9843013, 10.0211334 ], [ -3.9807718, 10.0182648 ], [ -3.9766359, 10.0169096 ], [ -3.9737189, 10.0140381 ], [ -3.9701238, 10.0130892 ], [ -3.9665139, 10.0081558 ], [ -3.9657378, 10.0058851 ], [ -3.966017, 9.9998178 ], [ -3.9674249, 9.9974689 ], [ -3.9599383, 9.9893961 ], [ -3.9585853, 9.9868011 ], [ -3.951684, 9.9862957 ], [ -3.9499109, 9.9837294 ], [ -3.9459257, 9.9809332 ], [ -3.9411113, 9.9813995 ], [ -3.9363277, 9.9802361 ], [ -3.9325969, 9.9770317 ], [ -3.9295368, 9.9773388 ], [ -3.9251883, 9.9751415 ], [ -3.923445, 9.9680023 ], [ -3.9212406, 9.9673567 ], [ -3.9170771, 9.9683638 ], [ -3.9152632, 9.9644928 ], [ -3.9150946, 9.9607 ], [ -3.9132137, 9.958559 ], [ -3.9084995, 9.9561634 ], [ -3.906647, 9.951623 ], [ -3.8992124, 9.9473238 ], [ -3.8962042, 9.9414911 ], [ -3.8935795, 9.9408102 ], [ -3.8949673, 9.9378548 ], [ -3.8946502, 9.9333019 ], [ -3.8978746, 9.9303598 ], [ -3.8983474, 9.9270172 ], [ -3.9003239, 9.9252644 ], [ -3.8994398, 9.9232111 ], [ -3.9008903, 9.9173136 ], [ -3.898855, 9.9099398 ], [ -3.8993628, 9.9018328 ], [ -3.896869, 9.9033058 ], [ -3.8959234, 9.9057314 ], [ -3.8901931, 9.9039156 ], [ -3.8474292, 9.9037407 ], [ -3.8444832, 9.9022586 ], [ -3.8423618, 9.9025845 ], [ -3.8366999, 9.8995654 ], [ -3.8345794, 9.8994544 ], [ -3.8301091, 9.9025599 ], [ -3.8178458, 9.9020244 ], [ -3.8168909, 9.9014515 ], [ -3.8111663, 9.9018088 ], [ -3.80687, 9.8989352 ], [ -3.806006, 9.8969169 ], [ -3.8032562, 9.8947612 ], [ -3.8023574, 9.8980905 ], [ -3.7948528, 9.9044085 ], [ -3.7912915, 9.9086772 ], [ -3.7867389, 9.9176648 ], [ -3.7813455, 9.9239977 ], [ -3.7758867, 9.9268775 ], [ -3.7731562, 9.9257198 ], [ -3.7715932, 9.9268986 ], [ -3.7578333, 9.9291787 ], [ -3.7452741, 9.9303609 ], [ -3.7373361, 9.9316049 ], [ -3.7297018, 9.9334212 ], [ -3.7142921, 9.9359886 ], [ -3.7029183, 9.9356924 ], [ -3.6987715, 9.9352777 ], [ -3.6941823, 9.9334959 ], [ -3.6786486, 9.9288272 ], [ -3.6725816, 9.9279292 ], [ -3.6676711, 9.928406 ], [ -3.6623988, 9.9306571 ], [ -3.6578966, 9.9332636 ], [ -3.6472336, 9.9410831 ], [ -3.6443902, 9.9457038 ], [ -3.6426194, 9.953023 ], [ -3.6377523, 9.9562491 ], [ -3.6182874, 9.9584846 ], [ -3.6144672, 9.9536991 ], [ -3.6049951, 9.9408429 ], [ -3.6051298, 9.9397132 ], [ -3.5991995, 9.9345585 ], [ -3.5970479, 9.9369775 ], [ -3.5760126, 9.9376402 ], [ -3.5711623, 9.9400831 ], [ -3.5578667, 9.9390928 ], [ -3.5474703, 9.9374502 ], [ -3.5464472, 9.9364446 ], [ -3.5429087, 9.9380051 ], [ -3.5394625, 9.9378635 ], [ -3.5378517, 9.9358984 ], [ -3.5300531, 9.9347511 ], [ -3.5241076, 9.9312351 ], [ -3.507496, 9.932392 ], [ -3.499152, 9.9319875 ], [ -3.4899522, 9.9327195 ], [ -3.4815448, 9.9339008 ], [ -3.4729195, 9.9358763 ], [ -3.4704961, 9.9345466 ], [ -3.4605986, 9.932229 ], [ -3.4582955, 9.9324177 ], [ -3.4539623, 9.9297933 ], [ -3.4465535, 9.930509 ], [ -3.4426009, 9.9284195 ], [ -3.4297497, 9.9177411 ], [ -3.425996, 9.923218 ], [ -3.4236263, 9.9255346 ], [ -3.4198186, 9.9275529 ], [ -3.4138588, 9.9295702 ], [ -3.4070615, 9.9300689 ], [ -3.3966018, 9.9275888 ], [ -3.3901011, 9.926365 ], [ -3.3886362, 9.9255139 ], [ -3.3776187, 9.9232249 ], [ -3.3722792, 9.9181663 ], [ -3.3691506, 9.9121829 ], [ -3.3674665, 9.9103616 ], [ -3.3637134, 9.9085069 ], [ -3.3598634, 9.9047523 ], [ -3.352992, 9.9034423 ], [ -3.347475, 9.9015308 ], [ -3.3450534, 9.9013581 ], [ -3.3389843, 9.9050713 ], [ -3.3348593, 9.905743 ], [ -3.328106, 9.9060532 ], [ -3.3237809, 9.9080519 ], [ -3.3178288, 9.9099555 ], [ -3.3146798, 9.9116907 ], [ -3.3095431, 9.9102276 ], [ -3.3156973, 9.8841103 ], [ -3.317192, 9.8762919 ], [ -3.3176439, 9.8705659 ], [ -3.3060516, 9.866542 ], [ -3.2860904, 9.8587164 ], [ -3.2809204, 9.8558719 ], [ -3.2786821, 9.8527811 ], [ -3.2769229, 9.8488496 ], [ -3.2704468, 9.8463876 ], [ -3.2689669, 9.8504568 ], [ -3.2695118, 9.8516465 ], [ -3.2675267, 9.8557476 ], [ -3.2648232, 9.8572992 ], [ -3.2631646, 9.8611229 ], [ -3.2624582, 9.8650089 ], [ -3.2549215, 9.867668 ], [ -3.2543808, 9.8693327 ], [ -3.2515686, 9.8699534 ], [ -3.2503442, 9.8731746 ], [ -3.2472506, 9.8770192 ], [ -3.246033, 9.8772431 ], [ -3.2418162, 9.8829711 ], [ -3.2395545, 9.8848478 ], [ -3.2389596, 9.8888572 ], [ -3.2374173, 9.889821 ], [ -3.2352861, 9.8941589 ], [ -3.2357444, 9.8968435 ], [ -3.2303841, 9.8968767 ], [ -3.2261418, 9.8982058 ], [ -3.2239542, 9.8970328 ], [ -3.2210748, 9.8995611 ], [ -3.2189871, 9.8994439 ], [ -3.2178924, 9.9017285 ], [ -3.2148566, 9.9019573 ], [ -3.213932, 9.9068868 ], [ -3.2093455, 9.9085875 ], [ -3.2078288, 9.9108831 ], [ -3.2088244, 9.9157296 ], [ -3.2057716, 9.9202244 ], [ -3.2024155, 9.9221565 ], [ -3.202484, 9.9264785 ], [ -3.2011757, 9.9281733 ], [ -3.1976189, 9.9328903 ], [ -3.1929743, 9.9356387 ], [ -3.1892123, 9.9355043 ], [ -3.1880557, 9.9337874 ], [ -3.190012, 9.9307544 ], [ -3.1895325, 9.9270027 ], [ -3.1908736, 9.9254091 ], [ -3.1907502, 9.9207998 ], [ -3.1916316, 9.913573 ], [ -3.1916904, 9.9072844 ], [ -3.1901717, 9.9040501 ], [ -3.1898603, 9.9010451 ], [ -3.190538, 9.8967885 ], [ -3.1923867, 9.8912232 ], [ -3.1933208, 9.8865819 ], [ -3.1918021, 9.8778568 ], [ -3.1905122, 9.875228 ], [ -3.1902169, 9.868153 ], [ -3.1883431, 9.8619254 ], [ -3.1874937, 9.8561827 ], [ -3.1873775, 9.8500938 ], [ -3.1863247, 9.8420872 ], [ -3.1850177, 9.8389052 ], [ -3.1777868, 9.8334982 ], [ -3.17059, 9.8383131 ], [ -3.1603576, 9.8438665 ], [ -3.1587823, 9.8467895 ], [ -3.1538305, 9.8513905 ], [ -3.1443078, 9.8490729 ], [ -3.1384867, 9.8443784 ], [ -3.1317565, 9.8428395 ], [ -3.1257813, 9.8359548 ], [ -3.1034539, 9.8204783 ], [ -3.1026689, 9.8194483 ], [ -3.0918432, 9.8099473 ], [ -3.0950268, 9.7930821 ], [ -3.095166, 9.7904031 ], [ -3.0925773, 9.7724482 ], [ -3.0900325, 9.7647954 ], [ -3.0796652, 9.7536862 ], [ -3.0769764, 9.7497543 ], [ -3.0711066, 9.7397519 ], [ -3.0651503, 9.7325972 ], [ -3.0567102, 9.7254911 ], [ -3.0504349, 9.7255496 ], [ -3.047435, 9.7294557 ], [ -3.045204, 9.7308784 ], [ -3.0356215, 9.7346993 ], [ -3.0102259, 9.7402727 ], [ -3.0054425, 9.7430458 ], [ -2.9686524, 9.6503057 ], [ -2.9447439, 9.618038 ], [ -2.9435694, 9.6137353 ], [ -2.9434746, 9.6058881 ], [ -2.9428588, 9.6036624 ], [ -2.942983, 9.5984874 ], [ -2.9401746, 9.5906264 ], [ -2.9367494, 9.5866139 ], [ -2.9345961, 9.5826432 ], [ -2.9336264, 9.5789074 ], [ -2.935309, 9.5757602 ], [ -2.9264144, 9.5684091 ], [ -2.8781276, 9.5132375 ], [ -2.823874, 9.4512483 ], [ -2.8206192, 9.4521865 ], [ -2.8154015, 9.450001 ], [ -2.8127242, 9.4469762 ], [ -2.8096149, 9.4448115 ], [ -2.8042882, 9.4391879 ], [ -2.7996835, 9.4362407 ], [ -2.8007127, 9.4345236 ], [ -2.7944918, 9.4323338 ], [ -2.7851718, 9.4206401 ], [ -2.7830178, 9.4186252 ], [ -2.7777835, 9.4180399 ], [ -2.7732183, 9.4165902 ], [ -2.7695932, 9.4114969 ], [ -2.7678536, 9.4104995 ], [ -2.7613202, 9.412076 ], [ -2.7581121, 9.4115143 ], [ -2.7520124, 9.4247165 ], [ -2.7457025, 9.4283254 ], [ -2.7435812, 9.433458 ], [ -2.7329519, 9.4401057 ], [ -2.7324482, 9.4421751 ], [ -2.728187, 9.4461515 ], [ -2.7282116, 9.4491232 ], [ -2.7248283, 9.4496785 ], [ -2.687203, 9.491666 ], [ -2.6888879, 9.4940297 ], [ -2.6922191, 9.5014774 ], [ -2.6946044, 9.5048146 ], [ -2.7001215, 9.5106396 ], [ -2.7063418, 9.5141859 ], [ -2.7095135, 9.5177976 ], [ -2.7109954, 9.5209626 ], [ -2.7163664, 9.5256008 ], [ -2.7210696, 9.5275245 ], [ -2.7320392, 9.529994 ], [ -2.7450805, 9.5445911 ], [ -2.7490755, 9.5479795 ], [ -2.7542582, 9.5492008 ], [ -2.7598962, 9.5546328 ], [ -2.7627226, 9.5584041 ], [ -2.7644425, 9.5636323 ], [ -2.7685464, 9.5691761 ], [ -2.7707271, 9.5741382 ], [ -2.7710905, 9.5767759 ], [ -2.7695561, 9.579507 ], [ -2.770754, 9.5833365 ], [ -2.7705798, 9.5914388 ], [ -2.7718773, 9.5944398 ], [ -2.7720591, 9.5986689 ], [ -2.7708775, 9.6015734 ], [ -2.7671384, 9.6057645 ], [ -2.7642598, 9.6079612 ], [ -2.762473, 9.6105497 ], [ -2.763411, 9.6149838 ], [ -2.7626624, 9.6168728 ], [ -2.7542368, 9.6248807 ], [ -2.7519447, 9.6303452 ], [ -2.7475056, 9.633893 ], [ -2.7459734, 9.6375452 ], [ -2.7457171, 9.6412087 ], [ -2.7467042, 9.6440631 ], [ -2.753797, 9.6527546 ], [ -2.7560339, 9.6699682 ], [ -2.7570127, 9.6730389 ], [ -2.7563978, 9.6787742 ], [ -2.7575899, 9.6807289 ], [ -2.7608648, 9.6830724 ], [ -2.7661363, 9.683598 ], [ -2.7725874, 9.6849405 ], [ -2.7795402, 9.687851 ], [ -2.7804221, 9.6893927 ], [ -2.7838961, 9.6897188 ], [ -2.786255, 9.6939822 ], [ -2.787383, 9.6977371 ], [ -2.786688, 9.7002974 ], [ -2.7867238, 9.70962 ], [ -2.7863623, 9.711977 ], [ -2.783265, 9.7216581 ], [ -2.7829763, 9.7263827 ], [ -2.7867855, 9.7331071 ], [ -2.7899416, 9.7413973 ], [ -2.7896129, 9.7472955 ], [ -2.7852291, 9.7510478 ], [ -2.7802479, 9.754358 ], [ -2.7770689, 9.7589268 ], [ -2.7758039, 9.7651189 ], [ -2.7736336, 9.7698672 ], [ -2.7711629, 9.7712862 ], [ -2.7684139, 9.7760116 ], [ -2.7664577, 9.7841585 ], [ -2.7655005, 9.7860498 ], [ -2.7615023, 9.7905004 ], [ -2.758759, 9.7958162 ], [ -2.7587505, 9.79959 ], [ -2.7503704, 9.8076192 ], [ -2.7470168, 9.8084522 ], [ -2.7451013, 9.8101604 ], [ -2.7397897, 9.8130896 ], [ -2.73281, 9.8146051 ], [ -2.7298096, 9.8183256 ], [ -2.7271051, 9.8240631 ], [ -2.7263783, 9.8304734 ], [ -2.7268826, 9.8325914 ], [ -2.7309431, 9.8392825 ], [ -2.7393635, 9.8483408 ], [ -2.7453755, 9.8530463 ], [ -2.7498877, 9.8599262 ], [ -2.7565311, 9.8721722 ], [ -2.7615895, 9.8833981 ], [ -2.7623504, 9.8865348 ], [ -2.7620733, 9.8938799 ], [ -2.7610527, 9.8966153 ], [ -2.761376, 9.9008949 ], [ -2.7630823, 9.9035567 ], [ -2.7626641, 9.9108403 ], [ -2.7633427, 9.9147991 ], [ -2.761018, 9.9214285 ], [ -2.7592222, 9.9284106 ], [ -2.7564911, 9.9323881 ], [ -2.7507575, 9.9429321 ], [ -2.7460043, 9.9455393 ], [ -2.7446, 9.94803 ], [ -2.7428433, 9.9581692 ], [ -2.7429816, 9.9605388 ], [ -2.7446522, 9.9633329 ], [ -2.7470648, 9.9708832 ], [ -2.7497921, 9.9819589 ], [ -2.7527134, 9.9851672 ], [ -2.7605971, 9.9910211 ], [ -2.7636954, 9.9943391 ], [ -2.7668497, 9.9994154 ], [ -2.7707371, 10.0036602 ], [ -2.7753136, 10.0111217 ], [ -2.7764587, 10.0200222 ], [ -2.781834, 10.0271308 ], [ -2.7831901, 10.0368993 ], [ -2.7818335, 10.0413017 ], [ -2.7827955, 10.0452203 ], [ -2.7855687, 10.0514737 ], [ -2.7850953, 10.0529566 ], [ -2.7877166, 10.0581611 ], [ -2.7892947, 10.0660448 ], [ -2.7904497, 10.0694737 ], [ -2.7899928, 10.0752026 ], [ -2.7906439, 10.0794706 ], [ -2.7892419, 10.0829556 ], [ -2.7879801, 10.0912592 ], [ -2.7880624, 10.0947971 ], [ -2.7894654, 10.10103 ], [ -2.791654, 10.1061277 ], [ -2.7918371, 10.112886 ], [ -2.792997, 10.1165053 ], [ -2.7932192, 10.1275044 ], [ -2.7899037, 10.1326307 ], [ -2.7874138, 10.137721 ], [ -2.7871473, 10.1403018 ], [ -2.7883989, 10.1446979 ], [ -2.7888688, 10.1516545 ], [ -2.7902925, 10.1565539 ], [ -2.7898031, 10.1600289 ], [ -2.7912564, 10.1661577 ], [ -2.794368, 10.1704598 ], [ -2.7944497, 10.1755076 ], [ -2.7944911, 10.1756643 ], [ -2.7960287, 10.1786323 ], [ -2.796133, 10.181732 ], [ -2.7982573, 10.1869615 ], [ -2.7980484, 10.1916904 ], [ -2.796475, 10.1982001 ], [ -2.7930766, 10.201082 ], [ -2.7878389, 10.2069682 ], [ -2.7852845, 10.2087455 ], [ -2.7784011, 10.2118284 ], [ -2.7743468, 10.2143942 ], [ -2.7667554, 10.220903 ], [ -2.7606941, 10.2268559 ], [ -2.7578761, 10.2326767 ], [ -2.7563563, 10.244361 ], [ -2.7577235, 10.2531407 ], [ -2.7596735, 10.2589788 ], [ -2.7625809, 10.263024 ], [ -2.7667237, 10.2658174 ], [ -2.7760499, 10.2702312 ], [ -2.7812878, 10.2721212 ], [ -2.7930913, 10.2742481 ], [ -2.798467, 10.2765085 ], [ -2.8064911, 10.2805128 ], [ -2.8190104, 10.2875228 ], [ -2.8212488, 10.2895554 ], [ -2.8299328, 10.294508 ], [ -2.8321891, 10.2950985 ], [ -2.8396644, 10.3011623 ], [ -2.8427192, 10.3041806 ], [ -2.8439277, 10.3095979 ], [ -2.8488404, 10.3145396 ], [ -2.8504112, 10.3193911 ], [ -2.8501061, 10.3244343 ], [ -2.8482961, 10.3302778 ], [ -2.8454568, 10.334054 ], [ -2.8449623, 10.336801 ], [ -2.842291, 10.3437124 ], [ -2.8428182, 10.3512828 ], [ -2.8428885, 10.3584503 ], [ -2.8420132, 10.3655264 ], [ -2.8389344, 10.3715958 ], [ -2.8371509, 10.3737362 ], [ -2.8353595, 10.3808014 ], [ -2.8304824, 10.3888422 ], [ -2.8256158, 10.3932759 ], [ -2.8190821, 10.39753 ], [ -2.8123536, 10.3993389 ], [ -2.808013, 10.3996067 ], [ -2.8052639, 10.3981607 ], [ -2.8009048, 10.3976469 ], [ -2.7927067, 10.4024373 ], [ -2.7888303, 10.4035944 ], [ -2.7859202, 10.4059261 ], [ -2.7791474, 10.4090714 ], [ -2.7759431, 10.412781 ], [ -2.7751734, 10.4180111 ], [ -2.7734336, 10.4228128 ], [ -2.7759664, 10.4252145 ], [ -2.7779081, 10.4258158 ], [ -2.7915472, 10.4265607 ], [ -2.799084, 10.4293981 ], [ -2.8030703, 10.4299005 ], [ -2.8113687, 10.4321016 ], [ -2.8229121, 10.4341024 ], [ -2.8348177, 10.4376062 ], [ -2.8386622, 10.44138 ], [ -2.8516914, 10.4472787 ], [ -2.8567435, 10.449249 ], [ -2.8634469, 10.4521931 ], [ -2.86628, 10.4543143 ], [ -2.8699762, 10.4623821 ], [ -2.8728475, 10.4676533 ], [ -2.8728931, 10.4700543 ], [ -2.8711865, 10.4798678 ], [ -2.8734133, 10.4855127 ], [ -2.8745892, 10.4900422 ], [ -2.8811287, 10.5010102 ], [ -2.8875473, 10.5044791 ], [ -2.8894691, 10.5065916 ], [ -2.8900375, 10.5092829 ], [ -2.8955648, 10.5144325 ], [ -2.8994084, 10.5226767 ], [ -2.9005835, 10.5286032 ], [ -2.9004622, 10.5310589 ], [ -2.8988718, 10.5352652 ], [ -2.8984192, 10.5390128 ], [ -2.8998205, 10.5455146 ], [ -2.9028548, 10.5522384 ], [ -2.9063435, 10.5577646 ], [ -2.9111223, 10.563188 ], [ -2.9141949, 10.5730724 ], [ -2.916835, 10.577862 ], [ -2.9187425, 10.5825377 ], [ -2.9229956, 10.5880048 ], [ -2.9241139, 10.5944189 ], [ -2.9264644, 10.5985078 ], [ -2.9315276, 10.6011397 ], [ -2.9334739, 10.6033259 ], [ -2.9351403, 10.6091926 ], [ -2.9392765, 10.6111175 ], [ -2.9405472, 10.6126361 ], [ -2.9412429, 10.6171651 ], [ -2.9395712, 10.6249354 ], [ -2.9411854, 10.6284909 ], [ -2.9411687, 10.6357629 ], [ -2.9372882, 10.6439518 ], [ -2.9322517, 10.6512431 ], [ -2.9302182, 10.6532013 ], [ -2.9251448, 10.6563882 ], [ -2.9237685, 10.6585638 ], [ -2.9217368, 10.6589371 ], [ -2.917879, 10.6618929 ], [ -2.9125929, 10.6683744 ], [ -2.9108037, 10.6720137 ], [ -2.911569, 10.676988 ], [ -2.909935, 10.6784031 ], [ -2.9059353, 10.6847315 ], [ -2.9065033, 10.6912677 ], [ -2.9088777, 10.6949677 ], [ -2.9106119, 10.6992596 ], [ -2.9171751, 10.7022422 ], [ -2.9224239, 10.7036331 ], [ -2.9305185, 10.7041519 ], [ -2.9398872, 10.7090071 ], [ -2.9403341, 10.7102352 ], [ -2.9393468, 10.7170049 ], [ -2.9368165, 10.7237462 ], [ -2.9249483, 10.7319404 ], [ -2.9197072, 10.7352339 ], [ -2.9141338, 10.7411508 ], [ -2.9099435, 10.7462627 ], [ -2.9073703, 10.748624 ], [ -2.9033512, 10.7540508 ], [ -2.899429, 10.7580853 ], [ -2.898308, 10.7619257 ], [ -2.8952066, 10.7646143 ], [ -2.8943873, 10.7678493 ], [ -2.8945494, 10.773382 ], [ -2.8918665, 10.7762383 ], [ -2.8924329, 10.7795442 ], [ -2.8864264, 10.7925254 ], [ -2.8838115, 10.7974331 ], [ -2.883028, 10.8005216 ], [ -2.8810937, 10.8034987 ], [ -2.880216, 10.8073732 ], [ -2.8797287, 10.8140532 ], [ -2.8803658, 10.8200895 ], [ -2.87968, 10.8234015 ], [ -2.8802276, 10.8276762 ], [ -2.879288, 10.8318578 ], [ -2.8770379, 10.8363783 ], [ -2.872435, 10.8432943 ], [ -2.8686696, 10.847116 ], [ -2.8669085, 10.8501167 ], [ -2.8639416, 10.8575017 ], [ -2.8635387, 10.86454 ], [ -2.8643661, 10.868689 ], [ -2.8668515, 10.8727911 ], [ -2.8660706, 10.8796978 ], [ -2.8662652, 10.8832902 ], [ -2.8639872, 10.8877171 ], [ -2.859828, 10.8908757 ], [ -2.8551829, 10.8916079 ], [ -2.8521933, 10.8907279 ], [ -2.840822, 10.8918002 ], [ -2.837252, 10.8937533 ], [ -2.834102, 10.8973406 ], [ -2.8314616, 10.9029899 ], [ -2.8284999, 10.9080648 ], [ -2.8245266, 10.9127958 ], [ -2.8231565, 10.9154007 ], [ -2.819159, 10.92035 ], [ -2.8173839, 10.9257691 ], [ -2.8173304, 10.9305066 ], [ -2.8180127, 10.938307 ], [ -2.8226109, 10.9472796 ], [ -2.829023, 10.9539598 ], [ -2.8335146, 10.9563842 ], [ -2.8385532, 10.9610848 ], [ -2.8408714, 10.9674949 ], [ -2.8408026, 10.9712495 ], [ -2.8384038, 10.9788441 ], [ -2.8361351, 10.9891309 ], [ -2.8335651, 11.0070866 ], [ -2.7680158, 11.0080385 ], [ -2.758982, 11.0081697 ], [ -2.7589866, 11.0036463 ], [ -2.7178484, 11.0028495 ], [ -2.7159367, 11.0072651 ], [ -2.711231, 11.0142231 ], [ -2.7030501, 11.0193577 ], [ -2.6961625, 11.0228186 ], [ -2.6920714, 11.0262632 ], [ -2.6879156, 11.0317373 ], [ -2.6840522, 11.0388765 ], [ -2.683327, 11.0411854 ], [ -2.6827092, 11.0507727 ], [ -2.6802509, 11.0524635 ], [ -2.6760318, 11.0531559 ], [ -2.6721337, 11.0546455 ], [ -2.6603401, 11.0539074 ], [ -2.6506097, 11.0536156 ], [ -2.6462998, 11.0526323 ], [ -2.6372213, 11.0514078 ], [ -2.6296546, 11.052475 ], [ -2.6259303, 11.0543537 ], [ -2.6239021, 11.0569496 ], [ -2.6197784, 11.0671215 ], [ -2.6174829, 11.0717545 ], [ -2.6134684, 11.0831308 ], [ -2.6108735, 11.0970802 ], [ -2.6106322, 11.1017876 ], [ -2.6093149, 11.1111126 ], [ -2.6095414, 11.1156311 ], [ -2.6115472, 11.1207857 ], [ -2.6158922, 11.1257353 ], [ -2.6197522, 11.1292076 ], [ -2.6278408, 11.1334829 ], [ -2.6310325, 11.1347456 ], [ -2.6443846, 11.1436901 ], [ -2.6507025, 11.149457 ], [ -2.655333, 11.1544876 ], [ -2.6588445, 11.1596346 ], [ -2.6627405, 11.1668921 ], [ -2.6651063, 11.1697283 ], [ -2.6769657, 11.1784983 ], [ -2.688669, 11.1896572 ], [ -2.6956494, 11.1958761 ], [ -2.7017591, 11.199523 ], [ -2.7080438, 11.2012224 ], [ -2.7135675, 11.2021065 ], [ -2.7192748, 11.202157 ], [ -2.7280653, 11.2010708 ], [ -2.7342134, 11.1982517 ], [ -2.7371776, 11.1953745 ], [ -2.7388299, 11.1915731 ], [ -2.7383997, 11.1854887 ], [ -2.7362726, 11.177392 ], [ -2.734246, 11.1712236 ], [ -2.7321839, 11.1604471 ], [ -2.7347808, 11.1578503 ], [ -2.7401848, 11.1556826 ], [ -2.7554789, 11.1503086 ], [ -2.766855, 11.1458817 ], [ -2.7747724, 11.1424932 ], [ -2.781671, 11.1402264 ], [ -2.7897348, 11.1370182 ], [ -2.7903218, 11.1394634 ], [ -2.7907898, 11.1484909 ], [ -2.7929001, 11.155899 ], [ -2.794368, 11.1626635 ], [ -2.7968268, 11.1677542 ], [ -2.7978821, 11.1749258 ], [ -2.7978272, 11.1819248 ], [ -2.7994699, 11.1916513 ], [ -2.8023973, 11.2005625 ], [ -2.8025808, 11.2033968 ], [ -2.8009942, 11.220808 ], [ -2.8040411, 11.2311049 ], [ -2.8057482, 11.2344561 ], [ -2.8094232, 11.2381239 ], [ -2.8133655, 11.2407722 ], [ -2.8195233, 11.2426777 ], [ -2.8277276, 11.2428007 ], [ -2.8307745, 11.2433825 ], [ -2.8377306, 11.2435951 ], [ -2.8402817, 11.2426462 ], [ -2.8454208, 11.2430296 ], [ -2.851083, 11.2426882 ], [ -2.8565712, 11.2439775 ], [ -2.8671248, 11.2432308 ], [ -2.8728702, 11.2453709 ], [ -2.8769264, 11.2455721 ], [ -2.8820114, 11.2481546 ], [ -2.8844168, 11.2509899 ], [ -2.8847761, 11.2550373 ], [ -2.8839519, 11.2609406 ], [ -2.8805575, 11.2654486 ], [ -2.8710053, 11.2716913 ], [ -2.8662522, 11.2761707 ], [ -2.858289, 11.2906628 ], [ -2.85324, 11.296216 ], [ -2.8566568, 11.2977333 ], [ -2.8591163, 11.2957706 ], [ -2.8641555, 11.2964697 ], [ -2.8706088, 11.2991266 ], [ -2.8779974, 11.2979803 ], [ -2.8831561, 11.2985621 ], [ -2.8862038, 11.2996044 ], [ -2.8929701, 11.3032837 ], [ -2.8970273, 11.3040094 ], [ -2.900562, 11.3063746 ], [ -2.9081631, 11.3083057 ], [ -2.9131024, 11.3105354 ], [ -2.9169409, 11.3139591 ], [ -2.9183455, 11.3140678 ], [ -2.9235055, 11.3170853 ], [ -2.928298, 11.3186798 ], [ -2.9315486, 11.3211708 ], [ -2.9330184, 11.3234167 ], [ -2.9359472, 11.3242598 ], [ -2.9400504, 11.3240252 ], [ -2.9476538, 11.3287992 ], [ -2.9500866, 11.3291979 ], [ -2.9533193, 11.3318787 ], [ -2.9785156, 11.3422689 ], [ -2.9862196, 11.3451586 ], [ -2.9938424, 11.3493328 ], [ -3.0007412, 11.355545 ], [ -3.0054753, 11.3570538 ], [ -3.0106306, 11.3596563 ], [ -3.0241544, 11.3618574 ], [ -3.0282054, 11.3630629 ], [ -3.0351689, 11.3629198 ], [ -3.0454986, 11.3586712 ], [ -3.0514867, 11.3540907 ], [ -3.0595729, 11.3458929 ], [ -3.0641305, 11.3436909 ], [ -3.0737658, 11.3427973 ], [ -3.077044, 11.3421469 ], [ -3.086581, 11.3416214 ], [ -3.0942907, 11.3415794 ], [ -3.1041496, 11.3375063 ], [ -3.1078489, 11.3367701 ], [ -3.1121354, 11.3337326 ], [ -3.1155593, 11.3325777 ], [ -3.1193798, 11.3335009 ], [ -3.121274, 11.3353691 ], [ -3.1221611, 11.3394375 ], [ -3.127032, 11.3465061 ], [ -3.137742, 11.3577976 ], [ -3.1492712, 11.3669767 ], [ -3.158551, 11.3604059 ], [ -3.1667786, 11.3559418 ], [ -3.1734271, 11.3547325 ], [ -3.1769216, 11.3555593 ], [ -3.1824813, 11.3556261 ], [ -3.1926119, 11.3563499 ], [ -3.2004762, 11.3550625 ], [ -3.2133362, 11.3498697 ], [ -3.2182102, 11.3485451 ], [ -3.2253101, 11.3445272 ], [ -3.2289526, 11.3405132 ], [ -3.2329185, 11.3326311 ], [ -3.2373393, 11.3258142 ], [ -3.2453866, 11.3121233 ], [ -3.2489836, 11.30373 ], [ -3.2514625, 11.2992401 ], [ -3.2585778, 11.2894583 ], [ -3.2854245, 11.2665205 ], [ -3.291163, 11.2597351 ], [ -3.2927649, 11.254221 ], [ -3.2959921, 11.2479496 ], [ -3.2953861, 11.2354059 ], [ -3.2923264, 11.2276945 ], [ -3.2903254, 11.2251835 ], [ -3.2923963, 11.2197571 ], [ -3.2920864, 11.2145929 ], [ -3.2945833, 11.2063932 ], [ -3.2943442, 11.2006083 ], [ -3.2970181, 11.2024479 ], [ -3.3026297, 11.2026033 ], [ -3.3061054, 11.2037096 ], [ -3.3085103, 11.2019701 ], [ -3.3089166, 11.1978579 ], [ -3.3131833, 11.1955862 ], [ -3.3139594, 11.1911926 ], [ -3.319113, 11.1920004 ], [ -3.3228848, 11.1941633 ], [ -3.3246889, 11.1991701 ], [ -3.3276429, 11.1997757 ], [ -3.3283744, 11.2017965 ], [ -3.3276329, 11.208497 ], [ -3.3308418, 11.2073927 ], [ -3.3326459, 11.2092609 ], [ -3.3325431, 11.2117538 ], [ -3.3394659, 11.2134924 ], [ -3.3411043, 11.2167463 ], [ -3.3443198, 11.2191496 ], [ -3.3483634, 11.2206182 ], [ -3.3525681, 11.2203312 ], [ -3.3561945, 11.2188988 ], [ -3.3587701, 11.2160034 ], [ -3.3602607, 11.2124767 ], [ -3.3636827, 11.2067556 ], [ -3.369854, 11.2003984 ], [ -3.3789577, 11.1931705 ], [ -3.3844283, 11.1900053 ], [ -3.3881667, 11.1867256 ], [ -3.3953178, 11.1834002 ], [ -3.3989058, 11.1825676 ], [ -3.408299, 11.1791182 ], [ -3.4115756, 11.1770868 ], [ -3.4166501, 11.1785278 ], [ -3.4245286, 11.1797247 ], [ -3.4344254, 11.1799297 ], [ -3.4433792, 11.1804476 ], [ -3.4436727, 11.1761742 ], [ -3.4458973, 11.1693659 ], [ -3.4489191, 11.1636562 ], [ -3.4522076, 11.1582127 ], [ -3.4576991, 11.1513109 ], [ -3.4614527, 11.1495504 ], [ -3.4707825, 11.1490002 ], [ -3.4760175, 11.1493387 ], [ -3.4885311, 11.1607695 ], [ -3.4904904, 11.1606493 ], [ -3.4937208, 11.1582975 ], [ -3.4974127, 11.1571074 ], [ -3.500643, 11.1570339 ], [ -3.505347, 11.1487055 ], [ -3.5049055, 11.1429272 ], [ -3.5025804, 11.1406994 ], [ -3.5024102, 11.1357927 ], [ -3.507091, 11.1320782 ], [ -3.5070336, 11.1283855 ], [ -3.512893, 11.1234589 ], [ -3.5178463, 11.1143894 ], [ -3.5189481, 11.1111994 ], [ -3.5294082, 11.1038504 ], [ -3.5456376, 11.0857515 ], [ -3.5468528, 11.085062 ], [ -3.5508044, 11.0800648 ], [ -3.5501337, 11.0784006 ], [ -3.5514038, 11.074398 ], [ -3.552289, 11.0652952 ], [ -3.5545666, 11.0631781 ], [ -3.5572608, 11.0635633 ], [ -3.5585167, 11.0721283 ], [ -3.5602913, 11.0750561 ], [ -3.5645292, 11.0801191 ], [ -3.5637572, 11.0815134 ], [ -3.5597038, 11.082263 ], [ -3.5567546, 11.0848894 ], [ -3.5595105, 11.0878038 ], [ -3.5633929, 11.0880718 ], [ -3.5665331, 11.0857201 ], [ -3.5697434, 11.0848436 ], [ -3.5723546, 11.0815296 ], [ -3.5802586, 11.0731106 ], [ -3.5821812, 11.0676384 ], [ -3.5797079, 11.0648584 ], [ -3.5770767, 11.0639277 ], [ -3.5749824, 11.0585117 ], [ -3.5782297, 11.0570345 ], [ -3.5799763, 11.0581636 ], [ -3.586906, 11.0561733 ], [ -3.590616, 11.0573664 ], [ -3.5934608, 11.0570478 ], [ -3.5982988, 11.0539637 ], [ -3.5989792, 11.051795 ], [ -3.597753, 11.0478039 ], [ -3.5996337, 11.0456076 ], [ -3.6070828, 11.0410242 ], [ -3.6066821, 11.0393229 ], [ -3.6013567, 11.0334473 ], [ -3.600002, 11.0334663 ], [ -3.5952864, 11.0365801 ], [ -3.5934181, 11.0366058 ], [ -3.5909944, 11.0399179 ], [ -3.5886204, 11.0404587 ], [ -3.5850585, 11.0308657 ], [ -3.5835261, 11.0284872 ], [ -3.5836184, 11.0224876 ], [ -3.5878899, 11.0208111 ], [ -3.5884209, 11.0189571 ], [ -3.5911784, 11.0172815 ], [ -3.5924954, 11.0136852 ], [ -3.5920606, 11.0098152 ], [ -3.5932727, 11.0067062 ], [ -3.5982053, 11.0040045 ], [ -3.6012027, 11.0030394 ], [ -3.603102, 10.9967489 ], [ -3.6083157, 10.9955254 ], [ -3.6114645, 10.9969587 ], [ -3.6119914, 10.991888 ], [ -3.6106031, 10.9904871 ], [ -3.6055279, 10.9853811 ], [ -3.607204, 10.9814396 ], [ -3.606904, 10.9757719 ], [ -3.6093993, 10.9729509 ], [ -3.6128585, 10.9740038 ], [ -3.6165514, 10.9765768 ], [ -3.6189907, 10.9734669 ], [ -3.6201971, 10.9655781 ], [ -3.6195736, 10.9623289 ], [ -3.6215639, 10.9593639 ], [ -3.6203747, 10.9570398 ], [ -3.6230111, 10.9556494 ], [ -3.629534, 10.9573021 ], [ -3.6327007, 10.9554672 ], [ -3.6395011, 10.9547653 ], [ -3.6406248, 10.9566097 ], [ -3.6394193, 10.9613934 ], [ -3.6417882, 10.9627008 ], [ -3.6472857, 10.9615946 ], [ -3.6510673, 10.9662495 ], [ -3.6532629, 10.9614916 ], [ -3.6536803, 10.9568996 ], [ -3.6518514, 10.9521503 ], [ -3.6518385, 10.9477587 ], [ -3.6537199, 10.9453106 ], [ -3.6564836, 10.9436474 ], [ -3.6613572, 10.9393911 ], [ -3.6627264, 10.9373512 ], [ -3.6590822, 10.935729 ], [ -3.6590405, 10.9308853 ], [ -3.6616766, 10.929512 ], [ -3.660007, 10.9260025 ], [ -3.6605804, 10.9245443 ], [ -3.6645751, 10.9239016 ], [ -3.6674991, 10.9269285 ], [ -3.6698129, 10.9251947 ], [ -3.6697009, 10.9182777 ], [ -3.6690555, 10.9170113 ], [ -3.6643877, 10.913146 ], [ -3.6636038, 10.9084482 ], [ -3.6607752, 10.909668 ], [ -3.6585546, 10.9120169 ], [ -3.6576529, 10.917098 ], [ -3.6555853, 10.9185419 ], [ -3.6533356, 10.9171162 ], [ -3.6560974, 10.9117956 ], [ -3.655695, 10.9058123 ], [ -3.6537681, 10.9019499 ], [ -3.6557591, 10.8995285 ], [ -3.6547472, 10.8950577 ], [ -3.6499009, 10.8895712 ], [ -3.6513491, 10.8863544 ], [ -3.6545618, 10.8849077 ], [ -3.6585107, 10.8844023 ], [ -3.6607761, 10.8849678 ], [ -3.6650228, 10.8891058 ], [ -3.6687198, 10.8902569 ], [ -3.6755815, 10.8891191 ], [ -3.6758595, 10.8839674 ], [ -3.6768637, 10.8795738 ], [ -3.6780865, 10.8778143 ], [ -3.6806171, 10.878108 ], [ -3.6849978, 10.8811312 ], [ -3.6866999, 10.8832464 ], [ -3.6859486, 10.8894596 ], [ -3.6889741, 10.8928118 ], [ -3.6910572, 10.8936043 ], [ -3.6946573, 10.8929443 ], [ -3.6978528, 10.8889084 ], [ -3.7022822, 10.8777342 ], [ -3.7035394, 10.8722181 ], [ -3.7057178, 10.8713522 ], [ -3.7063041, 10.8741941 ], [ -3.709687, 10.8775187 ], [ -3.713028, 10.8820477 ], [ -3.7181098, 10.8864269 ], [ -3.7196059, 10.8870754 ], [ -3.7247708, 10.8857327 ], [ -3.7264218, 10.8831577 ], [ -3.7234945, 10.8790808 ], [ -3.720428, 10.8774128 ], [ -3.7208683, 10.8716621 ], [ -3.7239172, 10.8677626 ], [ -3.7282364, 10.865634 ], [ -3.7317667, 10.8662777 ], [ -3.7351539, 10.8679895 ], [ -3.7393882, 10.8651915 ], [ -3.7356296, 10.8618956 ], [ -3.7355855, 10.8595238 ], [ -3.7330024, 10.8570843 ], [ -3.7279396, 10.8557653 ], [ -3.7235997, 10.8511763 ], [ -3.7213006, 10.8457127 ], [ -3.7172482, 10.8421545 ], [ -3.7181447, 10.8386307 ], [ -3.7147605, 10.8348169 ], [ -3.7142642, 10.8313322 ], [ -3.7155011, 10.8224297 ], [ -3.7079287, 10.8153114 ], [ -3.7067783, 10.8106966 ], [ -3.7052698, 10.8087988 ], [ -3.7013049, 10.8066797 ], [ -3.6950037, 10.7985353 ], [ -3.6927359, 10.8000793 ], [ -3.6903872, 10.799016 ], [ -3.6901317, 10.7932673 ], [ -3.6915622, 10.7905931 ], [ -3.6898139, 10.785038 ], [ -3.6878302, 10.7835569 ], [ -3.6820028, 10.7742262 ], [ -3.6811187, 10.769619 ], [ -3.6789768, 10.764019 ], [ -3.6812754, 10.7637157 ], [ -3.6843324, 10.7596159 ], [ -3.6861696, 10.7582455 ], [ -3.6909218, 10.7573299 ], [ -3.6977088, 10.7567625 ], [ -3.7004056, 10.7578526 ], [ -3.7077272, 10.7554369 ], [ -3.7151933, 10.7493172 ], [ -3.7186468, 10.7492371 ], [ -3.7233915, 10.7460489 ], [ -3.7342825, 10.7484407 ], [ -3.7382765, 10.7513113 ], [ -3.7403438, 10.7503376 ], [ -3.7451522, 10.7499733 ], [ -3.754982, 10.7470255 ], [ -3.7591662, 10.7463369 ], [ -3.7665243, 10.7469072 ], [ -3.7692413, 10.7485313 ], [ -3.7796926, 10.7509136 ], [ -3.7826571, 10.7497749 ], [ -3.7855148, 10.7468071 ], [ -3.792259, 10.7335806 ], [ -3.7956395, 10.7281218 ], [ -3.7966368, 10.7250767 ], [ -3.7959359, 10.7208509 ], [ -3.7908771, 10.7091293 ], [ -3.7875752, 10.7050171 ], [ -3.7829742, 10.7013893 ], [ -3.7735214, 10.6956902 ], [ -3.762969, 10.6926641 ], [ -3.756638, 10.6920815 ], [ -3.7461381, 10.6939344 ], [ -3.7411335, 10.6956482 ], [ -3.7297864, 10.6962175 ], [ -3.7221074, 10.692152 ], [ -3.7185209, 10.6874971 ], [ -3.7156725, 10.6815453 ], [ -3.7161694, 10.676302 ], [ -3.7184274, 10.6690083 ], [ -3.7170513, 10.6622114 ], [ -3.7133493, 10.6556282 ], [ -3.7096834, 10.6517067 ], [ -3.7083573, 10.6493282 ], [ -3.706125, 10.640976 ] ] ] ] } }
]
}
